16:40:07  INFO      ╔══════════════════════════════════════════════╗
16:40:07  INFO      ║  ETL Plateforme BI Télécom — démarrage       ║
16:40:07  INFO      ╚══════════════════════════════════════════════╝
16:40:07  INFO      ━━━ EXTRACT ━━━━━━━━━━━━━━━━━━━━━━━━━━━━━━━━
16:40:07  INFO        Extrait  : secteurs.csv — 10 lignes
16:40:07  INFO        Extrait  : equipements.csv — 120 lignes
16:40:07  INFO        Extrait  : techniciens.csv — 30 lignes
16:40:07  INFO        Extrait  : incidents.csv — 300 lignes
16:40:07  INFO        Extrait  : tickets.csv — 258 lignes
16:40:07  INFO      ━━━ TRANSFORM ━━━━━━━━━━━━━━━━━━━━━━━━━━━━━━
16:40:07  INFO        Secteurs transformés    : 10
16:40:07  INFO        Équipements transformés : 120
16:40:07  INFO        Techniciens transformés : 30
16:40:07  INFO        Dim_temps générée       : 176 jours
16:40:07  INFO        Incidents transformés   : 300 (erreurs: 0)
16:40:07  INFO        Tickets transformés     : 258
16:40:07  INFO        Qualité incidents       : 95 sans durée résolution
16:40:07  INFO        Incidents critiques     : 101 / 300
16:40:07  INFO        Taux résolution         : 68%
16:40:07  INFO      ━━━ LOAD ━━━━━━━━━━━━━━━━━━━━━━━━━━━━━━━━━━━
16:40:07  INFO        Chargé (SQL) : dim_secteur — 10 lignes
16:40:07  INFO        Chargé (SQL) : dim_equipement — 120 lignes
16:40:07  INFO        Chargé (SQL) : dim_technicien — 30 lignes
16:40:07  INFO        Chargé (SQL) : dim_temps — 176 lignes
16:40:07  INFO        Chargé (SQL) : fact_incidents — 300 lignes
16:40:08  INFO        Chargé (SQL) : fact_tickets — 258 lignes
16:40:08  INFO        Fichier SQL  : data\dwh_inserts.sql (149 Ko)
16:40:08  INFO      ━━━ RAPPORT ETL ━━━━━━━━━━━━━━━━━━━━━━━━━━━━
16:40:08  INFO        MTTR moyen              : 193 min (3.2h)
16:40:08  INFO        Délai assignation moy.  : 8 min
16:40:08  INFO        Note intervention moy.  : 4.0 / 5
16:40:08  INFO        Sévérité incidents      : {'MINEUR': 131, 'CRITIQUE': 101, 'MAJEUR': 68}
16:40:08  INFO        Incidents par réseau    : {'RF': 38, 'IP': 70, '3G': 53, 'Fibre': 33, '2G': 34, '5G': 44, '4G': 28}
16:40:08  INFO        Heure pic incidents     : 18h (17 incidents)
16:40:08  INFO        Rapport JSON : data\rapport_etl.json
16:40:08  INFO      ━━━ TERMINÉ en 0.05s ━━━━━━━━━━━━━━━━━━━━━━━━
16:52:50  INFO      ╔══════════════════════════════════════════════╗
16:52:50  INFO      ║  ETL Plateforme BI Télécom — démarrage       ║
16:52:50  INFO      ╚══════════════════════════════════════════════╝
16:52:50  INFO      ━━━ EXTRACT ━━━━━━━━━━━━━━━━━━━━━━━━━━━━━━━━
16:52:50  INFO        Extrait  : secteurs.csv — 10 lignes
16:52:50  INFO        Extrait  : equipements.csv — 120 lignes
16:52:50  INFO        Extrait  : techniciens.csv — 30 lignes
16:52:50  INFO        Extrait  : incidents.csv — 300 lignes
16:52:50  INFO        Extrait  : tickets.csv — 276 lignes
16:52:50  INFO      ━━━ TRANSFORM ━━━━━━━━━━━━━━━━━━━━━━━━━━━━━━
16:52:50  INFO        Secteurs transformés    : 10
16:52:50  INFO        Équipements transformés : 120
16:52:50  INFO        Techniciens transformés : 30
16:52:50  INFO        Dim_temps générée       : 177 jours
16:52:50  WARNING     [INC-1] ignoré : 'code'
16:52:50  WARNING     [INC-2] ignoré : 'code'
16:52:50  WARNING     [INC-3] ignoré : 'code'
16:52:50  WARNING     [INC-4] ignoré : 'code'
16:52:50  WARNING     [INC-5] ignoré : 'code'
16:52:50  WARNING     [INC-6] ignoré : 'code'
16:52:50  WARNING     [INC-7] ignoré : 'code'
16:52:50  WARNING     [INC-8] ignoré : 'code'
16:52:50  WARNING     [INC-9] ignoré : 'code'
16:52:50  WARNING     [INC-10] ignoré : 'code'
16:52:50  WARNING     [INC-11] ignoré : 'code'
16:52:50  WARNING     [INC-12] ignoré : 'code'
16:52:50  WARNING     [INC-13] ignoré : 'code'
16:52:50  WARNING     [INC-14] ignoré : 'code'
16:52:50  WARNING     [INC-15] ignoré : 'code'
16:52:50  WARNING     [INC-16] ignoré : 'code'
16:52:50  WARNING     [INC-17] ignoré : 'code'
16:52:50  WARNING     [INC-18] ignoré : 'code'
16:52:50  WARNING     [INC-19] ignoré : 'code'
16:52:50  WARNING     [INC-20] ignoré : 'code'
16:52:50  WARNING     [INC-21] ignoré : 'code'
16:52:50  WARNING     [INC-22] ignoré : 'code'
16:52:50  WARNING     [INC-23] ignoré : 'code'
16:52:50  WARNING     [INC-24] ignoré : 'code'
16:52:50  WARNING     [INC-25] ignoré : 'code'
16:52:50  WARNING     [INC-26] ignoré : 'code'
16:52:50  WARNING     [INC-27] ignoré : 'code'
16:52:50  WARNING     [INC-28] ignoré : 'code'
16:52:50  WARNING     [INC-29] ignoré : 'code'
16:52:50  WARNING     [INC-30] ignoré : 'code'
16:52:50  WARNING     [INC-31] ignoré : 'code'
16:52:50  WARNING     [INC-32] ignoré : 'code'
16:52:50  WARNING     [INC-33] ignoré : 'code'
16:52:50  WARNING     [INC-34] ignoré : 'code'
16:52:50  WARNING     [INC-35] ignoré : 'code'
16:52:50  WARNING     [INC-36] ignoré : 'code'
16:52:50  WARNING     [INC-37] ignoré : 'code'
16:52:50  WARNING     [INC-38] ignoré : 'code'
16:52:50  WARNING     [INC-39] ignoré : 'code'
16:52:50  WARNING     [INC-40] ignoré : 'code'
16:52:50  WARNING     [INC-41] ignoré : 'code'
16:52:50  WARNING     [INC-42] ignoré : 'code'
16:52:50  WARNING     [INC-43] ignoré : 'code'
16:52:50  WARNING     [INC-44] ignoré : 'code'
16:52:50  WARNING     [INC-45] ignoré : 'code'
16:52:50  WARNING     [INC-46] ignoré : 'code'
16:52:50  WARNING     [INC-47] ignoré : 'code'
16:52:50  WARNING     [INC-48] ignoré : 'code'
16:52:50  WARNING     [INC-49] ignoré : 'code'
16:52:50  WARNING     [INC-50] ignoré : 'code'
16:52:50  WARNING     [INC-51] ignoré : 'code'
16:52:50  WARNING     [INC-52] ignoré : 'code'
16:52:50  WARNING     [INC-53] ignoré : 'code'
16:52:50  WARNING     [INC-54] ignoré : 'code'
16:52:50  WARNING     [INC-55] ignoré : 'code'
16:52:50  WARNING     [INC-56] ignoré : 'code'
16:52:50  WARNING     [INC-57] ignoré : 'code'
16:52:50  WARNING     [INC-58] ignoré : 'code'
16:52:50  WARNING     [INC-59] ignoré : 'code'
16:52:50  WARNING     [INC-60] ignoré : 'code'
16:52:50  WARNING     [INC-61] ignoré : 'code'
16:52:50  WARNING     [INC-62] ignoré : 'code'
16:52:50  WARNING     [INC-63] ignoré : 'code'
16:52:50  WARNING     [INC-64] ignoré : 'code'
16:52:50  WARNING     [INC-65] ignoré : 'code'
16:52:50  WARNING     [INC-66] ignoré : 'code'
16:52:50  WARNING     [INC-67] ignoré : 'code'
16:52:50  WARNING     [INC-68] ignoré : 'code'
16:52:50  WARNING     [INC-69] ignoré : 'code'
16:52:50  WARNING     [INC-70] ignoré : 'code'
16:52:50  WARNING     [INC-71] ignoré : 'code'
16:52:50  WARNING     [INC-72] ignoré : 'code'
16:52:50  WARNING     [INC-73] ignoré : 'code'
16:52:50  WARNING     [INC-74] ignoré : 'code'
16:52:50  WARNING     [INC-75] ignoré : 'code'
16:52:50  WARNING     [INC-76] ignoré : 'code'
16:52:50  WARNING     [INC-77] ignoré : 'code'
16:52:50  WARNING     [INC-78] ignoré : 'code'
16:52:50  WARNING     [INC-79] ignoré : 'code'
16:52:50  WARNING     [INC-80] ignoré : 'code'
16:52:50  WARNING     [INC-81] ignoré : 'code'
16:52:50  WARNING     [INC-82] ignoré : 'code'
16:52:50  WARNING     [INC-83] ignoré : 'code'
16:52:50  WARNING     [INC-84] ignoré : 'code'
16:52:50  WARNING     [INC-85] ignoré : 'code'
16:52:50  WARNING     [INC-86] ignoré : 'code'
16:52:50  WARNING     [INC-87] ignoré : 'code'
16:52:50  WARNING     [INC-88] ignoré : 'code'
16:52:50  WARNING     [INC-89] ignoré : 'code'
16:52:50  WARNING     [INC-90] ignoré : 'code'
16:52:50  WARNING     [INC-91] ignoré : 'code'
16:52:50  WARNING     [INC-92] ignoré : 'code'
16:52:50  WARNING     [INC-93] ignoré : 'code'
16:52:50  WARNING     [INC-94] ignoré : 'code'
16:52:50  WARNING     [INC-95] ignoré : 'code'
16:52:50  WARNING     [INC-96] ignoré : 'code'
16:52:50  WARNING     [INC-97] ignoré : 'code'
16:52:50  WARNING     [INC-98] ignoré : 'code'
16:52:50  WARNING     [INC-99] ignoré : 'code'
16:52:50  WARNING     [INC-100] ignoré : 'code'
16:52:50  WARNING     [INC-101] ignoré : 'code'
16:52:50  WARNING     [INC-102] ignoré : 'code'
16:52:50  WARNING     [INC-103] ignoré : 'code'
16:52:50  WARNING     [INC-104] ignoré : 'code'
16:52:50  WARNING     [INC-105] ignoré : 'code'
16:52:50  WARNING     [INC-106] ignoré : 'code'
16:52:50  WARNING     [INC-107] ignoré : 'code'
16:52:50  WARNING     [INC-108] ignoré : 'code'
16:52:50  WARNING     [INC-109] ignoré : 'code'
16:52:50  WARNING     [INC-110] ignoré : 'code'
16:52:50  WARNING     [INC-111] ignoré : 'code'
16:52:50  WARNING     [INC-112] ignoré : 'code'
16:52:50  WARNING     [INC-113] ignoré : 'code'
16:52:50  WARNING     [INC-114] ignoré : 'code'
16:52:50  WARNING     [INC-115] ignoré : 'code'
16:52:50  WARNING     [INC-116] ignoré : 'code'
16:52:50  WARNING     [INC-117] ignoré : 'code'
16:52:50  WARNING     [INC-118] ignoré : 'code'
16:52:50  WARNING     [INC-119] ignoré : 'code'
16:52:50  WARNING     [INC-120] ignoré : 'code'
16:52:50  WARNING     [INC-121] ignoré : 'code'
16:52:50  WARNING     [INC-122] ignoré : 'code'
16:52:50  WARNING     [INC-123] ignoré : 'code'
16:52:50  WARNING     [INC-124] ignoré : 'code'
16:52:50  WARNING     [INC-125] ignoré : 'code'
16:52:50  WARNING     [INC-126] ignoré : 'code'
16:52:50  WARNING     [INC-127] ignoré : 'code'
16:52:50  WARNING     [INC-128] ignoré : 'code'
16:52:50  WARNING     [INC-129] ignoré : 'code'
16:52:50  WARNING     [INC-130] ignoré : 'code'
16:52:50  WARNING     [INC-131] ignoré : 'code'
16:52:50  WARNING     [INC-132] ignoré : 'code'
16:52:50  WARNING     [INC-133] ignoré : 'code'
16:52:50  WARNING     [INC-134] ignoré : 'code'
16:52:50  WARNING     [INC-135] ignoré : 'code'
16:52:50  WARNING     [INC-136] ignoré : 'code'
16:52:50  WARNING     [INC-137] ignoré : 'code'
16:52:50  WARNING     [INC-138] ignoré : 'code'
16:52:50  WARNING     [INC-139] ignoré : 'code'
16:52:50  WARNING     [INC-140] ignoré : 'code'
16:52:50  WARNING     [INC-141] ignoré : 'code'
16:52:50  WARNING     [INC-142] ignoré : 'code'
16:52:50  WARNING     [INC-143] ignoré : 'code'
16:52:50  WARNING     [INC-144] ignoré : 'code'
16:52:50  WARNING     [INC-145] ignoré : 'code'
16:52:50  WARNING     [INC-146] ignoré : 'code'
16:52:50  WARNING     [INC-147] ignoré : 'code'
16:52:50  WARNING     [INC-148] ignoré : 'code'
16:52:50  WARNING     [INC-149] ignoré : 'code'
16:52:50  WARNING     [INC-150] ignoré : 'code'
16:52:50  WARNING     [INC-151] ignoré : 'code'
16:52:50  WARNING     [INC-152] ignoré : 'code'
16:52:50  WARNING     [INC-153] ignoré : 'code'
16:52:50  WARNING     [INC-154] ignoré : 'code'
16:52:50  WARNING     [INC-155] ignoré : 'code'
16:52:50  WARNING     [INC-156] ignoré : 'code'
16:52:50  WARNING     [INC-157] ignoré : 'code'
16:52:50  WARNING     [INC-158] ignoré : 'code'
16:52:50  WARNING     [INC-159] ignoré : 'code'
16:52:50  WARNING     [INC-160] ignoré : 'code'
16:52:50  WARNING     [INC-161] ignoré : 'code'
16:52:50  WARNING     [INC-162] ignoré : 'code'
16:52:50  WARNING     [INC-163] ignoré : 'code'
16:52:50  WARNING     [INC-164] ignoré : 'code'
16:52:50  WARNING     [INC-165] ignoré : 'code'
16:52:50  WARNING     [INC-166] ignoré : 'code'
16:52:50  WARNING     [INC-167] ignoré : 'code'
16:52:50  WARNING     [INC-168] ignoré : 'code'
16:52:50  WARNING     [INC-169] ignoré : 'code'
16:52:50  WARNING     [INC-170] ignoré : 'code'
16:52:50  WARNING     [INC-171] ignoré : 'code'
16:52:50  WARNING     [INC-172] ignoré : 'code'
16:52:50  WARNING     [INC-173] ignoré : 'code'
16:52:50  WARNING     [INC-174] ignoré : 'code'
16:52:50  WARNING     [INC-175] ignoré : 'code'
16:52:50  WARNING     [INC-176] ignoré : 'code'
16:52:50  WARNING     [INC-177] ignoré : 'code'
16:52:50  WARNING     [INC-178] ignoré : 'code'
16:52:50  WARNING     [INC-179] ignoré : 'code'
16:52:50  WARNING     [INC-180] ignoré : 'code'
16:52:50  WARNING     [INC-181] ignoré : 'code'
16:52:50  WARNING     [INC-182] ignoré : 'code'
16:52:50  WARNING     [INC-183] ignoré : 'code'
16:52:50  WARNING     [INC-184] ignoré : 'code'
16:52:50  WARNING     [INC-185] ignoré : 'code'
16:52:50  WARNING     [INC-186] ignoré : 'code'
16:52:50  WARNING     [INC-187] ignoré : 'code'
16:52:50  WARNING     [INC-188] ignoré : 'code'
16:52:50  WARNING     [INC-189] ignoré : 'code'
16:52:50  WARNING     [INC-190] ignoré : 'code'
16:52:50  WARNING     [INC-191] ignoré : 'code'
16:52:50  WARNING     [INC-192] ignoré : 'code'
16:52:50  WARNING     [INC-193] ignoré : 'code'
16:52:50  WARNING     [INC-194] ignoré : 'code'
16:52:50  WARNING     [INC-195] ignoré : 'code'
16:52:50  WARNING     [INC-196] ignoré : 'code'
16:52:50  WARNING     [INC-197] ignoré : 'code'
16:52:50  WARNING     [INC-198] ignoré : 'code'
16:52:50  WARNING     [INC-199] ignoré : 'code'
16:52:50  WARNING     [INC-200] ignoré : 'code'
16:52:50  WARNING     [INC-201] ignoré : 'code'
16:52:50  WARNING     [INC-202] ignoré : 'code'
16:52:50  WARNING     [INC-203] ignoré : 'code'
16:52:50  WARNING     [INC-204] ignoré : 'code'
16:52:50  WARNING     [INC-205] ignoré : 'code'
16:52:50  WARNING     [INC-206] ignoré : 'code'
16:52:50  WARNING     [INC-207] ignoré : 'code'
16:52:50  WARNING     [INC-208] ignoré : 'code'
16:52:50  WARNING     [INC-209] ignoré : 'code'
16:52:50  WARNING     [INC-210] ignoré : 'code'
16:52:50  WARNING     [INC-211] ignoré : 'code'
16:52:50  WARNING     [INC-212] ignoré : 'code'
16:52:50  WARNING     [INC-213] ignoré : 'code'
16:52:50  WARNING     [INC-214] ignoré : 'code'
16:52:50  WARNING     [INC-215] ignoré : 'code'
16:52:50  WARNING     [INC-216] ignoré : 'code'
16:52:50  WARNING     [INC-217] ignoré : 'code'
16:52:50  WARNING     [INC-218] ignoré : 'code'
16:52:50  WARNING     [INC-219] ignoré : 'code'
16:52:50  WARNING     [INC-220] ignoré : 'code'
16:52:50  WARNING     [INC-221] ignoré : 'code'
16:52:50  WARNING     [INC-222] ignoré : 'code'
16:52:50  WARNING     [INC-223] ignoré : 'code'
16:52:50  WARNING     [INC-224] ignoré : 'code'
16:52:50  WARNING     [INC-225] ignoré : 'code'
16:52:50  WARNING     [INC-226] ignoré : 'code'
16:52:50  WARNING     [INC-227] ignoré : 'code'
16:52:50  WARNING     [INC-228] ignoré : 'code'
16:52:50  WARNING     [INC-229] ignoré : 'code'
16:52:50  WARNING     [INC-230] ignoré : 'code'
16:52:50  WARNING     [INC-231] ignoré : 'code'
16:52:50  WARNING     [INC-232] ignoré : 'code'
16:52:50  WARNING     [INC-233] ignoré : 'code'
16:52:50  WARNING     [INC-234] ignoré : 'code'
16:52:50  WARNING     [INC-235] ignoré : 'code'
16:52:50  WARNING     [INC-236] ignoré : 'code'
16:52:50  WARNING     [INC-237] ignoré : 'code'
16:52:50  WARNING     [INC-238] ignoré : 'code'
16:52:50  WARNING     [INC-239] ignoré : 'code'
16:52:50  WARNING     [INC-240] ignoré : 'code'
16:52:50  WARNING     [INC-241] ignoré : 'code'
16:52:50  WARNING     [INC-242] ignoré : 'code'
16:52:50  WARNING     [INC-243] ignoré : 'code'
16:52:50  WARNING     [INC-244] ignoré : 'code'
16:52:50  WARNING     [INC-245] ignoré : 'code'
16:52:50  WARNING     [INC-246] ignoré : 'code'
16:52:50  WARNING     [INC-247] ignoré : 'code'
16:52:50  WARNING     [INC-248] ignoré : 'code'
16:52:50  WARNING     [INC-249] ignoré : 'code'
16:52:50  WARNING     [INC-250] ignoré : 'code'
16:52:50  WARNING     [INC-251] ignoré : 'code'
16:52:50  WARNING     [INC-252] ignoré : 'code'
16:52:50  WARNING     [INC-253] ignoré : 'code'
16:52:50  WARNING     [INC-254] ignoré : 'code'
16:52:50  WARNING     [INC-255] ignoré : 'code'
16:52:50  WARNING     [INC-256] ignoré : 'code'
16:52:50  WARNING     [INC-257] ignoré : 'code'
16:52:50  WARNING     [INC-258] ignoré : 'code'
16:52:50  WARNING     [INC-259] ignoré : 'code'
16:52:50  WARNING     [INC-260] ignoré : 'code'
16:52:50  WARNING     [INC-261] ignoré : 'code'
16:52:50  WARNING     [INC-262] ignoré : 'code'
16:52:50  WARNING     [INC-263] ignoré : 'code'
16:52:50  WARNING     [INC-264] ignoré : 'code'
16:52:50  WARNING     [INC-265] ignoré : 'code'
16:52:50  WARNING     [INC-266] ignoré : 'code'
16:52:50  WARNING     [INC-267] ignoré : 'code'
16:52:50  WARNING     [INC-268] ignoré : 'code'
16:52:50  WARNING     [INC-269] ignoré : 'code'
16:52:50  WARNING     [INC-270] ignoré : 'code'
16:52:50  WARNING     [INC-271] ignoré : 'code'
16:52:50  WARNING     [INC-272] ignoré : 'code'
16:52:50  WARNING     [INC-273] ignoré : 'code'
16:52:50  WARNING     [INC-274] ignoré : 'code'
16:52:50  WARNING     [INC-275] ignoré : 'code'
16:52:50  WARNING     [INC-276] ignoré : 'code'
16:52:50  WARNING     [INC-277] ignoré : 'code'
16:52:50  WARNING     [INC-278] ignoré : 'code'
16:52:50  WARNING     [INC-279] ignoré : 'code'
16:52:50  WARNING     [INC-280] ignoré : 'code'
16:52:50  WARNING     [INC-281] ignoré : 'code'
16:52:50  WARNING     [INC-282] ignoré : 'code'
16:52:50  WARNING     [INC-283] ignoré : 'code'
16:52:50  WARNING     [INC-284] ignoré : 'code'
16:52:50  WARNING     [INC-285] ignoré : 'code'
16:52:50  WARNING     [INC-286] ignoré : 'code'
16:52:50  WARNING     [INC-287] ignoré : 'code'
16:52:50  WARNING     [INC-288] ignoré : 'code'
16:52:50  WARNING     [INC-289] ignoré : 'code'
16:52:50  WARNING     [INC-290] ignoré : 'code'
16:52:50  WARNING     [INC-291] ignoré : 'code'
16:52:50  WARNING     [INC-292] ignoré : 'code'
16:52:50  WARNING     [INC-293] ignoré : 'code'
16:52:50  WARNING     [INC-294] ignoré : 'code'
16:52:50  WARNING     [INC-295] ignoré : 'code'
16:52:50  WARNING     [INC-296] ignoré : 'code'
16:52:50  WARNING     [INC-297] ignoré : 'code'
16:52:50  WARNING     [INC-298] ignoré : 'code'
16:52:50  WARNING     [INC-299] ignoré : 'code'
16:52:50  WARNING     [INC-300] ignoré : 'code'
16:52:50  INFO        Incidents transformés   : 0 (erreurs: 300)
16:52:50  WARNING     [TKT-1] ignoré : 'code'
16:52:50  WARNING     [TKT-2] ignoré : 'code'
16:52:50  WARNING     [TKT-3] ignoré : 'code'
16:52:50  WARNING     [TKT-4] ignoré : 'code'
16:52:50  WARNING     [TKT-5] ignoré : 'code'
16:52:50  WARNING     [TKT-6] ignoré : 'code'
16:52:50  WARNING     [TKT-7] ignoré : 'code'
16:52:50  WARNING     [TKT-8] ignoré : 'code'
16:52:50  WARNING     [TKT-9] ignoré : 'code'
16:52:50  WARNING     [TKT-10] ignoré : 'code'
16:52:50  WARNING     [TKT-11] ignoré : 'code'
16:52:50  WARNING     [TKT-12] ignoré : 'code'
16:52:50  WARNING     [TKT-13] ignoré : 'code'
16:52:50  WARNING     [TKT-14] ignoré : 'code'
16:52:50  WARNING     [TKT-15] ignoré : 'code'
16:52:50  WARNING     [TKT-16] ignoré : 'code'
16:52:50  WARNING     [TKT-17] ignoré : 'code'
16:52:50  WARNING     [TKT-18] ignoré : 'code'
16:52:50  WARNING     [TKT-19] ignoré : 'code'
16:52:50  WARNING     [TKT-20] ignoré : 'code'
16:52:50  WARNING     [TKT-21] ignoré : 'code'
16:52:50  WARNING     [TKT-22] ignoré : 'code'
16:52:50  WARNING     [TKT-23] ignoré : 'code'
16:52:50  WARNING     [TKT-24] ignoré : 'code'
16:52:50  WARNING     [TKT-25] ignoré : 'code'
16:52:50  WARNING     [TKT-26] ignoré : 'code'
16:52:50  WARNING     [TKT-27] ignoré : 'code'
16:52:50  WARNING     [TKT-28] ignoré : 'code'
16:52:50  WARNING     [TKT-29] ignoré : 'code'
16:52:50  WARNING     [TKT-30] ignoré : 'code'
16:52:50  WARNING     [TKT-31] ignoré : 'code'
16:52:50  WARNING     [TKT-32] ignoré : 'code'
16:52:50  WARNING     [TKT-33] ignoré : 'code'
16:52:50  WARNING     [TKT-34] ignoré : 'code'
16:52:50  WARNING     [TKT-35] ignoré : 'code'
16:52:50  WARNING     [TKT-36] ignoré : 'code'
16:52:50  WARNING     [TKT-37] ignoré : 'code'
16:52:50  WARNING     [TKT-38] ignoré : 'code'
16:52:50  WARNING     [TKT-39] ignoré : 'code'
16:52:50  WARNING     [TKT-40] ignoré : 'code'
16:52:50  WARNING     [TKT-41] ignoré : 'code'
16:52:50  WARNING     [TKT-42] ignoré : 'code'
16:52:50  WARNING     [TKT-43] ignoré : 'code'
16:52:50  WARNING     [TKT-44] ignoré : 'code'
16:52:50  WARNING     [TKT-45] ignoré : 'code'
16:52:50  WARNING     [TKT-46] ignoré : 'code'
16:52:50  WARNING     [TKT-47] ignoré : 'code'
16:52:50  WARNING     [TKT-48] ignoré : 'code'
16:52:50  WARNING     [TKT-49] ignoré : 'code'
16:52:50  WARNING     [TKT-50] ignoré : 'code'
16:52:50  WARNING     [TKT-51] ignoré : 'code'
16:52:50  WARNING     [TKT-52] ignoré : 'code'
16:52:50  WARNING     [TKT-53] ignoré : 'code'
16:52:50  WARNING     [TKT-54] ignoré : 'code'
16:52:50  WARNING     [TKT-55] ignoré : 'code'
16:52:50  WARNING     [TKT-56] ignoré : 'code'
16:52:50  WARNING     [TKT-57] ignoré : 'code'
16:52:50  WARNING     [TKT-58] ignoré : 'code'
16:52:50  WARNING     [TKT-59] ignoré : 'code'
16:52:50  WARNING     [TKT-60] ignoré : 'code'
16:52:50  WARNING     [TKT-61] ignoré : 'code'
16:52:50  WARNING     [TKT-62] ignoré : 'code'
16:52:50  WARNING     [TKT-63] ignoré : 'code'
16:52:50  WARNING     [TKT-64] ignoré : 'code'
16:52:50  WARNING     [TKT-65] ignoré : 'code'
16:52:50  WARNING     [TKT-66] ignoré : 'code'
16:52:50  WARNING     [TKT-67] ignoré : 'code'
16:52:50  WARNING     [TKT-68] ignoré : 'code'
16:52:50  WARNING     [TKT-69] ignoré : 'code'
16:52:50  WARNING     [TKT-70] ignoré : 'code'
16:52:50  WARNING     [TKT-71] ignoré : 'code'
16:52:50  WARNING     [TKT-72] ignoré : 'code'
16:52:50  WARNING     [TKT-73] ignoré : 'code'
16:52:50  WARNING     [TKT-74] ignoré : 'code'
16:52:50  WARNING     [TKT-75] ignoré : 'code'
16:52:50  WARNING     [TKT-76] ignoré : 'code'
16:52:50  WARNING     [TKT-77] ignoré : 'code'
16:52:50  WARNING     [TKT-78] ignoré : 'code'
16:52:50  WARNING     [TKT-79] ignoré : 'code'
16:52:50  WARNING     [TKT-80] ignoré : 'code'
16:52:50  WARNING     [TKT-81] ignoré : 'code'
16:52:50  WARNING     [TKT-82] ignoré : 'code'
16:52:50  WARNING     [TKT-83] ignoré : 'code'
16:52:50  WARNING     [TKT-84] ignoré : 'code'
16:52:50  WARNING     [TKT-85] ignoré : 'code'
16:52:50  WARNING     [TKT-86] ignoré : 'code'
16:52:50  WARNING     [TKT-87] ignoré : 'code'
16:52:50  WARNING     [TKT-88] ignoré : 'code'
16:52:50  WARNING     [TKT-89] ignoré : 'code'
16:52:50  WARNING     [TKT-90] ignoré : 'code'
16:52:50  WARNING     [TKT-91] ignoré : 'code'
16:52:50  WARNING     [TKT-92] ignoré : 'code'
16:52:50  WARNING     [TKT-93] ignoré : 'code'
16:52:50  WARNING     [TKT-94] ignoré : 'code'
16:52:50  WARNING     [TKT-95] ignoré : 'code'
16:52:50  WARNING     [TKT-96] ignoré : 'code'
16:52:50  WARNING     [TKT-97] ignoré : 'code'
16:52:50  WARNING     [TKT-98] ignoré : 'code'
16:52:50  WARNING     [TKT-99] ignoré : 'code'
16:52:50  WARNING     [TKT-100] ignoré : 'code'
16:52:50  WARNING     [TKT-101] ignoré : 'code'
16:52:50  WARNING     [TKT-102] ignoré : 'code'
16:52:50  WARNING     [TKT-103] ignoré : 'code'
16:52:50  WARNING     [TKT-104] ignoré : 'code'
16:52:50  WARNING     [TKT-105] ignoré : 'code'
16:52:50  WARNING     [TKT-106] ignoré : 'code'
16:52:50  WARNING     [TKT-107] ignoré : 'code'
16:52:50  WARNING     [TKT-108] ignoré : 'code'
16:52:50  WARNING     [TKT-109] ignoré : 'code'
16:52:50  WARNING     [TKT-110] ignoré : 'code'
16:52:50  WARNING     [TKT-111] ignoré : 'code'
16:52:50  WARNING     [TKT-112] ignoré : 'code'
16:52:50  WARNING     [TKT-113] ignoré : 'code'
16:52:50  WARNING     [TKT-114] ignoré : 'code'
16:52:50  WARNING     [TKT-115] ignoré : 'code'
16:52:50  WARNING     [TKT-116] ignoré : 'code'
16:52:50  WARNING     [TKT-117] ignoré : 'code'
16:52:50  WARNING     [TKT-118] ignoré : 'code'
16:52:50  WARNING     [TKT-119] ignoré : 'code'
16:52:50  WARNING     [TKT-120] ignoré : 'code'
16:52:50  WARNING     [TKT-121] ignoré : 'code'
16:52:50  WARNING     [TKT-122] ignoré : 'code'
16:52:50  WARNING     [TKT-123] ignoré : 'code'
16:52:50  WARNING     [TKT-124] ignoré : 'code'
16:52:50  WARNING     [TKT-125] ignoré : 'code'
16:52:50  WARNING     [TKT-126] ignoré : 'code'
16:52:50  WARNING     [TKT-127] ignoré : 'code'
16:52:50  WARNING     [TKT-128] ignoré : 'code'
16:52:50  WARNING     [TKT-129] ignoré : 'code'
16:52:50  WARNING     [TKT-130] ignoré : 'code'
16:52:50  WARNING     [TKT-131] ignoré : 'code'
16:52:50  WARNING     [TKT-132] ignoré : 'code'
16:52:50  WARNING     [TKT-133] ignoré : 'code'
16:52:50  WARNING     [TKT-134] ignoré : 'code'
16:52:50  WARNING     [TKT-135] ignoré : 'code'
16:52:50  WARNING     [TKT-136] ignoré : 'code'
16:52:50  WARNING     [TKT-137] ignoré : 'code'
16:52:50  WARNING     [TKT-138] ignoré : 'code'
16:52:50  WARNING     [TKT-139] ignoré : 'code'
16:52:50  WARNING     [TKT-140] ignoré : 'code'
16:52:50  WARNING     [TKT-141] ignoré : 'code'
16:52:50  WARNING     [TKT-142] ignoré : 'code'
16:52:50  WARNING     [TKT-143] ignoré : 'code'
16:52:50  WARNING     [TKT-144] ignoré : 'code'
16:52:50  WARNING     [TKT-145] ignoré : 'code'
16:52:50  WARNING     [TKT-146] ignoré : 'code'
16:52:50  WARNING     [TKT-147] ignoré : 'code'
16:52:50  WARNING     [TKT-148] ignoré : 'code'
16:52:50  WARNING     [TKT-149] ignoré : 'code'
16:52:50  WARNING     [TKT-150] ignoré : 'code'
16:52:50  WARNING     [TKT-151] ignoré : 'code'
16:52:50  WARNING     [TKT-152] ignoré : 'code'
16:52:50  WARNING     [TKT-153] ignoré : 'code'
16:52:50  WARNING     [TKT-154] ignoré : 'code'
16:52:50  WARNING     [TKT-155] ignoré : 'code'
16:52:50  WARNING     [TKT-156] ignoré : 'code'
16:52:50  WARNING     [TKT-157] ignoré : 'code'
16:52:50  WARNING     [TKT-158] ignoré : 'code'
16:52:50  WARNING     [TKT-159] ignoré : 'code'
16:52:50  WARNING     [TKT-160] ignoré : 'code'
16:52:50  WARNING     [TKT-161] ignoré : 'code'
16:52:50  WARNING     [TKT-162] ignoré : 'code'
16:52:50  WARNING     [TKT-163] ignoré : 'code'
16:52:50  WARNING     [TKT-164] ignoré : 'code'
16:52:50  WARNING     [TKT-165] ignoré : 'code'
16:52:50  WARNING     [TKT-166] ignoré : 'code'
16:52:50  WARNING     [TKT-167] ignoré : 'code'
16:52:50  WARNING     [TKT-168] ignoré : 'code'
16:52:50  WARNING     [TKT-169] ignoré : 'code'
16:52:50  WARNING     [TKT-170] ignoré : 'code'
16:52:50  WARNING     [TKT-171] ignoré : 'code'
16:52:50  WARNING     [TKT-172] ignoré : 'code'
16:52:50  WARNING     [TKT-173] ignoré : 'code'
16:52:50  WARNING     [TKT-174] ignoré : 'code'
16:52:50  WARNING     [TKT-175] ignoré : 'code'
16:52:50  WARNING     [TKT-176] ignoré : 'code'
16:52:50  WARNING     [TKT-177] ignoré : 'code'
16:52:50  WARNING     [TKT-178] ignoré : 'code'
16:52:50  WARNING     [TKT-179] ignoré : 'code'
16:52:50  WARNING     [TKT-180] ignoré : 'code'
16:52:50  WARNING     [TKT-181] ignoré : 'code'
16:52:50  WARNING     [TKT-182] ignoré : 'code'
16:52:50  WARNING     [TKT-183] ignoré : 'code'
16:52:50  WARNING     [TKT-184] ignoré : 'code'
16:52:50  WARNING     [TKT-185] ignoré : 'code'
16:52:50  WARNING     [TKT-186] ignoré : 'code'
16:52:50  WARNING     [TKT-187] ignoré : 'code'
16:52:50  WARNING     [TKT-188] ignoré : 'code'
16:52:50  WARNING     [TKT-189] ignoré : 'code'
16:52:50  WARNING     [TKT-190] ignoré : 'code'
16:52:50  WARNING     [TKT-191] ignoré : 'code'
16:52:50  WARNING     [TKT-192] ignoré : 'code'
16:52:50  WARNING     [TKT-193] ignoré : 'code'
16:52:50  WARNING     [TKT-194] ignoré : 'code'
16:52:50  WARNING     [TKT-195] ignoré : 'code'
16:52:50  WARNING     [TKT-196] ignoré : 'code'
16:52:50  WARNING     [TKT-197] ignoré : 'code'
16:52:50  WARNING     [TKT-198] ignoré : 'code'
16:52:50  WARNING     [TKT-199] ignoré : 'code'
16:52:50  WARNING     [TKT-200] ignoré : 'code'
16:52:50  WARNING     [TKT-201] ignoré : 'code'
16:52:50  WARNING     [TKT-202] ignoré : 'code'
16:52:50  WARNING     [TKT-203] ignoré : 'code'
16:52:50  WARNING     [TKT-204] ignoré : 'code'
16:52:50  WARNING     [TKT-205] ignoré : 'code'
16:52:50  WARNING     [TKT-206] ignoré : 'code'
16:52:50  WARNING     [TKT-207] ignoré : 'code'
16:52:50  WARNING     [TKT-208] ignoré : 'code'
16:52:50  WARNING     [TKT-209] ignoré : 'code'
16:52:50  WARNING     [TKT-210] ignoré : 'code'
16:52:50  WARNING     [TKT-211] ignoré : 'code'
16:52:50  WARNING     [TKT-212] ignoré : 'code'
16:52:50  WARNING     [TKT-213] ignoré : 'code'
16:52:50  WARNING     [TKT-214] ignoré : 'code'
16:52:50  WARNING     [TKT-215] ignoré : 'code'
16:52:50  WARNING     [TKT-216] ignoré : 'code'
16:52:50  WARNING     [TKT-217] ignoré : 'code'
16:52:50  WARNING     [TKT-218] ignoré : 'code'
16:52:50  WARNING     [TKT-219] ignoré : 'code'
16:52:50  WARNING     [TKT-220] ignoré : 'code'
16:52:50  WARNING     [TKT-221] ignoré : 'code'
16:52:50  WARNING     [TKT-222] ignoré : 'code'
16:52:50  WARNING     [TKT-223] ignoré : 'code'
16:52:50  WARNING     [TKT-224] ignoré : 'code'
16:52:50  WARNING     [TKT-225] ignoré : 'code'
16:52:50  WARNING     [TKT-226] ignoré : 'code'
16:52:50  WARNING     [TKT-227] ignoré : 'code'
16:52:50  WARNING     [TKT-228] ignoré : 'code'
16:52:50  WARNING     [TKT-229] ignoré : 'code'
16:52:50  WARNING     [TKT-230] ignoré : 'code'
16:52:50  WARNING     [TKT-231] ignoré : 'code'
16:52:50  WARNING     [TKT-232] ignoré : 'code'
16:52:50  WARNING     [TKT-233] ignoré : 'code'
16:52:50  WARNING     [TKT-234] ignoré : 'code'
16:52:50  WARNING     [TKT-235] ignoré : 'code'
16:52:50  WARNING     [TKT-236] ignoré : 'code'
16:52:50  WARNING     [TKT-237] ignoré : 'code'
16:52:50  WARNING     [TKT-238] ignoré : 'code'
16:52:50  WARNING     [TKT-239] ignoré : 'code'
16:52:50  WARNING     [TKT-240] ignoré : 'code'
16:52:50  WARNING     [TKT-241] ignoré : 'code'
16:52:50  WARNING     [TKT-242] ignoré : 'code'
16:52:50  WARNING     [TKT-243] ignoré : 'code'
16:52:50  WARNING     [TKT-244] ignoré : 'code'
16:52:50  WARNING     [TKT-245] ignoré : 'code'
16:52:50  WARNING     [TKT-246] ignoré : 'code'
16:52:50  WARNING     [TKT-247] ignoré : 'code'
16:52:50  WARNING     [TKT-248] ignoré : 'code'
16:52:50  WARNING     [TKT-249] ignoré : 'code'
16:52:50  WARNING     [TKT-250] ignoré : 'code'
16:52:50  WARNING     [TKT-251] ignoré : 'code'
16:52:50  WARNING     [TKT-252] ignoré : 'code'
16:52:50  WARNING     [TKT-253] ignoré : 'code'
16:52:50  WARNING     [TKT-254] ignoré : 'code'
16:52:50  WARNING     [TKT-255] ignoré : 'code'
16:52:50  WARNING     [TKT-256] ignoré : 'code'
16:52:50  WARNING     [TKT-257] ignoré : 'code'
16:52:50  WARNING     [TKT-258] ignoré : 'code'
16:52:50  WARNING     [TKT-259] ignoré : 'code'
16:52:50  WARNING     [TKT-260] ignoré : 'code'
16:52:50  WARNING     [TKT-261] ignoré : 'code'
16:52:50  WARNING     [TKT-262] ignoré : 'code'
16:52:50  WARNING     [TKT-263] ignoré : 'code'
16:52:50  WARNING     [TKT-264] ignoré : 'code'
16:52:50  WARNING     [TKT-265] ignoré : 'code'
16:52:50  WARNING     [TKT-266] ignoré : 'code'
16:52:50  WARNING     [TKT-267] ignoré : 'code'
16:52:50  WARNING     [TKT-268] ignoré : 'code'
16:52:50  WARNING     [TKT-269] ignoré : 'code'
16:52:50  WARNING     [TKT-270] ignoré : 'code'
16:52:50  WARNING     [TKT-271] ignoré : 'code'
16:52:50  WARNING     [TKT-272] ignoré : 'code'
16:52:50  WARNING     [TKT-273] ignoré : 'code'
16:52:50  WARNING     [TKT-274] ignoré : 'code'
16:52:50  WARNING     [TKT-275] ignoré : 'code'
16:52:50  WARNING     [TKT-276] ignoré : 'code'
16:52:50  INFO        Tickets transformés     : 0
16:53:35  INFO      ╔══════════════════════════════════════════════╗
16:53:35  INFO      ║  ETL Plateforme BI Télécom — démarrage       ║
16:53:35  INFO      ╚══════════════════════════════════════════════╝
16:53:35  INFO      ━━━ EXTRACT ━━━━━━━━━━━━━━━━━━━━━━━━━━━━━━━━
16:53:35  INFO        Extrait  : secteurs.csv — 10 lignes
16:53:35  INFO        Extrait  : equipements.csv — 120 lignes
16:53:35  INFO        Extrait  : techniciens.csv — 30 lignes
16:53:35  INFO        Extrait  : incidents.csv — 300 lignes
16:53:35  INFO        Extrait  : tickets.csv — 276 lignes
16:53:35  INFO      ━━━ TRANSFORM ━━━━━━━━━━━━━━━━━━━━━━━━━━━━━━
16:53:35  INFO        Secteurs transformés    : 10
16:53:35  INFO        Équipements transformés : 120
16:53:35  INFO        Techniciens transformés : 30
16:53:35  INFO        Dim_temps générée       : 177 jours
16:53:35  WARNING     [INC-1] ignoré : 'code'
16:53:35  WARNING     [INC-2] ignoré : 'code'
16:53:35  WARNING     [INC-3] ignoré : 'code'
16:53:35  WARNING     [INC-4] ignoré : 'code'
16:53:35  WARNING     [INC-5] ignoré : 'code'
16:53:35  WARNING     [INC-6] ignoré : 'code'
16:53:35  WARNING     [INC-7] ignoré : 'code'
16:53:35  WARNING     [INC-8] ignoré : 'code'
16:53:35  WARNING     [INC-9] ignoré : 'code'
16:53:35  WARNING     [INC-10] ignoré : 'code'
16:53:35  WARNING     [INC-11] ignoré : 'code'
16:53:35  WARNING     [INC-12] ignoré : 'code'
16:53:35  WARNING     [INC-13] ignoré : 'code'
16:53:35  WARNING     [INC-14] ignoré : 'code'
16:53:35  WARNING     [INC-15] ignoré : 'code'
16:53:35  WARNING     [INC-16] ignoré : 'code'
16:53:35  WARNING     [INC-17] ignoré : 'code'
16:53:35  WARNING     [INC-18] ignoré : 'code'
16:53:35  WARNING     [INC-19] ignoré : 'code'
16:53:35  WARNING     [INC-20] ignoré : 'code'
16:53:35  WARNING     [INC-21] ignoré : 'code'
16:53:35  WARNING     [INC-22] ignoré : 'code'
16:53:35  WARNING     [INC-23] ignoré : 'code'
16:53:35  WARNING     [INC-24] ignoré : 'code'
16:53:35  WARNING     [INC-25] ignoré : 'code'
16:53:35  WARNING     [INC-26] ignoré : 'code'
16:53:35  WARNING     [INC-27] ignoré : 'code'
16:53:35  WARNING     [INC-28] ignoré : 'code'
16:53:35  WARNING     [INC-29] ignoré : 'code'
16:53:35  WARNING     [INC-30] ignoré : 'code'
16:53:35  WARNING     [INC-31] ignoré : 'code'
16:53:35  WARNING     [INC-32] ignoré : 'code'
16:53:35  WARNING     [INC-33] ignoré : 'code'
16:53:35  WARNING     [INC-34] ignoré : 'code'
16:53:35  WARNING     [INC-35] ignoré : 'code'
16:53:35  WARNING     [INC-36] ignoré : 'code'
16:53:35  WARNING     [INC-37] ignoré : 'code'
16:53:35  WARNING     [INC-38] ignoré : 'code'
16:53:35  WARNING     [INC-39] ignoré : 'code'
16:53:35  WARNING     [INC-40] ignoré : 'code'
16:53:35  WARNING     [INC-41] ignoré : 'code'
16:53:35  WARNING     [INC-42] ignoré : 'code'
16:53:35  WARNING     [INC-43] ignoré : 'code'
16:53:35  WARNING     [INC-44] ignoré : 'code'
16:53:35  WARNING     [INC-45] ignoré : 'code'
16:53:35  WARNING     [INC-46] ignoré : 'code'
16:53:35  WARNING     [INC-47] ignoré : 'code'
16:53:35  WARNING     [INC-48] ignoré : 'code'
16:53:35  WARNING     [INC-49] ignoré : 'code'
16:53:35  WARNING     [INC-50] ignoré : 'code'
16:53:35  WARNING     [INC-51] ignoré : 'code'
16:53:35  WARNING     [INC-52] ignoré : 'code'
16:53:35  WARNING     [INC-53] ignoré : 'code'
16:53:35  WARNING     [INC-54] ignoré : 'code'
16:53:35  WARNING     [INC-55] ignoré : 'code'
16:53:35  WARNING     [INC-56] ignoré : 'code'
16:53:35  WARNING     [INC-57] ignoré : 'code'
16:53:35  WARNING     [INC-58] ignoré : 'code'
16:53:35  WARNING     [INC-59] ignoré : 'code'
16:53:35  WARNING     [INC-60] ignoré : 'code'
16:53:35  WARNING     [INC-61] ignoré : 'code'
16:53:35  WARNING     [INC-62] ignoré : 'code'
16:53:35  WARNING     [INC-63] ignoré : 'code'
16:53:35  WARNING     [INC-64] ignoré : 'code'
16:53:35  WARNING     [INC-65] ignoré : 'code'
16:53:35  WARNING     [INC-66] ignoré : 'code'
16:53:35  WARNING     [INC-67] ignoré : 'code'
16:53:35  WARNING     [INC-68] ignoré : 'code'
16:53:35  WARNING     [INC-69] ignoré : 'code'
16:53:35  WARNING     [INC-70] ignoré : 'code'
16:53:35  WARNING     [INC-71] ignoré : 'code'
16:53:35  WARNING     [INC-72] ignoré : 'code'
16:53:35  WARNING     [INC-73] ignoré : 'code'
16:53:35  WARNING     [INC-74] ignoré : 'code'
16:53:35  WARNING     [INC-75] ignoré : 'code'
16:53:35  WARNING     [INC-76] ignoré : 'code'
16:53:35  WARNING     [INC-77] ignoré : 'code'
16:53:35  WARNING     [INC-78] ignoré : 'code'
16:53:35  WARNING     [INC-79] ignoré : 'code'
16:53:35  WARNING     [INC-80] ignoré : 'code'
16:53:35  WARNING     [INC-81] ignoré : 'code'
16:53:35  WARNING     [INC-82] ignoré : 'code'
16:53:35  WARNING     [INC-83] ignoré : 'code'
16:53:35  WARNING     [INC-84] ignoré : 'code'
16:53:35  WARNING     [INC-85] ignoré : 'code'
16:53:35  WARNING     [INC-86] ignoré : 'code'
16:53:35  WARNING     [INC-87] ignoré : 'code'
16:53:35  WARNING     [INC-88] ignoré : 'code'
16:53:35  WARNING     [INC-89] ignoré : 'code'
16:53:35  WARNING     [INC-90] ignoré : 'code'
16:53:35  WARNING     [INC-91] ignoré : 'code'
16:53:35  WARNING     [INC-92] ignoré : 'code'
16:53:35  WARNING     [INC-93] ignoré : 'code'
16:53:35  WARNING     [INC-94] ignoré : 'code'
16:53:35  WARNING     [INC-95] ignoré : 'code'
16:53:35  WARNING     [INC-96] ignoré : 'code'
16:53:35  WARNING     [INC-97] ignoré : 'code'
16:53:35  WARNING     [INC-98] ignoré : 'code'
16:53:35  WARNING     [INC-99] ignoré : 'code'
16:53:35  WARNING     [INC-100] ignoré : 'code'
16:53:35  WARNING     [INC-101] ignoré : 'code'
16:53:35  WARNING     [INC-102] ignoré : 'code'
16:53:35  WARNING     [INC-103] ignoré : 'code'
16:53:35  WARNING     [INC-104] ignoré : 'code'
16:53:35  WARNING     [INC-105] ignoré : 'code'
16:53:35  WARNING     [INC-106] ignoré : 'code'
16:53:35  WARNING     [INC-107] ignoré : 'code'
16:53:35  WARNING     [INC-108] ignoré : 'code'
16:53:35  WARNING     [INC-109] ignoré : 'code'
16:53:35  WARNING     [INC-110] ignoré : 'code'
16:53:35  WARNING     [INC-111] ignoré : 'code'
16:53:35  WARNING     [INC-112] ignoré : 'code'
16:53:35  WARNING     [INC-113] ignoré : 'code'
16:53:35  WARNING     [INC-114] ignoré : 'code'
16:53:35  WARNING     [INC-115] ignoré : 'code'
16:53:35  WARNING     [INC-116] ignoré : 'code'
16:53:35  WARNING     [INC-117] ignoré : 'code'
16:53:35  WARNING     [INC-118] ignoré : 'code'
16:53:35  WARNING     [INC-119] ignoré : 'code'
16:53:35  WARNING     [INC-120] ignoré : 'code'
16:53:35  WARNING     [INC-121] ignoré : 'code'
16:53:35  WARNING     [INC-122] ignoré : 'code'
16:53:35  WARNING     [INC-123] ignoré : 'code'
16:53:35  WARNING     [INC-124] ignoré : 'code'
16:53:35  WARNING     [INC-125] ignoré : 'code'
16:53:35  WARNING     [INC-126] ignoré : 'code'
16:53:35  WARNING     [INC-127] ignoré : 'code'
16:53:35  WARNING     [INC-128] ignoré : 'code'
16:53:35  WARNING     [INC-129] ignoré : 'code'
16:53:35  WARNING     [INC-130] ignoré : 'code'
16:53:35  WARNING     [INC-131] ignoré : 'code'
16:53:35  WARNING     [INC-132] ignoré : 'code'
16:53:35  WARNING     [INC-133] ignoré : 'code'
16:53:35  WARNING     [INC-134] ignoré : 'code'
16:53:35  WARNING     [INC-135] ignoré : 'code'
16:53:35  WARNING     [INC-136] ignoré : 'code'
16:53:35  WARNING     [INC-137] ignoré : 'code'
16:53:35  WARNING     [INC-138] ignoré : 'code'
16:53:35  WARNING     [INC-139] ignoré : 'code'
16:53:35  WARNING     [INC-140] ignoré : 'code'
16:53:35  WARNING     [INC-141] ignoré : 'code'
16:53:35  WARNING     [INC-142] ignoré : 'code'
16:53:35  WARNING     [INC-143] ignoré : 'code'
16:53:35  WARNING     [INC-144] ignoré : 'code'
16:53:35  WARNING     [INC-145] ignoré : 'code'
16:53:35  WARNING     [INC-146] ignoré : 'code'
16:53:35  WARNING     [INC-147] ignoré : 'code'
16:53:35  WARNING     [INC-148] ignoré : 'code'
16:53:35  WARNING     [INC-149] ignoré : 'code'
16:53:35  WARNING     [INC-150] ignoré : 'code'
16:53:35  WARNING     [INC-151] ignoré : 'code'
16:53:35  WARNING     [INC-152] ignoré : 'code'
16:53:35  WARNING     [INC-153] ignoré : 'code'
16:53:35  WARNING     [INC-154] ignoré : 'code'
16:53:35  WARNING     [INC-155] ignoré : 'code'
16:53:35  WARNING     [INC-156] ignoré : 'code'
16:53:35  WARNING     [INC-157] ignoré : 'code'
16:53:35  WARNING     [INC-158] ignoré : 'code'
16:53:35  WARNING     [INC-159] ignoré : 'code'
16:53:35  WARNING     [INC-160] ignoré : 'code'
16:53:35  WARNING     [INC-161] ignoré : 'code'
16:53:35  WARNING     [INC-162] ignoré : 'code'
16:53:35  WARNING     [INC-163] ignoré : 'code'
16:53:35  WARNING     [INC-164] ignoré : 'code'
16:53:35  WARNING     [INC-165] ignoré : 'code'
16:53:35  WARNING     [INC-166] ignoré : 'code'
16:53:35  WARNING     [INC-167] ignoré : 'code'
16:53:35  WARNING     [INC-168] ignoré : 'code'
16:53:35  WARNING     [INC-169] ignoré : 'code'
16:53:35  WARNING     [INC-170] ignoré : 'code'
16:53:35  WARNING     [INC-171] ignoré : 'code'
16:53:35  WARNING     [INC-172] ignoré : 'code'
16:53:35  WARNING     [INC-173] ignoré : 'code'
16:53:35  WARNING     [INC-174] ignoré : 'code'
16:53:35  WARNING     [INC-175] ignoré : 'code'
16:53:35  WARNING     [INC-176] ignoré : 'code'
16:53:35  WARNING     [INC-177] ignoré : 'code'
16:53:35  WARNING     [INC-178] ignoré : 'code'
16:53:35  WARNING     [INC-179] ignoré : 'code'
16:53:35  WARNING     [INC-180] ignoré : 'code'
16:53:35  WARNING     [INC-181] ignoré : 'code'
16:53:35  WARNING     [INC-182] ignoré : 'code'
16:53:35  WARNING     [INC-183] ignoré : 'code'
16:53:35  WARNING     [INC-184] ignoré : 'code'
16:53:35  WARNING     [INC-185] ignoré : 'code'
16:53:35  WARNING     [INC-186] ignoré : 'code'
16:53:35  WARNING     [INC-187] ignoré : 'code'
16:53:35  WARNING     [INC-188] ignoré : 'code'
16:53:35  WARNING     [INC-189] ignoré : 'code'
16:53:35  WARNING     [INC-190] ignoré : 'code'
16:53:35  WARNING     [INC-191] ignoré : 'code'
16:53:35  WARNING     [INC-192] ignoré : 'code'
16:53:35  WARNING     [INC-193] ignoré : 'code'
16:53:35  WARNING     [INC-194] ignoré : 'code'
16:53:35  WARNING     [INC-195] ignoré : 'code'
16:53:35  WARNING     [INC-196] ignoré : 'code'
16:53:35  WARNING     [INC-197] ignoré : 'code'
16:53:35  WARNING     [INC-198] ignoré : 'code'
16:53:35  WARNING     [INC-199] ignoré : 'code'
16:53:35  WARNING     [INC-200] ignoré : 'code'
16:53:35  WARNING     [INC-201] ignoré : 'code'
16:53:35  WARNING     [INC-202] ignoré : 'code'
16:53:35  WARNING     [INC-203] ignoré : 'code'
16:53:35  WARNING     [INC-204] ignoré : 'code'
16:53:35  WARNING     [INC-205] ignoré : 'code'
16:53:35  WARNING     [INC-206] ignoré : 'code'
16:53:35  WARNING     [INC-207] ignoré : 'code'
16:53:35  WARNING     [INC-208] ignoré : 'code'
16:53:35  WARNING     [INC-209] ignoré : 'code'
16:53:35  WARNING     [INC-210] ignoré : 'code'
16:53:35  WARNING     [INC-211] ignoré : 'code'
16:53:35  WARNING     [INC-212] ignoré : 'code'
16:53:35  WARNING     [INC-213] ignoré : 'code'
16:53:35  WARNING     [INC-214] ignoré : 'code'
16:53:35  WARNING     [INC-215] ignoré : 'code'
16:53:35  WARNING     [INC-216] ignoré : 'code'
16:53:35  WARNING     [INC-217] ignoré : 'code'
16:53:35  WARNING     [INC-218] ignoré : 'code'
16:53:35  WARNING     [INC-219] ignoré : 'code'
16:53:35  WARNING     [INC-220] ignoré : 'code'
16:53:35  WARNING     [INC-221] ignoré : 'code'
16:53:35  WARNING     [INC-222] ignoré : 'code'
16:53:35  WARNING     [INC-223] ignoré : 'code'
16:53:35  WARNING     [INC-224] ignoré : 'code'
16:53:35  WARNING     [INC-225] ignoré : 'code'
16:53:35  WARNING     [INC-226] ignoré : 'code'
16:53:35  WARNING     [INC-227] ignoré : 'code'
16:53:35  WARNING     [INC-228] ignoré : 'code'
16:53:35  WARNING     [INC-229] ignoré : 'code'
16:53:35  WARNING     [INC-230] ignoré : 'code'
16:53:35  WARNING     [INC-231] ignoré : 'code'
16:53:35  WARNING     [INC-232] ignoré : 'code'
16:53:35  WARNING     [INC-233] ignoré : 'code'
16:53:35  WARNING     [INC-234] ignoré : 'code'
16:53:35  WARNING     [INC-235] ignoré : 'code'
16:53:35  WARNING     [INC-236] ignoré : 'code'
16:53:35  WARNING     [INC-237] ignoré : 'code'
16:53:35  WARNING     [INC-238] ignoré : 'code'
16:53:35  WARNING     [INC-239] ignoré : 'code'
16:53:35  WARNING     [INC-240] ignoré : 'code'
16:53:35  WARNING     [INC-241] ignoré : 'code'
16:53:35  WARNING     [INC-242] ignoré : 'code'
16:53:35  WARNING     [INC-243] ignoré : 'code'
16:53:35  WARNING     [INC-244] ignoré : 'code'
16:53:35  WARNING     [INC-245] ignoré : 'code'
16:53:35  WARNING     [INC-246] ignoré : 'code'
16:53:35  WARNING     [INC-247] ignoré : 'code'
16:53:35  WARNING     [INC-248] ignoré : 'code'
16:53:35  WARNING     [INC-249] ignoré : 'code'
16:53:35  WARNING     [INC-250] ignoré : 'code'
16:53:35  WARNING     [INC-251] ignoré : 'code'
16:53:35  WARNING     [INC-252] ignoré : 'code'
16:53:35  WARNING     [INC-253] ignoré : 'code'
16:53:35  WARNING     [INC-254] ignoré : 'code'
16:53:35  WARNING     [INC-255] ignoré : 'code'
16:53:35  WARNING     [INC-256] ignoré : 'code'
16:53:35  WARNING     [INC-257] ignoré : 'code'
16:53:35  WARNING     [INC-258] ignoré : 'code'
16:53:35  WARNING     [INC-259] ignoré : 'code'
16:53:35  WARNING     [INC-260] ignoré : 'code'
16:53:35  WARNING     [INC-261] ignoré : 'code'
16:53:35  WARNING     [INC-262] ignoré : 'code'
16:53:35  WARNING     [INC-263] ignoré : 'code'
16:53:35  WARNING     [INC-264] ignoré : 'code'
16:53:35  WARNING     [INC-265] ignoré : 'code'
16:53:35  WARNING     [INC-266] ignoré : 'code'
16:53:35  WARNING     [INC-267] ignoré : 'code'
16:53:35  WARNING     [INC-268] ignoré : 'code'
16:53:35  WARNING     [INC-269] ignoré : 'code'
16:53:35  WARNING     [INC-270] ignoré : 'code'
16:53:35  WARNING     [INC-271] ignoré : 'code'
16:53:35  WARNING     [INC-272] ignoré : 'code'
16:53:35  WARNING     [INC-273] ignoré : 'code'
16:53:35  WARNING     [INC-274] ignoré : 'code'
16:53:35  WARNING     [INC-275] ignoré : 'code'
16:53:35  WARNING     [INC-276] ignoré : 'code'
16:53:35  WARNING     [INC-277] ignoré : 'code'
16:53:35  WARNING     [INC-278] ignoré : 'code'
16:53:35  WARNING     [INC-279] ignoré : 'code'
16:53:35  WARNING     [INC-280] ignoré : 'code'
16:53:35  WARNING     [INC-281] ignoré : 'code'
16:53:35  WARNING     [INC-282] ignoré : 'code'
16:53:35  WARNING     [INC-283] ignoré : 'code'
16:53:35  WARNING     [INC-284] ignoré : 'code'
16:53:35  WARNING     [INC-285] ignoré : 'code'
16:53:35  WARNING     [INC-286] ignoré : 'code'
16:53:35  WARNING     [INC-287] ignoré : 'code'
16:53:35  WARNING     [INC-288] ignoré : 'code'
16:53:35  WARNING     [INC-289] ignoré : 'code'
16:53:35  WARNING     [INC-290] ignoré : 'code'
16:53:35  WARNING     [INC-291] ignoré : 'code'
16:53:35  WARNING     [INC-292] ignoré : 'code'
16:53:35  WARNING     [INC-293] ignoré : 'code'
16:53:35  WARNING     [INC-294] ignoré : 'code'
16:53:35  WARNING     [INC-295] ignoré : 'code'
16:53:35  WARNING     [INC-296] ignoré : 'code'
16:53:35  WARNING     [INC-297] ignoré : 'code'
16:53:35  WARNING     [INC-298] ignoré : 'code'
16:53:35  WARNING     [INC-299] ignoré : 'code'
16:53:35  WARNING     [INC-300] ignoré : 'code'
16:53:35  INFO        Incidents transformés   : 0 (erreurs: 300)
16:53:35  WARNING     [TKT-1] ignoré : 'code'
16:53:35  WARNING     [TKT-2] ignoré : 'code'
16:53:35  WARNING     [TKT-3] ignoré : 'code'
16:53:35  WARNING     [TKT-4] ignoré : 'code'
16:53:35  WARNING     [TKT-5] ignoré : 'code'
16:53:35  WARNING     [TKT-6] ignoré : 'code'
16:53:35  WARNING     [TKT-7] ignoré : 'code'
16:53:35  WARNING     [TKT-8] ignoré : 'code'
16:53:35  WARNING     [TKT-9] ignoré : 'code'
16:53:35  WARNING     [TKT-10] ignoré : 'code'
16:53:35  WARNING     [TKT-11] ignoré : 'code'
16:53:35  WARNING     [TKT-12] ignoré : 'code'
16:53:35  WARNING     [TKT-13] ignoré : 'code'
16:53:35  WARNING     [TKT-14] ignoré : 'code'
16:53:35  WARNING     [TKT-15] ignoré : 'code'
16:53:35  WARNING     [TKT-16] ignoré : 'code'
16:53:35  WARNING     [TKT-17] ignoré : 'code'
16:53:35  WARNING     [TKT-18] ignoré : 'code'
16:53:35  WARNING     [TKT-19] ignoré : 'code'
16:53:35  WARNING     [TKT-20] ignoré : 'code'
16:53:35  WARNING     [TKT-21] ignoré : 'code'
16:53:35  WARNING     [TKT-22] ignoré : 'code'
16:53:35  WARNING     [TKT-23] ignoré : 'code'
16:53:35  WARNING     [TKT-24] ignoré : 'code'
16:53:35  WARNING     [TKT-25] ignoré : 'code'
16:53:35  WARNING     [TKT-26] ignoré : 'code'
16:53:35  WARNING     [TKT-27] ignoré : 'code'
16:53:35  WARNING     [TKT-28] ignoré : 'code'
16:53:35  WARNING     [TKT-29] ignoré : 'code'
16:53:35  WARNING     [TKT-30] ignoré : 'code'
16:53:35  WARNING     [TKT-31] ignoré : 'code'
16:53:35  WARNING     [TKT-32] ignoré : 'code'
16:53:35  WARNING     [TKT-33] ignoré : 'code'
16:53:35  WARNING     [TKT-34] ignoré : 'code'
16:53:35  WARNING     [TKT-35] ignoré : 'code'
16:53:35  WARNING     [TKT-36] ignoré : 'code'
16:53:35  WARNING     [TKT-37] ignoré : 'code'
16:53:35  WARNING     [TKT-38] ignoré : 'code'
16:53:35  WARNING     [TKT-39] ignoré : 'code'
16:53:35  WARNING     [TKT-40] ignoré : 'code'
16:53:35  WARNING     [TKT-41] ignoré : 'code'
16:53:35  WARNING     [TKT-42] ignoré : 'code'
16:53:35  WARNING     [TKT-43] ignoré : 'code'
16:53:35  WARNING     [TKT-44] ignoré : 'code'
16:53:35  WARNING     [TKT-45] ignoré : 'code'
16:53:35  WARNING     [TKT-46] ignoré : 'code'
16:53:35  WARNING     [TKT-47] ignoré : 'code'
16:53:35  WARNING     [TKT-48] ignoré : 'code'
16:53:35  WARNING     [TKT-49] ignoré : 'code'
16:53:35  WARNING     [TKT-50] ignoré : 'code'
16:53:35  WARNING     [TKT-51] ignoré : 'code'
16:53:35  WARNING     [TKT-52] ignoré : 'code'
16:53:35  WARNING     [TKT-53] ignoré : 'code'
16:53:35  WARNING     [TKT-54] ignoré : 'code'
16:53:35  WARNING     [TKT-55] ignoré : 'code'
16:53:35  WARNING     [TKT-56] ignoré : 'code'
16:53:35  WARNING     [TKT-57] ignoré : 'code'
16:53:35  WARNING     [TKT-58] ignoré : 'code'
16:53:35  WARNING     [TKT-59] ignoré : 'code'
16:53:35  WARNING     [TKT-60] ignoré : 'code'
16:53:35  WARNING     [TKT-61] ignoré : 'code'
16:53:35  WARNING     [TKT-62] ignoré : 'code'
16:53:35  WARNING     [TKT-63] ignoré : 'code'
16:53:35  WARNING     [TKT-64] ignoré : 'code'
16:53:35  WARNING     [TKT-65] ignoré : 'code'
16:53:35  WARNING     [TKT-66] ignoré : 'code'
16:53:35  WARNING     [TKT-67] ignoré : 'code'
16:53:35  WARNING     [TKT-68] ignoré : 'code'
16:53:35  WARNING     [TKT-69] ignoré : 'code'
16:53:35  WARNING     [TKT-70] ignoré : 'code'
16:53:35  WARNING     [TKT-71] ignoré : 'code'
16:53:35  WARNING     [TKT-72] ignoré : 'code'
16:53:35  WARNING     [TKT-73] ignoré : 'code'
16:53:35  WARNING     [TKT-74] ignoré : 'code'
16:53:35  WARNING     [TKT-75] ignoré : 'code'
16:53:35  WARNING     [TKT-76] ignoré : 'code'
16:53:35  WARNING     [TKT-77] ignoré : 'code'
16:53:35  WARNING     [TKT-78] ignoré : 'code'
16:53:35  WARNING     [TKT-79] ignoré : 'code'
16:53:35  WARNING     [TKT-80] ignoré : 'code'
16:53:35  WARNING     [TKT-81] ignoré : 'code'
16:53:35  WARNING     [TKT-82] ignoré : 'code'
16:53:35  WARNING     [TKT-83] ignoré : 'code'
16:53:35  WARNING     [TKT-84] ignoré : 'code'
16:53:35  WARNING     [TKT-85] ignoré : 'code'
16:53:35  WARNING     [TKT-86] ignoré : 'code'
16:53:35  WARNING     [TKT-87] ignoré : 'code'
16:53:35  WARNING     [TKT-88] ignoré : 'code'
16:53:35  WARNING     [TKT-89] ignoré : 'code'
16:53:35  WARNING     [TKT-90] ignoré : 'code'
16:53:35  WARNING     [TKT-91] ignoré : 'code'
16:53:35  WARNING     [TKT-92] ignoré : 'code'
16:53:35  WARNING     [TKT-93] ignoré : 'code'
16:53:35  WARNING     [TKT-94] ignoré : 'code'
16:53:35  WARNING     [TKT-95] ignoré : 'code'
16:53:35  WARNING     [TKT-96] ignoré : 'code'
16:53:35  WARNING     [TKT-97] ignoré : 'code'
16:53:35  WARNING     [TKT-98] ignoré : 'code'
16:53:35  WARNING     [TKT-99] ignoré : 'code'
16:53:35  WARNING     [TKT-100] ignoré : 'code'
16:53:35  WARNING     [TKT-101] ignoré : 'code'
16:53:35  WARNING     [TKT-102] ignoré : 'code'
16:53:35  WARNING     [TKT-103] ignoré : 'code'
16:53:35  WARNING     [TKT-104] ignoré : 'code'
16:53:35  WARNING     [TKT-105] ignoré : 'code'
16:53:35  WARNING     [TKT-106] ignoré : 'code'
16:53:35  WARNING     [TKT-107] ignoré : 'code'
16:53:35  WARNING     [TKT-108] ignoré : 'code'
16:53:35  WARNING     [TKT-109] ignoré : 'code'
16:53:35  WARNING     [TKT-110] ignoré : 'code'
16:53:35  WARNING     [TKT-111] ignoré : 'code'
16:53:35  WARNING     [TKT-112] ignoré : 'code'
16:53:35  WARNING     [TKT-113] ignoré : 'code'
16:53:35  WARNING     [TKT-114] ignoré : 'code'
16:53:35  WARNING     [TKT-115] ignoré : 'code'
16:53:35  WARNING     [TKT-116] ignoré : 'code'
16:53:35  WARNING     [TKT-117] ignoré : 'code'
16:53:35  WARNING     [TKT-118] ignoré : 'code'
16:53:35  WARNING     [TKT-119] ignoré : 'code'
16:53:35  WARNING     [TKT-120] ignoré : 'code'
16:53:35  WARNING     [TKT-121] ignoré : 'code'
16:53:35  WARNING     [TKT-122] ignoré : 'code'
16:53:35  WARNING     [TKT-123] ignoré : 'code'
16:53:35  WARNING     [TKT-124] ignoré : 'code'
16:53:35  WARNING     [TKT-125] ignoré : 'code'
16:53:35  WARNING     [TKT-126] ignoré : 'code'
16:53:35  WARNING     [TKT-127] ignoré : 'code'
16:53:35  WARNING     [TKT-128] ignoré : 'code'
16:53:35  WARNING     [TKT-129] ignoré : 'code'
16:53:35  WARNING     [TKT-130] ignoré : 'code'
16:53:35  WARNING     [TKT-131] ignoré : 'code'
16:53:35  WARNING     [TKT-132] ignoré : 'code'
16:53:35  WARNING     [TKT-133] ignoré : 'code'
16:53:35  WARNING     [TKT-134] ignoré : 'code'
16:53:35  WARNING     [TKT-135] ignoré : 'code'
16:53:35  WARNING     [TKT-136] ignoré : 'code'
16:53:35  WARNING     [TKT-137] ignoré : 'code'
16:53:35  WARNING     [TKT-138] ignoré : 'code'
16:53:35  WARNING     [TKT-139] ignoré : 'code'
16:53:35  WARNING     [TKT-140] ignoré : 'code'
16:53:35  WARNING     [TKT-141] ignoré : 'code'
16:53:35  WARNING     [TKT-142] ignoré : 'code'
16:53:35  WARNING     [TKT-143] ignoré : 'code'
16:53:35  WARNING     [TKT-144] ignoré : 'code'
16:53:35  WARNING     [TKT-145] ignoré : 'code'
16:53:35  WARNING     [TKT-146] ignoré : 'code'
16:53:35  WARNING     [TKT-147] ignoré : 'code'
16:53:35  WARNING     [TKT-148] ignoré : 'code'
16:53:35  WARNING     [TKT-149] ignoré : 'code'
16:53:35  WARNING     [TKT-150] ignoré : 'code'
16:53:35  WARNING     [TKT-151] ignoré : 'code'
16:53:35  WARNING     [TKT-152] ignoré : 'code'
16:53:35  WARNING     [TKT-153] ignoré : 'code'
16:53:35  WARNING     [TKT-154] ignoré : 'code'
16:53:35  WARNING     [TKT-155] ignoré : 'code'
16:53:35  WARNING     [TKT-156] ignoré : 'code'
16:53:35  WARNING     [TKT-157] ignoré : 'code'
16:53:35  WARNING     [TKT-158] ignoré : 'code'
16:53:35  WARNING     [TKT-159] ignoré : 'code'
16:53:35  WARNING     [TKT-160] ignoré : 'code'
16:53:35  WARNING     [TKT-161] ignoré : 'code'
16:53:35  WARNING     [TKT-162] ignoré : 'code'
16:53:35  WARNING     [TKT-163] ignoré : 'code'
16:53:35  WARNING     [TKT-164] ignoré : 'code'
16:53:35  WARNING     [TKT-165] ignoré : 'code'
16:53:35  WARNING     [TKT-166] ignoré : 'code'
16:53:35  WARNING     [TKT-167] ignoré : 'code'
16:53:35  WARNING     [TKT-168] ignoré : 'code'
16:53:35  WARNING     [TKT-169] ignoré : 'code'
16:53:35  WARNING     [TKT-170] ignoré : 'code'
16:53:35  WARNING     [TKT-171] ignoré : 'code'
16:53:35  WARNING     [TKT-172] ignoré : 'code'
16:53:35  WARNING     [TKT-173] ignoré : 'code'
16:53:35  WARNING     [TKT-174] ignoré : 'code'
16:53:35  WARNING     [TKT-175] ignoré : 'code'
16:53:35  WARNING     [TKT-176] ignoré : 'code'
16:53:35  WARNING     [TKT-177] ignoré : 'code'
16:53:35  WARNING     [TKT-178] ignoré : 'code'
16:53:35  WARNING     [TKT-179] ignoré : 'code'
16:53:35  WARNING     [TKT-180] ignoré : 'code'
16:53:35  WARNING     [TKT-181] ignoré : 'code'
16:53:35  WARNING     [TKT-182] ignoré : 'code'
16:53:35  WARNING     [TKT-183] ignoré : 'code'
16:53:35  WARNING     [TKT-184] ignoré : 'code'
16:53:35  WARNING     [TKT-185] ignoré : 'code'
16:53:35  WARNING     [TKT-186] ignoré : 'code'
16:53:35  WARNING     [TKT-187] ignoré : 'code'
16:53:35  WARNING     [TKT-188] ignoré : 'code'
16:53:35  WARNING     [TKT-189] ignoré : 'code'
16:53:35  WARNING     [TKT-190] ignoré : 'code'
16:53:35  WARNING     [TKT-191] ignoré : 'code'
16:53:35  WARNING     [TKT-192] ignoré : 'code'
16:53:35  WARNING     [TKT-193] ignoré : 'code'
16:53:35  WARNING     [TKT-194] ignoré : 'code'
16:53:35  WARNING     [TKT-195] ignoré : 'code'
16:53:35  WARNING     [TKT-196] ignoré : 'code'
16:53:35  WARNING     [TKT-197] ignoré : 'code'
16:53:35  WARNING     [TKT-198] ignoré : 'code'
16:53:35  WARNING     [TKT-199] ignoré : 'code'
16:53:35  WARNING     [TKT-200] ignoré : 'code'
16:53:35  WARNING     [TKT-201] ignoré : 'code'
16:53:35  WARNING     [TKT-202] ignoré : 'code'
16:53:35  WARNING     [TKT-203] ignoré : 'code'
16:53:35  WARNING     [TKT-204] ignoré : 'code'
16:53:35  WARNING     [TKT-205] ignoré : 'code'
16:53:35  WARNING     [TKT-206] ignoré : 'code'
16:53:35  WARNING     [TKT-207] ignoré : 'code'
16:53:35  WARNING     [TKT-208] ignoré : 'code'
16:53:35  WARNING     [TKT-209] ignoré : 'code'
16:53:35  WARNING     [TKT-210] ignoré : 'code'
16:53:35  WARNING     [TKT-211] ignoré : 'code'
16:53:35  WARNING     [TKT-212] ignoré : 'code'
16:53:35  WARNING     [TKT-213] ignoré : 'code'
16:53:35  WARNING     [TKT-214] ignoré : 'code'
16:53:35  WARNING     [TKT-215] ignoré : 'code'
16:53:35  WARNING     [TKT-216] ignoré : 'code'
16:53:35  WARNING     [TKT-217] ignoré : 'code'
16:53:35  WARNING     [TKT-218] ignoré : 'code'
16:53:35  WARNING     [TKT-219] ignoré : 'code'
16:53:35  WARNING     [TKT-220] ignoré : 'code'
16:53:35  WARNING     [TKT-221] ignoré : 'code'
16:53:35  WARNING     [TKT-222] ignoré : 'code'
16:53:35  WARNING     [TKT-223] ignoré : 'code'
16:53:35  WARNING     [TKT-224] ignoré : 'code'
16:53:35  WARNING     [TKT-225] ignoré : 'code'
16:53:35  WARNING     [TKT-226] ignoré : 'code'
16:53:35  WARNING     [TKT-227] ignoré : 'code'
16:53:35  WARNING     [TKT-228] ignoré : 'code'
16:53:35  WARNING     [TKT-229] ignoré : 'code'
16:53:35  WARNING     [TKT-230] ignoré : 'code'
16:53:35  WARNING     [TKT-231] ignoré : 'code'
16:53:35  WARNING     [TKT-232] ignoré : 'code'
16:53:35  WARNING     [TKT-233] ignoré : 'code'
16:53:35  WARNING     [TKT-234] ignoré : 'code'
16:53:35  WARNING     [TKT-235] ignoré : 'code'
16:53:35  WARNING     [TKT-236] ignoré : 'code'
16:53:35  WARNING     [TKT-237] ignoré : 'code'
16:53:35  WARNING     [TKT-238] ignoré : 'code'
16:53:35  WARNING     [TKT-239] ignoré : 'code'
16:53:35  WARNING     [TKT-240] ignoré : 'code'
16:53:35  WARNING     [TKT-241] ignoré : 'code'
16:53:35  WARNING     [TKT-242] ignoré : 'code'
16:53:35  WARNING     [TKT-243] ignoré : 'code'
16:53:35  WARNING     [TKT-244] ignoré : 'code'
16:53:35  WARNING     [TKT-245] ignoré : 'code'
16:53:35  WARNING     [TKT-246] ignoré : 'code'
16:53:35  WARNING     [TKT-247] ignoré : 'code'
16:53:35  WARNING     [TKT-248] ignoré : 'code'
16:53:35  WARNING     [TKT-249] ignoré : 'code'
16:53:35  WARNING     [TKT-250] ignoré : 'code'
16:53:35  WARNING     [TKT-251] ignoré : 'code'
16:53:35  WARNING     [TKT-252] ignoré : 'code'
16:53:35  WARNING     [TKT-253] ignoré : 'code'
16:53:35  WARNING     [TKT-254] ignoré : 'code'
16:53:35  WARNING     [TKT-255] ignoré : 'code'
16:53:35  WARNING     [TKT-256] ignoré : 'code'
16:53:35  WARNING     [TKT-257] ignoré : 'code'
16:53:35  WARNING     [TKT-258] ignoré : 'code'
16:53:35  WARNING     [TKT-259] ignoré : 'code'
16:53:35  WARNING     [TKT-260] ignoré : 'code'
16:53:35  WARNING     [TKT-261] ignoré : 'code'
16:53:35  WARNING     [TKT-262] ignoré : 'code'
16:53:35  WARNING     [TKT-263] ignoré : 'code'
16:53:35  WARNING     [TKT-264] ignoré : 'code'
16:53:35  WARNING     [TKT-265] ignoré : 'code'
16:53:35  WARNING     [TKT-266] ignoré : 'code'
16:53:35  WARNING     [TKT-267] ignoré : 'code'
16:53:35  WARNING     [TKT-268] ignoré : 'code'
16:53:35  WARNING     [TKT-269] ignoré : 'code'
16:53:35  WARNING     [TKT-270] ignoré : 'code'
16:53:35  WARNING     [TKT-271] ignoré : 'code'
16:53:35  WARNING     [TKT-272] ignoré : 'code'
16:53:35  WARNING     [TKT-273] ignoré : 'code'
16:53:35  WARNING     [TKT-274] ignoré : 'code'
16:53:35  WARNING     [TKT-275] ignoré : 'code'
16:53:35  WARNING     [TKT-276] ignoré : 'code'
16:53:35  INFO        Tickets transformés     : 0
16:54:40  INFO      ╔══════════════════════════════════════════════╗
16:54:40  INFO      ║  ETL Plateforme BI Télécom — démarrage       ║
16:54:40  INFO      ╚══════════════════════════════════════════════╝
16:54:40  INFO      ━━━ EXTRACT ━━━━━━━━━━━━━━━━━━━━━━━━━━━━━━━━
16:54:40  INFO        Extrait  : secteurs.csv — 10 lignes
16:54:40  INFO        Extrait  : equipements.csv — 120 lignes
16:54:40  INFO        Extrait  : techniciens.csv — 30 lignes
16:54:40  INFO        Extrait  : incidents.csv — 300 lignes
16:54:40  INFO        Extrait  : tickets.csv — 276 lignes
16:54:40  INFO      ━━━ TRANSFORM ━━━━━━━━━━━━━━━━━━━━━━━━━━━━━━
16:54:40  INFO        Secteurs transformés    : 10
16:54:40  INFO        Équipements transformés : 120
16:54:40  INFO        Techniciens transformés : 30
16:54:40  INFO        Dim_temps générée       : 177 jours
16:54:40  WARNING     [INC-1] ignoré : 'code'
16:54:40  WARNING     [INC-2] ignoré : 'code'
16:54:40  WARNING     [INC-3] ignoré : 'code'
16:54:40  WARNING     [INC-4] ignoré : 'code'
16:54:40  WARNING     [INC-5] ignoré : 'code'
16:54:40  WARNING     [INC-6] ignoré : 'code'
16:54:40  WARNING     [INC-7] ignoré : 'code'
16:54:40  WARNING     [INC-8] ignoré : 'code'
16:54:40  WARNING     [INC-9] ignoré : 'code'
16:54:40  WARNING     [INC-10] ignoré : 'code'
16:54:40  WARNING     [INC-11] ignoré : 'code'
16:54:40  WARNING     [INC-12] ignoré : 'code'
16:54:40  WARNING     [INC-13] ignoré : 'code'
16:54:40  WARNING     [INC-14] ignoré : 'code'
16:54:40  WARNING     [INC-15] ignoré : 'code'
16:54:40  WARNING     [INC-16] ignoré : 'code'
16:54:40  WARNING     [INC-17] ignoré : 'code'
16:54:40  WARNING     [INC-18] ignoré : 'code'
16:54:40  WARNING     [INC-19] ignoré : 'code'
16:54:40  WARNING     [INC-20] ignoré : 'code'
16:54:40  WARNING     [INC-21] ignoré : 'code'
16:54:40  WARNING     [INC-22] ignoré : 'code'
16:54:40  WARNING     [INC-23] ignoré : 'code'
16:54:40  WARNING     [INC-24] ignoré : 'code'
16:54:40  WARNING     [INC-25] ignoré : 'code'
16:54:40  WARNING     [INC-26] ignoré : 'code'
16:54:40  WARNING     [INC-27] ignoré : 'code'
16:54:40  WARNING     [INC-28] ignoré : 'code'
16:54:40  WARNING     [INC-29] ignoré : 'code'
16:54:40  WARNING     [INC-30] ignoré : 'code'
16:54:40  WARNING     [INC-31] ignoré : 'code'
16:54:40  WARNING     [INC-32] ignoré : 'code'
16:54:40  WARNING     [INC-33] ignoré : 'code'
16:54:40  WARNING     [INC-34] ignoré : 'code'
16:54:40  WARNING     [INC-35] ignoré : 'code'
16:54:40  WARNING     [INC-36] ignoré : 'code'
16:54:40  WARNING     [INC-37] ignoré : 'code'
16:54:40  WARNING     [INC-38] ignoré : 'code'
16:54:40  WARNING     [INC-39] ignoré : 'code'
16:54:40  WARNING     [INC-40] ignoré : 'code'
16:54:40  WARNING     [INC-41] ignoré : 'code'
16:54:40  WARNING     [INC-42] ignoré : 'code'
16:54:40  WARNING     [INC-43] ignoré : 'code'
16:54:40  WARNING     [INC-44] ignoré : 'code'
16:54:40  WARNING     [INC-45] ignoré : 'code'
16:54:40  WARNING     [INC-46] ignoré : 'code'
16:54:40  WARNING     [INC-47] ignoré : 'code'
16:54:40  WARNING     [INC-48] ignoré : 'code'
16:54:40  WARNING     [INC-49] ignoré : 'code'
16:54:40  WARNING     [INC-50] ignoré : 'code'
16:54:40  WARNING     [INC-51] ignoré : 'code'
16:54:40  WARNING     [INC-52] ignoré : 'code'
16:54:40  WARNING     [INC-53] ignoré : 'code'
16:54:40  WARNING     [INC-54] ignoré : 'code'
16:54:40  WARNING     [INC-55] ignoré : 'code'
16:54:40  WARNING     [INC-56] ignoré : 'code'
16:54:40  WARNING     [INC-57] ignoré : 'code'
16:54:40  WARNING     [INC-58] ignoré : 'code'
16:54:40  WARNING     [INC-59] ignoré : 'code'
16:54:40  WARNING     [INC-60] ignoré : 'code'
16:54:40  WARNING     [INC-61] ignoré : 'code'
16:54:40  WARNING     [INC-62] ignoré : 'code'
16:54:40  WARNING     [INC-63] ignoré : 'code'
16:54:40  WARNING     [INC-64] ignoré : 'code'
16:54:40  WARNING     [INC-65] ignoré : 'code'
16:54:40  WARNING     [INC-66] ignoré : 'code'
16:54:40  WARNING     [INC-67] ignoré : 'code'
16:54:40  WARNING     [INC-68] ignoré : 'code'
16:54:40  WARNING     [INC-69] ignoré : 'code'
16:54:40  WARNING     [INC-70] ignoré : 'code'
16:54:40  WARNING     [INC-71] ignoré : 'code'
16:54:40  WARNING     [INC-72] ignoré : 'code'
16:54:40  WARNING     [INC-73] ignoré : 'code'
16:54:40  WARNING     [INC-74] ignoré : 'code'
16:54:40  WARNING     [INC-75] ignoré : 'code'
16:54:40  WARNING     [INC-76] ignoré : 'code'
16:54:40  WARNING     [INC-77] ignoré : 'code'
16:54:40  WARNING     [INC-78] ignoré : 'code'
16:54:40  WARNING     [INC-79] ignoré : 'code'
16:54:40  WARNING     [INC-80] ignoré : 'code'
16:54:40  WARNING     [INC-81] ignoré : 'code'
16:54:40  WARNING     [INC-82] ignoré : 'code'
16:54:40  WARNING     [INC-83] ignoré : 'code'
16:54:40  WARNING     [INC-84] ignoré : 'code'
16:54:40  WARNING     [INC-85] ignoré : 'code'
16:54:40  WARNING     [INC-86] ignoré : 'code'
16:54:40  WARNING     [INC-87] ignoré : 'code'
16:54:40  WARNING     [INC-88] ignoré : 'code'
16:54:40  WARNING     [INC-89] ignoré : 'code'
16:54:40  WARNING     [INC-90] ignoré : 'code'
16:54:40  WARNING     [INC-91] ignoré : 'code'
16:54:40  WARNING     [INC-92] ignoré : 'code'
16:54:40  WARNING     [INC-93] ignoré : 'code'
16:54:40  WARNING     [INC-94] ignoré : 'code'
16:54:40  WARNING     [INC-95] ignoré : 'code'
16:54:40  WARNING     [INC-96] ignoré : 'code'
16:54:40  WARNING     [INC-97] ignoré : 'code'
16:54:40  WARNING     [INC-98] ignoré : 'code'
16:54:40  WARNING     [INC-99] ignoré : 'code'
16:54:40  WARNING     [INC-100] ignoré : 'code'
16:54:40  WARNING     [INC-101] ignoré : 'code'
16:54:40  WARNING     [INC-102] ignoré : 'code'
16:54:40  WARNING     [INC-103] ignoré : 'code'
16:54:40  WARNING     [INC-104] ignoré : 'code'
16:54:40  WARNING     [INC-105] ignoré : 'code'
16:54:40  WARNING     [INC-106] ignoré : 'code'
16:54:40  WARNING     [INC-107] ignoré : 'code'
16:54:40  WARNING     [INC-108] ignoré : 'code'
16:54:40  WARNING     [INC-109] ignoré : 'code'
16:54:40  WARNING     [INC-110] ignoré : 'code'
16:54:40  WARNING     [INC-111] ignoré : 'code'
16:54:40  WARNING     [INC-112] ignoré : 'code'
16:54:40  WARNING     [INC-113] ignoré : 'code'
16:54:40  WARNING     [INC-114] ignoré : 'code'
16:54:40  WARNING     [INC-115] ignoré : 'code'
16:54:40  WARNING     [INC-116] ignoré : 'code'
16:54:40  WARNING     [INC-117] ignoré : 'code'
16:54:40  WARNING     [INC-118] ignoré : 'code'
16:54:40  WARNING     [INC-119] ignoré : 'code'
16:54:40  WARNING     [INC-120] ignoré : 'code'
16:54:40  WARNING     [INC-121] ignoré : 'code'
16:54:40  WARNING     [INC-122] ignoré : 'code'
16:54:40  WARNING     [INC-123] ignoré : 'code'
16:54:40  WARNING     [INC-124] ignoré : 'code'
16:54:40  WARNING     [INC-125] ignoré : 'code'
16:54:40  WARNING     [INC-126] ignoré : 'code'
16:54:40  WARNING     [INC-127] ignoré : 'code'
16:54:40  WARNING     [INC-128] ignoré : 'code'
16:54:40  WARNING     [INC-129] ignoré : 'code'
16:54:40  WARNING     [INC-130] ignoré : 'code'
16:54:40  WARNING     [INC-131] ignoré : 'code'
16:54:40  WARNING     [INC-132] ignoré : 'code'
16:54:40  WARNING     [INC-133] ignoré : 'code'
16:54:40  WARNING     [INC-134] ignoré : 'code'
16:54:40  WARNING     [INC-135] ignoré : 'code'
16:54:40  WARNING     [INC-136] ignoré : 'code'
16:54:40  WARNING     [INC-137] ignoré : 'code'
16:54:40  WARNING     [INC-138] ignoré : 'code'
16:54:40  WARNING     [INC-139] ignoré : 'code'
16:54:40  WARNING     [INC-140] ignoré : 'code'
16:54:40  WARNING     [INC-141] ignoré : 'code'
16:54:40  WARNING     [INC-142] ignoré : 'code'
16:54:40  WARNING     [INC-143] ignoré : 'code'
16:54:40  WARNING     [INC-144] ignoré : 'code'
16:54:40  WARNING     [INC-145] ignoré : 'code'
16:54:40  WARNING     [INC-146] ignoré : 'code'
16:54:40  WARNING     [INC-147] ignoré : 'code'
16:54:40  WARNING     [INC-148] ignoré : 'code'
16:54:40  WARNING     [INC-149] ignoré : 'code'
16:54:40  WARNING     [INC-150] ignoré : 'code'
16:54:40  WARNING     [INC-151] ignoré : 'code'
16:54:40  WARNING     [INC-152] ignoré : 'code'
16:54:40  WARNING     [INC-153] ignoré : 'code'
16:54:40  WARNING     [INC-154] ignoré : 'code'
16:54:40  WARNING     [INC-155] ignoré : 'code'
16:54:40  WARNING     [INC-156] ignoré : 'code'
16:54:40  WARNING     [INC-157] ignoré : 'code'
16:54:40  WARNING     [INC-158] ignoré : 'code'
16:54:40  WARNING     [INC-159] ignoré : 'code'
16:54:40  WARNING     [INC-160] ignoré : 'code'
16:54:40  WARNING     [INC-161] ignoré : 'code'
16:54:40  WARNING     [INC-162] ignoré : 'code'
16:54:40  WARNING     [INC-163] ignoré : 'code'
16:54:40  WARNING     [INC-164] ignoré : 'code'
16:54:40  WARNING     [INC-165] ignoré : 'code'
16:54:40  WARNING     [INC-166] ignoré : 'code'
16:54:40  WARNING     [INC-167] ignoré : 'code'
16:54:40  WARNING     [INC-168] ignoré : 'code'
16:54:40  WARNING     [INC-169] ignoré : 'code'
16:54:40  WARNING     [INC-170] ignoré : 'code'
16:54:40  WARNING     [INC-171] ignoré : 'code'
16:54:40  WARNING     [INC-172] ignoré : 'code'
16:54:40  WARNING     [INC-173] ignoré : 'code'
16:54:40  WARNING     [INC-174] ignoré : 'code'
16:54:40  WARNING     [INC-175] ignoré : 'code'
16:54:40  WARNING     [INC-176] ignoré : 'code'
16:54:40  WARNING     [INC-177] ignoré : 'code'
16:54:40  WARNING     [INC-178] ignoré : 'code'
16:54:40  WARNING     [INC-179] ignoré : 'code'
16:54:40  WARNING     [INC-180] ignoré : 'code'
16:54:40  WARNING     [INC-181] ignoré : 'code'
16:54:40  WARNING     [INC-182] ignoré : 'code'
16:54:40  WARNING     [INC-183] ignoré : 'code'
16:54:40  WARNING     [INC-184] ignoré : 'code'
16:54:40  WARNING     [INC-185] ignoré : 'code'
16:54:40  WARNING     [INC-186] ignoré : 'code'
16:54:40  WARNING     [INC-187] ignoré : 'code'
16:54:40  WARNING     [INC-188] ignoré : 'code'
16:54:40  WARNING     [INC-189] ignoré : 'code'
16:54:40  WARNING     [INC-190] ignoré : 'code'
16:54:40  WARNING     [INC-191] ignoré : 'code'
16:54:40  WARNING     [INC-192] ignoré : 'code'
16:54:40  WARNING     [INC-193] ignoré : 'code'
16:54:40  WARNING     [INC-194] ignoré : 'code'
16:54:40  WARNING     [INC-195] ignoré : 'code'
16:54:40  WARNING     [INC-196] ignoré : 'code'
16:54:40  WARNING     [INC-197] ignoré : 'code'
16:54:40  WARNING     [INC-198] ignoré : 'code'
16:54:40  WARNING     [INC-199] ignoré : 'code'
16:54:40  WARNING     [INC-200] ignoré : 'code'
16:54:40  WARNING     [INC-201] ignoré : 'code'
16:54:40  WARNING     [INC-202] ignoré : 'code'
16:54:40  WARNING     [INC-203] ignoré : 'code'
16:54:40  WARNING     [INC-204] ignoré : 'code'
16:54:40  WARNING     [INC-205] ignoré : 'code'
16:54:40  WARNING     [INC-206] ignoré : 'code'
16:54:40  WARNING     [INC-207] ignoré : 'code'
16:54:40  WARNING     [INC-208] ignoré : 'code'
16:54:40  WARNING     [INC-209] ignoré : 'code'
16:54:40  WARNING     [INC-210] ignoré : 'code'
16:54:40  WARNING     [INC-211] ignoré : 'code'
16:54:40  WARNING     [INC-212] ignoré : 'code'
16:54:40  WARNING     [INC-213] ignoré : 'code'
16:54:40  WARNING     [INC-214] ignoré : 'code'
16:54:40  WARNING     [INC-215] ignoré : 'code'
16:54:40  WARNING     [INC-216] ignoré : 'code'
16:54:40  WARNING     [INC-217] ignoré : 'code'
16:54:40  WARNING     [INC-218] ignoré : 'code'
16:54:40  WARNING     [INC-219] ignoré : 'code'
16:54:40  WARNING     [INC-220] ignoré : 'code'
16:54:40  WARNING     [INC-221] ignoré : 'code'
16:54:40  WARNING     [INC-222] ignoré : 'code'
16:54:40  WARNING     [INC-223] ignoré : 'code'
16:54:40  WARNING     [INC-224] ignoré : 'code'
16:54:40  WARNING     [INC-225] ignoré : 'code'
16:54:40  WARNING     [INC-226] ignoré : 'code'
16:54:40  WARNING     [INC-227] ignoré : 'code'
16:54:40  WARNING     [INC-228] ignoré : 'code'
16:54:40  WARNING     [INC-229] ignoré : 'code'
16:54:40  WARNING     [INC-230] ignoré : 'code'
16:54:40  WARNING     [INC-231] ignoré : 'code'
16:54:40  WARNING     [INC-232] ignoré : 'code'
16:54:40  WARNING     [INC-233] ignoré : 'code'
16:54:40  WARNING     [INC-234] ignoré : 'code'
16:54:40  WARNING     [INC-235] ignoré : 'code'
16:54:40  WARNING     [INC-236] ignoré : 'code'
16:54:40  WARNING     [INC-237] ignoré : 'code'
16:54:40  WARNING     [INC-238] ignoré : 'code'
16:54:40  WARNING     [INC-239] ignoré : 'code'
16:54:41  WARNING     [INC-240] ignoré : 'code'
16:54:41  WARNING     [INC-241] ignoré : 'code'
16:54:41  WARNING     [INC-242] ignoré : 'code'
16:54:41  WARNING     [INC-243] ignoré : 'code'
16:54:41  WARNING     [INC-244] ignoré : 'code'
16:54:41  WARNING     [INC-245] ignoré : 'code'
16:54:41  WARNING     [INC-246] ignoré : 'code'
16:54:41  WARNING     [INC-247] ignoré : 'code'
16:54:41  WARNING     [INC-248] ignoré : 'code'
16:54:41  WARNING     [INC-249] ignoré : 'code'
16:54:41  WARNING     [INC-250] ignoré : 'code'
16:54:41  WARNING     [INC-251] ignoré : 'code'
16:54:41  WARNING     [INC-252] ignoré : 'code'
16:54:41  WARNING     [INC-253] ignoré : 'code'
16:54:41  WARNING     [INC-254] ignoré : 'code'
16:54:41  WARNING     [INC-255] ignoré : 'code'
16:54:41  WARNING     [INC-256] ignoré : 'code'
16:54:41  WARNING     [INC-257] ignoré : 'code'
16:54:41  WARNING     [INC-258] ignoré : 'code'
16:54:41  WARNING     [INC-259] ignoré : 'code'
16:54:41  WARNING     [INC-260] ignoré : 'code'
16:54:41  WARNING     [INC-261] ignoré : 'code'
16:54:41  WARNING     [INC-262] ignoré : 'code'
16:54:41  WARNING     [INC-263] ignoré : 'code'
16:54:41  WARNING     [INC-264] ignoré : 'code'
16:54:41  WARNING     [INC-265] ignoré : 'code'
16:54:41  WARNING     [INC-266] ignoré : 'code'
16:54:41  WARNING     [INC-267] ignoré : 'code'
16:54:41  WARNING     [INC-268] ignoré : 'code'
16:54:41  WARNING     [INC-269] ignoré : 'code'
16:54:41  WARNING     [INC-270] ignoré : 'code'
16:54:41  WARNING     [INC-271] ignoré : 'code'
16:54:41  WARNING     [INC-272] ignoré : 'code'
16:54:41  WARNING     [INC-273] ignoré : 'code'
16:54:41  WARNING     [INC-274] ignoré : 'code'
16:54:41  WARNING     [INC-275] ignoré : 'code'
16:54:41  WARNING     [INC-276] ignoré : 'code'
16:54:41  WARNING     [INC-277] ignoré : 'code'
16:54:41  WARNING     [INC-278] ignoré : 'code'
16:54:41  WARNING     [INC-279] ignoré : 'code'
16:54:41  WARNING     [INC-280] ignoré : 'code'
16:54:41  WARNING     [INC-281] ignoré : 'code'
16:54:41  WARNING     [INC-282] ignoré : 'code'
16:54:41  WARNING     [INC-283] ignoré : 'code'
16:54:41  WARNING     [INC-284] ignoré : 'code'
16:54:41  WARNING     [INC-285] ignoré : 'code'
16:54:41  WARNING     [INC-286] ignoré : 'code'
16:54:41  WARNING     [INC-287] ignoré : 'code'
16:54:41  WARNING     [INC-288] ignoré : 'code'
16:54:41  WARNING     [INC-289] ignoré : 'code'
16:54:41  WARNING     [INC-290] ignoré : 'code'
16:54:41  WARNING     [INC-291] ignoré : 'code'
16:54:41  WARNING     [INC-292] ignoré : 'code'
16:54:41  WARNING     [INC-293] ignoré : 'code'
16:54:41  WARNING     [INC-294] ignoré : 'code'
16:54:41  WARNING     [INC-295] ignoré : 'code'
16:54:41  WARNING     [INC-296] ignoré : 'code'
16:54:41  WARNING     [INC-297] ignoré : 'code'
16:54:41  WARNING     [INC-298] ignoré : 'code'
16:54:41  WARNING     [INC-299] ignoré : 'code'
16:54:41  WARNING     [INC-300] ignoré : 'code'
16:54:41  INFO        Incidents transformés   : 0 (erreurs: 300)
16:54:41  WARNING     [TKT-1] ignoré : 'code'
16:54:41  WARNING     [TKT-2] ignoré : 'code'
16:54:41  WARNING     [TKT-3] ignoré : 'code'
16:54:41  WARNING     [TKT-4] ignoré : 'code'
16:54:41  WARNING     [TKT-5] ignoré : 'code'
16:54:41  WARNING     [TKT-6] ignoré : 'code'
16:54:41  WARNING     [TKT-7] ignoré : 'code'
16:54:41  WARNING     [TKT-8] ignoré : 'code'
16:54:41  WARNING     [TKT-9] ignoré : 'code'
16:54:41  WARNING     [TKT-10] ignoré : 'code'
16:54:41  WARNING     [TKT-11] ignoré : 'code'
16:54:41  WARNING     [TKT-12] ignoré : 'code'
16:54:41  WARNING     [TKT-13] ignoré : 'code'
16:54:41  WARNING     [TKT-14] ignoré : 'code'
16:54:41  WARNING     [TKT-15] ignoré : 'code'
16:54:41  WARNING     [TKT-16] ignoré : 'code'
16:54:41  WARNING     [TKT-17] ignoré : 'code'
16:54:41  WARNING     [TKT-18] ignoré : 'code'
16:54:41  WARNING     [TKT-19] ignoré : 'code'
16:54:41  WARNING     [TKT-20] ignoré : 'code'
16:54:41  WARNING     [TKT-21] ignoré : 'code'
16:54:41  WARNING     [TKT-22] ignoré : 'code'
16:54:41  WARNING     [TKT-23] ignoré : 'code'
16:54:41  WARNING     [TKT-24] ignoré : 'code'
16:54:41  WARNING     [TKT-25] ignoré : 'code'
16:54:41  WARNING     [TKT-26] ignoré : 'code'
16:54:41  WARNING     [TKT-27] ignoré : 'code'
16:54:41  WARNING     [TKT-28] ignoré : 'code'
16:54:41  WARNING     [TKT-29] ignoré : 'code'
16:54:41  WARNING     [TKT-30] ignoré : 'code'
16:54:41  WARNING     [TKT-31] ignoré : 'code'
16:54:41  WARNING     [TKT-32] ignoré : 'code'
16:54:41  WARNING     [TKT-33] ignoré : 'code'
16:54:41  WARNING     [TKT-34] ignoré : 'code'
16:54:41  WARNING     [TKT-35] ignoré : 'code'
16:54:41  WARNING     [TKT-36] ignoré : 'code'
16:54:41  WARNING     [TKT-37] ignoré : 'code'
16:54:41  WARNING     [TKT-38] ignoré : 'code'
16:54:41  WARNING     [TKT-39] ignoré : 'code'
16:54:41  WARNING     [TKT-40] ignoré : 'code'
16:54:41  WARNING     [TKT-41] ignoré : 'code'
16:54:41  WARNING     [TKT-42] ignoré : 'code'
16:54:41  WARNING     [TKT-43] ignoré : 'code'
16:54:41  WARNING     [TKT-44] ignoré : 'code'
16:54:41  WARNING     [TKT-45] ignoré : 'code'
16:54:41  WARNING     [TKT-46] ignoré : 'code'
16:54:41  WARNING     [TKT-47] ignoré : 'code'
16:54:41  WARNING     [TKT-48] ignoré : 'code'
16:54:41  WARNING     [TKT-49] ignoré : 'code'
16:54:41  WARNING     [TKT-50] ignoré : 'code'
16:54:41  WARNING     [TKT-51] ignoré : 'code'
16:54:41  WARNING     [TKT-52] ignoré : 'code'
16:54:41  WARNING     [TKT-53] ignoré : 'code'
16:54:41  WARNING     [TKT-54] ignoré : 'code'
16:54:41  WARNING     [TKT-55] ignoré : 'code'
16:54:41  WARNING     [TKT-56] ignoré : 'code'
16:54:41  WARNING     [TKT-57] ignoré : 'code'
16:54:41  WARNING     [TKT-58] ignoré : 'code'
16:54:41  WARNING     [TKT-59] ignoré : 'code'
16:54:41  WARNING     [TKT-60] ignoré : 'code'
16:54:41  WARNING     [TKT-61] ignoré : 'code'
16:54:41  WARNING     [TKT-62] ignoré : 'code'
16:54:41  WARNING     [TKT-63] ignoré : 'code'
16:54:41  WARNING     [TKT-64] ignoré : 'code'
16:54:41  WARNING     [TKT-65] ignoré : 'code'
16:54:41  WARNING     [TKT-66] ignoré : 'code'
16:54:41  WARNING     [TKT-67] ignoré : 'code'
16:54:41  WARNING     [TKT-68] ignoré : 'code'
16:54:41  WARNING     [TKT-69] ignoré : 'code'
16:54:41  WARNING     [TKT-70] ignoré : 'code'
16:54:41  WARNING     [TKT-71] ignoré : 'code'
16:54:41  WARNING     [TKT-72] ignoré : 'code'
16:54:41  WARNING     [TKT-73] ignoré : 'code'
16:54:41  WARNING     [TKT-74] ignoré : 'code'
16:54:41  WARNING     [TKT-75] ignoré : 'code'
16:54:41  WARNING     [TKT-76] ignoré : 'code'
16:54:41  WARNING     [TKT-77] ignoré : 'code'
16:54:41  WARNING     [TKT-78] ignoré : 'code'
16:54:41  WARNING     [TKT-79] ignoré : 'code'
16:54:41  WARNING     [TKT-80] ignoré : 'code'
16:54:41  WARNING     [TKT-81] ignoré : 'code'
16:54:41  WARNING     [TKT-82] ignoré : 'code'
16:54:41  WARNING     [TKT-83] ignoré : 'code'
16:54:41  WARNING     [TKT-84] ignoré : 'code'
16:54:41  WARNING     [TKT-85] ignoré : 'code'
16:54:41  WARNING     [TKT-86] ignoré : 'code'
16:54:41  WARNING     [TKT-87] ignoré : 'code'
16:54:41  WARNING     [TKT-88] ignoré : 'code'
16:54:41  WARNING     [TKT-89] ignoré : 'code'
16:54:41  WARNING     [TKT-90] ignoré : 'code'
16:54:41  WARNING     [TKT-91] ignoré : 'code'
16:54:41  WARNING     [TKT-92] ignoré : 'code'
16:54:41  WARNING     [TKT-93] ignoré : 'code'
16:54:41  WARNING     [TKT-94] ignoré : 'code'
16:54:41  WARNING     [TKT-95] ignoré : 'code'
16:54:41  WARNING     [TKT-96] ignoré : 'code'
16:54:41  WARNING     [TKT-97] ignoré : 'code'
16:54:41  WARNING     [TKT-98] ignoré : 'code'
16:54:41  WARNING     [TKT-99] ignoré : 'code'
16:54:41  WARNING     [TKT-100] ignoré : 'code'
16:54:41  WARNING     [TKT-101] ignoré : 'code'
16:54:41  WARNING     [TKT-102] ignoré : 'code'
16:54:41  WARNING     [TKT-103] ignoré : 'code'
16:54:41  WARNING     [TKT-104] ignoré : 'code'
16:54:41  WARNING     [TKT-105] ignoré : 'code'
16:54:41  WARNING     [TKT-106] ignoré : 'code'
16:54:41  WARNING     [TKT-107] ignoré : 'code'
16:54:41  WARNING     [TKT-108] ignoré : 'code'
16:54:41  WARNING     [TKT-109] ignoré : 'code'
16:54:41  WARNING     [TKT-110] ignoré : 'code'
16:54:41  WARNING     [TKT-111] ignoré : 'code'
16:54:41  WARNING     [TKT-112] ignoré : 'code'
16:54:41  WARNING     [TKT-113] ignoré : 'code'
16:54:41  WARNING     [TKT-114] ignoré : 'code'
16:54:41  WARNING     [TKT-115] ignoré : 'code'
16:54:41  WARNING     [TKT-116] ignoré : 'code'
16:54:41  WARNING     [TKT-117] ignoré : 'code'
16:54:41  WARNING     [TKT-118] ignoré : 'code'
16:54:41  WARNING     [TKT-119] ignoré : 'code'
16:54:41  WARNING     [TKT-120] ignoré : 'code'
16:54:41  WARNING     [TKT-121] ignoré : 'code'
16:54:41  WARNING     [TKT-122] ignoré : 'code'
16:54:41  WARNING     [TKT-123] ignoré : 'code'
16:54:41  WARNING     [TKT-124] ignoré : 'code'
16:54:41  WARNING     [TKT-125] ignoré : 'code'
16:54:41  WARNING     [TKT-126] ignoré : 'code'
16:54:41  WARNING     [TKT-127] ignoré : 'code'
16:54:41  WARNING     [TKT-128] ignoré : 'code'
16:54:41  WARNING     [TKT-129] ignoré : 'code'
16:54:41  WARNING     [TKT-130] ignoré : 'code'
16:54:41  WARNING     [TKT-131] ignoré : 'code'
16:54:41  WARNING     [TKT-132] ignoré : 'code'
16:54:41  WARNING     [TKT-133] ignoré : 'code'
16:54:41  WARNING     [TKT-134] ignoré : 'code'
16:54:41  WARNING     [TKT-135] ignoré : 'code'
16:54:41  WARNING     [TKT-136] ignoré : 'code'
16:54:41  WARNING     [TKT-137] ignoré : 'code'
16:54:41  WARNING     [TKT-138] ignoré : 'code'
16:54:41  WARNING     [TKT-139] ignoré : 'code'
16:54:41  WARNING     [TKT-140] ignoré : 'code'
16:54:41  WARNING     [TKT-141] ignoré : 'code'
16:54:41  WARNING     [TKT-142] ignoré : 'code'
16:54:41  WARNING     [TKT-143] ignoré : 'code'
16:54:41  WARNING     [TKT-144] ignoré : 'code'
16:54:41  WARNING     [TKT-145] ignoré : 'code'
16:54:41  WARNING     [TKT-146] ignoré : 'code'
16:54:41  WARNING     [TKT-147] ignoré : 'code'
16:54:41  WARNING     [TKT-148] ignoré : 'code'
16:54:41  WARNING     [TKT-149] ignoré : 'code'
16:54:41  WARNING     [TKT-150] ignoré : 'code'
16:54:41  WARNING     [TKT-151] ignoré : 'code'
16:54:41  WARNING     [TKT-152] ignoré : 'code'
16:54:41  WARNING     [TKT-153] ignoré : 'code'
16:54:41  WARNING     [TKT-154] ignoré : 'code'
16:54:41  WARNING     [TKT-155] ignoré : 'code'
16:54:41  WARNING     [TKT-156] ignoré : 'code'
16:54:41  WARNING     [TKT-157] ignoré : 'code'
16:54:41  WARNING     [TKT-158] ignoré : 'code'
16:54:41  WARNING     [TKT-159] ignoré : 'code'
16:54:41  WARNING     [TKT-160] ignoré : 'code'
16:54:41  WARNING     [TKT-161] ignoré : 'code'
16:54:41  WARNING     [TKT-162] ignoré : 'code'
16:54:41  WARNING     [TKT-163] ignoré : 'code'
16:54:41  WARNING     [TKT-164] ignoré : 'code'
16:54:41  WARNING     [TKT-165] ignoré : 'code'
16:54:41  WARNING     [TKT-166] ignoré : 'code'
16:54:41  WARNING     [TKT-167] ignoré : 'code'
16:54:41  WARNING     [TKT-168] ignoré : 'code'
16:54:41  WARNING     [TKT-169] ignoré : 'code'
16:54:41  WARNING     [TKT-170] ignoré : 'code'
16:54:41  WARNING     [TKT-171] ignoré : 'code'
16:54:41  WARNING     [TKT-172] ignoré : 'code'
16:54:41  WARNING     [TKT-173] ignoré : 'code'
16:54:41  WARNING     [TKT-174] ignoré : 'code'
16:54:41  WARNING     [TKT-175] ignoré : 'code'
16:54:41  WARNING     [TKT-176] ignoré : 'code'
16:54:41  WARNING     [TKT-177] ignoré : 'code'
16:54:41  WARNING     [TKT-178] ignoré : 'code'
16:54:41  WARNING     [TKT-179] ignoré : 'code'
16:54:41  WARNING     [TKT-180] ignoré : 'code'
16:54:41  WARNING     [TKT-181] ignoré : 'code'
16:54:41  WARNING     [TKT-182] ignoré : 'code'
16:54:41  WARNING     [TKT-183] ignoré : 'code'
16:54:41  WARNING     [TKT-184] ignoré : 'code'
16:54:41  WARNING     [TKT-185] ignoré : 'code'
16:54:41  WARNING     [TKT-186] ignoré : 'code'
16:54:41  WARNING     [TKT-187] ignoré : 'code'
16:54:41  WARNING     [TKT-188] ignoré : 'code'
16:54:41  WARNING     [TKT-189] ignoré : 'code'
16:54:41  WARNING     [TKT-190] ignoré : 'code'
16:54:41  WARNING     [TKT-191] ignoré : 'code'
16:54:41  WARNING     [TKT-192] ignoré : 'code'
16:54:41  WARNING     [TKT-193] ignoré : 'code'
16:54:41  WARNING     [TKT-194] ignoré : 'code'
16:54:41  WARNING     [TKT-195] ignoré : 'code'
16:54:41  WARNING     [TKT-196] ignoré : 'code'
16:54:41  WARNING     [TKT-197] ignoré : 'code'
16:54:41  WARNING     [TKT-198] ignoré : 'code'
16:54:41  WARNING     [TKT-199] ignoré : 'code'
16:54:41  WARNING     [TKT-200] ignoré : 'code'
16:54:41  WARNING     [TKT-201] ignoré : 'code'
16:54:41  WARNING     [TKT-202] ignoré : 'code'
16:54:41  WARNING     [TKT-203] ignoré : 'code'
16:54:41  WARNING     [TKT-204] ignoré : 'code'
16:54:41  WARNING     [TKT-205] ignoré : 'code'
16:54:41  WARNING     [TKT-206] ignoré : 'code'
16:54:41  WARNING     [TKT-207] ignoré : 'code'
16:54:41  WARNING     [TKT-208] ignoré : 'code'
16:54:41  WARNING     [TKT-209] ignoré : 'code'
16:54:41  WARNING     [TKT-210] ignoré : 'code'
16:54:41  WARNING     [TKT-211] ignoré : 'code'
16:54:41  WARNING     [TKT-212] ignoré : 'code'
16:54:41  WARNING     [TKT-213] ignoré : 'code'
16:54:41  WARNING     [TKT-214] ignoré : 'code'
16:54:41  WARNING     [TKT-215] ignoré : 'code'
16:54:41  WARNING     [TKT-216] ignoré : 'code'
16:54:41  WARNING     [TKT-217] ignoré : 'code'
16:54:41  WARNING     [TKT-218] ignoré : 'code'
16:54:41  WARNING     [TKT-219] ignoré : 'code'
16:54:41  WARNING     [TKT-220] ignoré : 'code'
16:54:41  WARNING     [TKT-221] ignoré : 'code'
16:54:41  WARNING     [TKT-222] ignoré : 'code'
16:54:41  WARNING     [TKT-223] ignoré : 'code'
16:54:41  WARNING     [TKT-224] ignoré : 'code'
16:54:41  WARNING     [TKT-225] ignoré : 'code'
16:54:41  WARNING     [TKT-226] ignoré : 'code'
16:54:41  WARNING     [TKT-227] ignoré : 'code'
16:54:41  WARNING     [TKT-228] ignoré : 'code'
16:54:41  WARNING     [TKT-229] ignoré : 'code'
16:54:41  WARNING     [TKT-230] ignoré : 'code'
16:54:41  WARNING     [TKT-231] ignoré : 'code'
16:54:41  WARNING     [TKT-232] ignoré : 'code'
16:54:41  WARNING     [TKT-233] ignoré : 'code'
16:54:41  WARNING     [TKT-234] ignoré : 'code'
16:54:41  WARNING     [TKT-235] ignoré : 'code'
16:54:41  WARNING     [TKT-236] ignoré : 'code'
16:54:41  WARNING     [TKT-237] ignoré : 'code'
16:54:41  WARNING     [TKT-238] ignoré : 'code'
16:54:41  WARNING     [TKT-239] ignoré : 'code'
16:54:41  WARNING     [TKT-240] ignoré : 'code'
16:54:41  WARNING     [TKT-241] ignoré : 'code'
16:54:41  WARNING     [TKT-242] ignoré : 'code'
16:54:41  WARNING     [TKT-243] ignoré : 'code'
16:54:41  WARNING     [TKT-244] ignoré : 'code'
16:54:41  WARNING     [TKT-245] ignoré : 'code'
16:54:41  WARNING     [TKT-246] ignoré : 'code'
16:54:41  WARNING     [TKT-247] ignoré : 'code'
16:54:41  WARNING     [TKT-248] ignoré : 'code'
16:54:41  WARNING     [TKT-249] ignoré : 'code'
16:54:41  WARNING     [TKT-250] ignoré : 'code'
16:54:41  WARNING     [TKT-251] ignoré : 'code'
16:54:41  WARNING     [TKT-252] ignoré : 'code'
16:54:41  WARNING     [TKT-253] ignoré : 'code'
16:54:41  WARNING     [TKT-254] ignoré : 'code'
16:54:41  WARNING     [TKT-255] ignoré : 'code'
16:54:41  WARNING     [TKT-256] ignoré : 'code'
16:54:41  WARNING     [TKT-257] ignoré : 'code'
16:54:41  WARNING     [TKT-258] ignoré : 'code'
16:54:41  WARNING     [TKT-259] ignoré : 'code'
16:54:41  WARNING     [TKT-260] ignoré : 'code'
16:54:41  WARNING     [TKT-261] ignoré : 'code'
16:54:41  WARNING     [TKT-262] ignoré : 'code'
16:54:41  WARNING     [TKT-263] ignoré : 'code'
16:54:41  WARNING     [TKT-264] ignoré : 'code'
16:54:41  WARNING     [TKT-265] ignoré : 'code'
16:54:41  WARNING     [TKT-266] ignoré : 'code'
16:54:41  WARNING     [TKT-267] ignoré : 'code'
16:54:41  WARNING     [TKT-268] ignoré : 'code'
16:54:41  WARNING     [TKT-269] ignoré : 'code'
16:54:41  WARNING     [TKT-270] ignoré : 'code'
16:54:41  WARNING     [TKT-271] ignoré : 'code'
16:54:41  WARNING     [TKT-272] ignoré : 'code'
16:54:41  WARNING     [TKT-273] ignoré : 'code'
16:54:41  WARNING     [TKT-274] ignoré : 'code'
16:54:41  WARNING     [TKT-275] ignoré : 'code'
16:54:41  WARNING     [TKT-276] ignoré : 'code'
16:54:41  INFO        Tickets transformés     : 0
16:57:06  INFO      ╔══════════════════════════════════════════════╗
16:57:06  INFO      ║  ETL Plateforme BI Télécom — démarrage       ║
16:57:06  INFO      ╚══════════════════════════════════════════════╝
16:57:06  INFO      ━━━ EXTRACT ━━━━━━━━━━━━━━━━━━━━━━━━━━━━━━━━
16:57:06  INFO        Extrait  : secteurs.csv — 10 lignes
16:57:06  INFO        Extrait  : equipements.csv — 120 lignes
16:57:06  INFO        Extrait  : techniciens.csv — 30 lignes
16:57:06  INFO        Extrait  : incidents.csv — 300 lignes
16:57:06  INFO        Extrait  : tickets.csv — 276 lignes
16:57:06  INFO      ━━━ TRANSFORM ━━━━━━━━━━━━━━━━━━━━━━━━━━━━━━
16:57:06  INFO        Secteurs transformés    : 10
16:57:06  INFO        Équipements transformés : 120
16:57:06  INFO        Techniciens transformés : 30
16:57:06  INFO        Dim_temps générée       : 177 jours
16:57:06  WARNING     [INC-1] ignoré : 'code'
16:57:06  WARNING     [INC-2] ignoré : 'code'
16:57:06  WARNING     [INC-3] ignoré : 'code'
16:57:06  WARNING     [INC-4] ignoré : 'code'
16:57:06  WARNING     [INC-5] ignoré : 'code'
16:57:06  WARNING     [INC-6] ignoré : 'code'
16:57:06  WARNING     [INC-7] ignoré : 'code'
16:57:06  WARNING     [INC-8] ignoré : 'code'
16:57:06  WARNING     [INC-9] ignoré : 'code'
16:57:06  WARNING     [INC-10] ignoré : 'code'
16:57:06  WARNING     [INC-11] ignoré : 'code'
16:57:06  WARNING     [INC-12] ignoré : 'code'
16:57:06  WARNING     [INC-13] ignoré : 'code'
16:57:06  WARNING     [INC-14] ignoré : 'code'
16:57:06  WARNING     [INC-15] ignoré : 'code'
16:57:06  WARNING     [INC-16] ignoré : 'code'
16:57:06  WARNING     [INC-17] ignoré : 'code'
16:57:06  WARNING     [INC-18] ignoré : 'code'
16:57:06  WARNING     [INC-19] ignoré : 'code'
16:57:06  WARNING     [INC-20] ignoré : 'code'
16:57:06  WARNING     [INC-21] ignoré : 'code'
16:57:06  WARNING     [INC-22] ignoré : 'code'
16:57:06  WARNING     [INC-23] ignoré : 'code'
16:57:06  WARNING     [INC-24] ignoré : 'code'
16:57:06  WARNING     [INC-25] ignoré : 'code'
16:57:06  WARNING     [INC-26] ignoré : 'code'
16:57:06  WARNING     [INC-27] ignoré : 'code'
16:57:06  WARNING     [INC-28] ignoré : 'code'
16:57:06  WARNING     [INC-29] ignoré : 'code'
16:57:06  WARNING     [INC-30] ignoré : 'code'
16:57:06  WARNING     [INC-31] ignoré : 'code'
16:57:06  WARNING     [INC-32] ignoré : 'code'
16:57:06  WARNING     [INC-33] ignoré : 'code'
16:57:06  WARNING     [INC-34] ignoré : 'code'
16:57:06  WARNING     [INC-35] ignoré : 'code'
16:57:06  WARNING     [INC-36] ignoré : 'code'
16:57:06  WARNING     [INC-37] ignoré : 'code'
16:57:06  WARNING     [INC-38] ignoré : 'code'
16:57:06  WARNING     [INC-39] ignoré : 'code'
16:57:06  WARNING     [INC-40] ignoré : 'code'
16:57:06  WARNING     [INC-41] ignoré : 'code'
16:57:06  WARNING     [INC-42] ignoré : 'code'
16:57:06  WARNING     [INC-43] ignoré : 'code'
16:57:06  WARNING     [INC-44] ignoré : 'code'
16:57:06  WARNING     [INC-45] ignoré : 'code'
16:57:06  WARNING     [INC-46] ignoré : 'code'
16:57:06  WARNING     [INC-47] ignoré : 'code'
16:57:06  WARNING     [INC-48] ignoré : 'code'
16:57:06  WARNING     [INC-49] ignoré : 'code'
16:57:06  WARNING     [INC-50] ignoré : 'code'
16:57:06  WARNING     [INC-51] ignoré : 'code'
16:57:06  WARNING     [INC-52] ignoré : 'code'
16:57:06  WARNING     [INC-53] ignoré : 'code'
16:57:06  WARNING     [INC-54] ignoré : 'code'
16:57:06  WARNING     [INC-55] ignoré : 'code'
16:57:06  WARNING     [INC-56] ignoré : 'code'
16:57:06  WARNING     [INC-57] ignoré : 'code'
16:57:06  WARNING     [INC-58] ignoré : 'code'
16:57:06  WARNING     [INC-59] ignoré : 'code'
16:57:06  WARNING     [INC-60] ignoré : 'code'
16:57:06  WARNING     [INC-61] ignoré : 'code'
16:57:06  WARNING     [INC-62] ignoré : 'code'
16:57:06  WARNING     [INC-63] ignoré : 'code'
16:57:06  WARNING     [INC-64] ignoré : 'code'
16:57:06  WARNING     [INC-65] ignoré : 'code'
16:57:06  WARNING     [INC-66] ignoré : 'code'
16:57:06  WARNING     [INC-67] ignoré : 'code'
16:57:06  WARNING     [INC-68] ignoré : 'code'
16:57:06  WARNING     [INC-69] ignoré : 'code'
16:57:06  WARNING     [INC-70] ignoré : 'code'
16:57:06  WARNING     [INC-71] ignoré : 'code'
16:57:06  WARNING     [INC-72] ignoré : 'code'
16:57:06  WARNING     [INC-73] ignoré : 'code'
16:57:06  WARNING     [INC-74] ignoré : 'code'
16:57:06  WARNING     [INC-75] ignoré : 'code'
16:57:06  WARNING     [INC-76] ignoré : 'code'
16:57:06  WARNING     [INC-77] ignoré : 'code'
16:57:06  WARNING     [INC-78] ignoré : 'code'
16:57:06  WARNING     [INC-79] ignoré : 'code'
16:57:06  WARNING     [INC-80] ignoré : 'code'
16:57:06  WARNING     [INC-81] ignoré : 'code'
16:57:06  WARNING     [INC-82] ignoré : 'code'
16:57:06  WARNING     [INC-83] ignoré : 'code'
16:57:06  WARNING     [INC-84] ignoré : 'code'
16:57:06  WARNING     [INC-85] ignoré : 'code'
16:57:06  WARNING     [INC-86] ignoré : 'code'
16:57:06  WARNING     [INC-87] ignoré : 'code'
16:57:06  WARNING     [INC-88] ignoré : 'code'
16:57:06  WARNING     [INC-89] ignoré : 'code'
16:57:06  WARNING     [INC-90] ignoré : 'code'
16:57:06  WARNING     [INC-91] ignoré : 'code'
16:57:06  WARNING     [INC-92] ignoré : 'code'
16:57:06  WARNING     [INC-93] ignoré : 'code'
16:57:06  WARNING     [INC-94] ignoré : 'code'
16:57:06  WARNING     [INC-95] ignoré : 'code'
16:57:06  WARNING     [INC-96] ignoré : 'code'
16:57:06  WARNING     [INC-97] ignoré : 'code'
16:57:06  WARNING     [INC-98] ignoré : 'code'
16:57:06  WARNING     [INC-99] ignoré : 'code'
16:57:06  WARNING     [INC-100] ignoré : 'code'
16:57:06  WARNING     [INC-101] ignoré : 'code'
16:57:06  WARNING     [INC-102] ignoré : 'code'
16:57:06  WARNING     [INC-103] ignoré : 'code'
16:57:06  WARNING     [INC-104] ignoré : 'code'
16:57:06  WARNING     [INC-105] ignoré : 'code'
16:57:06  WARNING     [INC-106] ignoré : 'code'
16:57:06  WARNING     [INC-107] ignoré : 'code'
16:57:06  WARNING     [INC-108] ignoré : 'code'
16:57:06  WARNING     [INC-109] ignoré : 'code'
16:57:06  WARNING     [INC-110] ignoré : 'code'
16:57:06  WARNING     [INC-111] ignoré : 'code'
16:57:06  WARNING     [INC-112] ignoré : 'code'
16:57:06  WARNING     [INC-113] ignoré : 'code'
16:57:06  WARNING     [INC-114] ignoré : 'code'
16:57:06  WARNING     [INC-115] ignoré : 'code'
16:57:06  WARNING     [INC-116] ignoré : 'code'
16:57:06  WARNING     [INC-117] ignoré : 'code'
16:57:06  WARNING     [INC-118] ignoré : 'code'
16:57:06  WARNING     [INC-119] ignoré : 'code'
16:57:06  WARNING     [INC-120] ignoré : 'code'
16:57:06  WARNING     [INC-121] ignoré : 'code'
16:57:06  WARNING     [INC-122] ignoré : 'code'
16:57:06  WARNING     [INC-123] ignoré : 'code'
16:57:06  WARNING     [INC-124] ignoré : 'code'
16:57:06  WARNING     [INC-125] ignoré : 'code'
16:57:06  WARNING     [INC-126] ignoré : 'code'
16:57:06  WARNING     [INC-127] ignoré : 'code'
16:57:06  WARNING     [INC-128] ignoré : 'code'
16:57:06  WARNING     [INC-129] ignoré : 'code'
16:57:06  WARNING     [INC-130] ignoré : 'code'
16:57:06  WARNING     [INC-131] ignoré : 'code'
16:57:06  WARNING     [INC-132] ignoré : 'code'
16:57:06  WARNING     [INC-133] ignoré : 'code'
16:57:06  WARNING     [INC-134] ignoré : 'code'
16:57:06  WARNING     [INC-135] ignoré : 'code'
16:57:06  WARNING     [INC-136] ignoré : 'code'
16:57:06  WARNING     [INC-137] ignoré : 'code'
16:57:06  WARNING     [INC-138] ignoré : 'code'
16:57:06  WARNING     [INC-139] ignoré : 'code'
16:57:06  WARNING     [INC-140] ignoré : 'code'
16:57:06  WARNING     [INC-141] ignoré : 'code'
16:57:06  WARNING     [INC-142] ignoré : 'code'
16:57:06  WARNING     [INC-143] ignoré : 'code'
16:57:06  WARNING     [INC-144] ignoré : 'code'
16:57:06  WARNING     [INC-145] ignoré : 'code'
16:57:06  WARNING     [INC-146] ignoré : 'code'
16:57:06  WARNING     [INC-147] ignoré : 'code'
16:57:06  WARNING     [INC-148] ignoré : 'code'
16:57:06  WARNING     [INC-149] ignoré : 'code'
16:57:06  WARNING     [INC-150] ignoré : 'code'
16:57:06  WARNING     [INC-151] ignoré : 'code'
16:57:06  WARNING     [INC-152] ignoré : 'code'
16:57:06  WARNING     [INC-153] ignoré : 'code'
16:57:06  WARNING     [INC-154] ignoré : 'code'
16:57:06  WARNING     [INC-155] ignoré : 'code'
16:57:06  WARNING     [INC-156] ignoré : 'code'
16:57:06  WARNING     [INC-157] ignoré : 'code'
16:57:06  WARNING     [INC-158] ignoré : 'code'
16:57:06  WARNING     [INC-159] ignoré : 'code'
16:57:06  WARNING     [INC-160] ignoré : 'code'
16:57:06  WARNING     [INC-161] ignoré : 'code'
16:57:06  WARNING     [INC-162] ignoré : 'code'
16:57:06  WARNING     [INC-163] ignoré : 'code'
16:57:06  WARNING     [INC-164] ignoré : 'code'
16:57:06  WARNING     [INC-165] ignoré : 'code'
16:57:06  WARNING     [INC-166] ignoré : 'code'
16:57:06  WARNING     [INC-167] ignoré : 'code'
16:57:06  WARNING     [INC-168] ignoré : 'code'
16:57:06  WARNING     [INC-169] ignoré : 'code'
16:57:06  WARNING     [INC-170] ignoré : 'code'
16:57:06  WARNING     [INC-171] ignoré : 'code'
16:57:06  WARNING     [INC-172] ignoré : 'code'
16:57:06  WARNING     [INC-173] ignoré : 'code'
16:57:06  WARNING     [INC-174] ignoré : 'code'
16:57:06  WARNING     [INC-175] ignoré : 'code'
16:57:06  WARNING     [INC-176] ignoré : 'code'
16:57:06  WARNING     [INC-177] ignoré : 'code'
16:57:06  WARNING     [INC-178] ignoré : 'code'
16:57:06  WARNING     [INC-179] ignoré : 'code'
16:57:06  WARNING     [INC-180] ignoré : 'code'
16:57:06  WARNING     [INC-181] ignoré : 'code'
16:57:06  WARNING     [INC-182] ignoré : 'code'
16:57:06  WARNING     [INC-183] ignoré : 'code'
16:57:06  WARNING     [INC-184] ignoré : 'code'
16:57:06  WARNING     [INC-185] ignoré : 'code'
16:57:06  WARNING     [INC-186] ignoré : 'code'
16:57:06  WARNING     [INC-187] ignoré : 'code'
16:57:06  WARNING     [INC-188] ignoré : 'code'
16:57:06  WARNING     [INC-189] ignoré : 'code'
16:57:06  WARNING     [INC-190] ignoré : 'code'
16:57:06  WARNING     [INC-191] ignoré : 'code'
16:57:06  WARNING     [INC-192] ignoré : 'code'
16:57:06  WARNING     [INC-193] ignoré : 'code'
16:57:06  WARNING     [INC-194] ignoré : 'code'
16:57:06  WARNING     [INC-195] ignoré : 'code'
16:57:06  WARNING     [INC-196] ignoré : 'code'
16:57:06  WARNING     [INC-197] ignoré : 'code'
16:57:06  WARNING     [INC-198] ignoré : 'code'
16:57:06  WARNING     [INC-199] ignoré : 'code'
16:57:06  WARNING     [INC-200] ignoré : 'code'
16:57:06  WARNING     [INC-201] ignoré : 'code'
16:57:06  WARNING     [INC-202] ignoré : 'code'
16:57:06  WARNING     [INC-203] ignoré : 'code'
16:57:06  WARNING     [INC-204] ignoré : 'code'
16:57:06  WARNING     [INC-205] ignoré : 'code'
16:57:06  WARNING     [INC-206] ignoré : 'code'
16:57:06  WARNING     [INC-207] ignoré : 'code'
16:57:06  WARNING     [INC-208] ignoré : 'code'
16:57:06  WARNING     [INC-209] ignoré : 'code'
16:57:06  WARNING     [INC-210] ignoré : 'code'
16:57:06  WARNING     [INC-211] ignoré : 'code'
16:57:06  WARNING     [INC-212] ignoré : 'code'
16:57:06  WARNING     [INC-213] ignoré : 'code'
16:57:06  WARNING     [INC-214] ignoré : 'code'
16:57:06  WARNING     [INC-215] ignoré : 'code'
16:57:06  WARNING     [INC-216] ignoré : 'code'
16:57:06  WARNING     [INC-217] ignoré : 'code'
16:57:06  WARNING     [INC-218] ignoré : 'code'
16:57:06  WARNING     [INC-219] ignoré : 'code'
16:57:06  WARNING     [INC-220] ignoré : 'code'
16:57:06  WARNING     [INC-221] ignoré : 'code'
16:57:06  WARNING     [INC-222] ignoré : 'code'
16:57:06  WARNING     [INC-223] ignoré : 'code'
16:57:06  WARNING     [INC-224] ignoré : 'code'
16:57:06  WARNING     [INC-225] ignoré : 'code'
16:57:06  WARNING     [INC-226] ignoré : 'code'
16:57:06  WARNING     [INC-227] ignoré : 'code'
16:57:06  WARNING     [INC-228] ignoré : 'code'
16:57:06  WARNING     [INC-229] ignoré : 'code'
16:57:06  WARNING     [INC-230] ignoré : 'code'
16:57:06  WARNING     [INC-231] ignoré : 'code'
16:57:06  WARNING     [INC-232] ignoré : 'code'
16:57:06  WARNING     [INC-233] ignoré : 'code'
16:57:06  WARNING     [INC-234] ignoré : 'code'
16:57:06  WARNING     [INC-235] ignoré : 'code'
16:57:06  WARNING     [INC-236] ignoré : 'code'
16:57:06  WARNING     [INC-237] ignoré : 'code'
16:57:06  WARNING     [INC-238] ignoré : 'code'
16:57:06  WARNING     [INC-239] ignoré : 'code'
16:57:06  WARNING     [INC-240] ignoré : 'code'
16:57:06  WARNING     [INC-241] ignoré : 'code'
16:57:06  WARNING     [INC-242] ignoré : 'code'
16:57:06  WARNING     [INC-243] ignoré : 'code'
16:57:06  WARNING     [INC-244] ignoré : 'code'
16:57:06  WARNING     [INC-245] ignoré : 'code'
16:57:06  WARNING     [INC-246] ignoré : 'code'
16:57:06  WARNING     [INC-247] ignoré : 'code'
16:57:06  WARNING     [INC-248] ignoré : 'code'
16:57:06  WARNING     [INC-249] ignoré : 'code'
16:57:06  WARNING     [INC-250] ignoré : 'code'
16:57:06  WARNING     [INC-251] ignoré : 'code'
16:57:06  WARNING     [INC-252] ignoré : 'code'
16:57:06  WARNING     [INC-253] ignoré : 'code'
16:57:06  WARNING     [INC-254] ignoré : 'code'
16:57:06  WARNING     [INC-255] ignoré : 'code'
16:57:06  WARNING     [INC-256] ignoré : 'code'
16:57:06  WARNING     [INC-257] ignoré : 'code'
16:57:06  WARNING     [INC-258] ignoré : 'code'
16:57:06  WARNING     [INC-259] ignoré : 'code'
16:57:06  WARNING     [INC-260] ignoré : 'code'
16:57:06  WARNING     [INC-261] ignoré : 'code'
16:57:06  WARNING     [INC-262] ignoré : 'code'
16:57:06  WARNING     [INC-263] ignoré : 'code'
16:57:06  WARNING     [INC-264] ignoré : 'code'
16:57:06  WARNING     [INC-265] ignoré : 'code'
16:57:06  WARNING     [INC-266] ignoré : 'code'
16:57:06  WARNING     [INC-267] ignoré : 'code'
16:57:06  WARNING     [INC-268] ignoré : 'code'
16:57:06  WARNING     [INC-269] ignoré : 'code'
16:57:06  WARNING     [INC-270] ignoré : 'code'
16:57:06  WARNING     [INC-271] ignoré : 'code'
16:57:06  WARNING     [INC-272] ignoré : 'code'
16:57:06  WARNING     [INC-273] ignoré : 'code'
16:57:06  WARNING     [INC-274] ignoré : 'code'
16:57:06  WARNING     [INC-275] ignoré : 'code'
16:57:06  WARNING     [INC-276] ignoré : 'code'
16:57:06  WARNING     [INC-277] ignoré : 'code'
16:57:06  WARNING     [INC-278] ignoré : 'code'
16:57:06  WARNING     [INC-279] ignoré : 'code'
16:57:06  WARNING     [INC-280] ignoré : 'code'
16:57:06  WARNING     [INC-281] ignoré : 'code'
16:57:06  WARNING     [INC-282] ignoré : 'code'
16:57:06  WARNING     [INC-283] ignoré : 'code'
16:57:06  WARNING     [INC-284] ignoré : 'code'
16:57:06  WARNING     [INC-285] ignoré : 'code'
16:57:06  WARNING     [INC-286] ignoré : 'code'
16:57:06  WARNING     [INC-287] ignoré : 'code'
16:57:06  WARNING     [INC-288] ignoré : 'code'
16:57:06  WARNING     [INC-289] ignoré : 'code'
16:57:06  WARNING     [INC-290] ignoré : 'code'
16:57:06  WARNING     [INC-291] ignoré : 'code'
16:57:06  WARNING     [INC-292] ignoré : 'code'
16:57:06  WARNING     [INC-293] ignoré : 'code'
16:57:06  WARNING     [INC-294] ignoré : 'code'
16:57:06  WARNING     [INC-295] ignoré : 'code'
16:57:06  WARNING     [INC-296] ignoré : 'code'
16:57:06  WARNING     [INC-297] ignoré : 'code'
16:57:06  WARNING     [INC-298] ignoré : 'code'
16:57:06  WARNING     [INC-299] ignoré : 'code'
16:57:06  WARNING     [INC-300] ignoré : 'code'
16:57:06  INFO        Incidents transformés   : 0 (erreurs: 300)
16:57:06  WARNING     [TKT-1] ignoré : 'code'
16:57:06  WARNING     [TKT-2] ignoré : 'code'
16:57:06  WARNING     [TKT-3] ignoré : 'code'
16:57:06  WARNING     [TKT-4] ignoré : 'code'
16:57:06  WARNING     [TKT-5] ignoré : 'code'
16:57:06  WARNING     [TKT-6] ignoré : 'code'
16:57:06  WARNING     [TKT-7] ignoré : 'code'
16:57:06  WARNING     [TKT-8] ignoré : 'code'
16:57:06  WARNING     [TKT-9] ignoré : 'code'
16:57:06  WARNING     [TKT-10] ignoré : 'code'
16:57:06  WARNING     [TKT-11] ignoré : 'code'
16:57:06  WARNING     [TKT-12] ignoré : 'code'
16:57:06  WARNING     [TKT-13] ignoré : 'code'
16:57:06  WARNING     [TKT-14] ignoré : 'code'
16:57:06  WARNING     [TKT-15] ignoré : 'code'
16:57:06  WARNING     [TKT-16] ignoré : 'code'
16:57:06  WARNING     [TKT-17] ignoré : 'code'
16:57:06  WARNING     [TKT-18] ignoré : 'code'
16:57:06  WARNING     [TKT-19] ignoré : 'code'
16:57:06  WARNING     [TKT-20] ignoré : 'code'
16:57:06  WARNING     [TKT-21] ignoré : 'code'
16:57:06  WARNING     [TKT-22] ignoré : 'code'
16:57:06  WARNING     [TKT-23] ignoré : 'code'
16:57:06  WARNING     [TKT-24] ignoré : 'code'
16:57:06  WARNING     [TKT-25] ignoré : 'code'
16:57:06  WARNING     [TKT-26] ignoré : 'code'
16:57:06  WARNING     [TKT-27] ignoré : 'code'
16:57:06  WARNING     [TKT-28] ignoré : 'code'
16:57:06  WARNING     [TKT-29] ignoré : 'code'
16:57:06  WARNING     [TKT-30] ignoré : 'code'
16:57:06  WARNING     [TKT-31] ignoré : 'code'
16:57:06  WARNING     [TKT-32] ignoré : 'code'
16:57:06  WARNING     [TKT-33] ignoré : 'code'
16:57:06  WARNING     [TKT-34] ignoré : 'code'
16:57:06  WARNING     [TKT-35] ignoré : 'code'
16:57:06  WARNING     [TKT-36] ignoré : 'code'
16:57:06  WARNING     [TKT-37] ignoré : 'code'
16:57:06  WARNING     [TKT-38] ignoré : 'code'
16:57:06  WARNING     [TKT-39] ignoré : 'code'
16:57:06  WARNING     [TKT-40] ignoré : 'code'
16:57:06  WARNING     [TKT-41] ignoré : 'code'
16:57:06  WARNING     [TKT-42] ignoré : 'code'
16:57:06  WARNING     [TKT-43] ignoré : 'code'
16:57:06  WARNING     [TKT-44] ignoré : 'code'
16:57:06  WARNING     [TKT-45] ignoré : 'code'
16:57:06  WARNING     [TKT-46] ignoré : 'code'
16:57:06  WARNING     [TKT-47] ignoré : 'code'
16:57:06  WARNING     [TKT-48] ignoré : 'code'
16:57:06  WARNING     [TKT-49] ignoré : 'code'
16:57:06  WARNING     [TKT-50] ignoré : 'code'
16:57:06  WARNING     [TKT-51] ignoré : 'code'
16:57:06  WARNING     [TKT-52] ignoré : 'code'
16:57:06  WARNING     [TKT-53] ignoré : 'code'
16:57:06  WARNING     [TKT-54] ignoré : 'code'
16:57:06  WARNING     [TKT-55] ignoré : 'code'
16:57:06  WARNING     [TKT-56] ignoré : 'code'
16:57:06  WARNING     [TKT-57] ignoré : 'code'
16:57:06  WARNING     [TKT-58] ignoré : 'code'
16:57:06  WARNING     [TKT-59] ignoré : 'code'
16:57:06  WARNING     [TKT-60] ignoré : 'code'
16:57:06  WARNING     [TKT-61] ignoré : 'code'
16:57:06  WARNING     [TKT-62] ignoré : 'code'
16:57:06  WARNING     [TKT-63] ignoré : 'code'
16:57:06  WARNING     [TKT-64] ignoré : 'code'
16:57:06  WARNING     [TKT-65] ignoré : 'code'
16:57:06  WARNING     [TKT-66] ignoré : 'code'
16:57:06  WARNING     [TKT-67] ignoré : 'code'
16:57:06  WARNING     [TKT-68] ignoré : 'code'
16:57:06  WARNING     [TKT-69] ignoré : 'code'
16:57:06  WARNING     [TKT-70] ignoré : 'code'
16:57:06  WARNING     [TKT-71] ignoré : 'code'
16:57:06  WARNING     [TKT-72] ignoré : 'code'
16:57:06  WARNING     [TKT-73] ignoré : 'code'
16:57:06  WARNING     [TKT-74] ignoré : 'code'
16:57:06  WARNING     [TKT-75] ignoré : 'code'
16:57:06  WARNING     [TKT-76] ignoré : 'code'
16:57:06  WARNING     [TKT-77] ignoré : 'code'
16:57:06  WARNING     [TKT-78] ignoré : 'code'
16:57:06  WARNING     [TKT-79] ignoré : 'code'
16:57:06  WARNING     [TKT-80] ignoré : 'code'
16:57:06  WARNING     [TKT-81] ignoré : 'code'
16:57:06  WARNING     [TKT-82] ignoré : 'code'
16:57:06  WARNING     [TKT-83] ignoré : 'code'
16:57:06  WARNING     [TKT-84] ignoré : 'code'
16:57:06  WARNING     [TKT-85] ignoré : 'code'
16:57:06  WARNING     [TKT-86] ignoré : 'code'
16:57:06  WARNING     [TKT-87] ignoré : 'code'
16:57:06  WARNING     [TKT-88] ignoré : 'code'
16:57:06  WARNING     [TKT-89] ignoré : 'code'
16:57:06  WARNING     [TKT-90] ignoré : 'code'
16:57:06  WARNING     [TKT-91] ignoré : 'code'
16:57:06  WARNING     [TKT-92] ignoré : 'code'
16:57:06  WARNING     [TKT-93] ignoré : 'code'
16:57:06  WARNING     [TKT-94] ignoré : 'code'
16:57:06  WARNING     [TKT-95] ignoré : 'code'
16:57:06  WARNING     [TKT-96] ignoré : 'code'
16:57:06  WARNING     [TKT-97] ignoré : 'code'
16:57:06  WARNING     [TKT-98] ignoré : 'code'
16:57:06  WARNING     [TKT-99] ignoré : 'code'
16:57:06  WARNING     [TKT-100] ignoré : 'code'
16:57:06  WARNING     [TKT-101] ignoré : 'code'
16:57:06  WARNING     [TKT-102] ignoré : 'code'
16:57:06  WARNING     [TKT-103] ignoré : 'code'
16:57:06  WARNING     [TKT-104] ignoré : 'code'
16:57:06  WARNING     [TKT-105] ignoré : 'code'
16:57:06  WARNING     [TKT-106] ignoré : 'code'
16:57:06  WARNING     [TKT-107] ignoré : 'code'
16:57:06  WARNING     [TKT-108] ignoré : 'code'
16:57:06  WARNING     [TKT-109] ignoré : 'code'
16:57:06  WARNING     [TKT-110] ignoré : 'code'
16:57:06  WARNING     [TKT-111] ignoré : 'code'
16:57:06  WARNING     [TKT-112] ignoré : 'code'
16:57:06  WARNING     [TKT-113] ignoré : 'code'
16:57:06  WARNING     [TKT-114] ignoré : 'code'
16:57:06  WARNING     [TKT-115] ignoré : 'code'
16:57:06  WARNING     [TKT-116] ignoré : 'code'
16:57:06  WARNING     [TKT-117] ignoré : 'code'
16:57:06  WARNING     [TKT-118] ignoré : 'code'
16:57:06  WARNING     [TKT-119] ignoré : 'code'
16:57:06  WARNING     [TKT-120] ignoré : 'code'
16:57:06  WARNING     [TKT-121] ignoré : 'code'
16:57:06  WARNING     [TKT-122] ignoré : 'code'
16:57:06  WARNING     [TKT-123] ignoré : 'code'
16:57:06  WARNING     [TKT-124] ignoré : 'code'
16:57:06  WARNING     [TKT-125] ignoré : 'code'
16:57:06  WARNING     [TKT-126] ignoré : 'code'
16:57:06  WARNING     [TKT-127] ignoré : 'code'
16:57:06  WARNING     [TKT-128] ignoré : 'code'
16:57:06  WARNING     [TKT-129] ignoré : 'code'
16:57:06  WARNING     [TKT-130] ignoré : 'code'
16:57:06  WARNING     [TKT-131] ignoré : 'code'
16:57:06  WARNING     [TKT-132] ignoré : 'code'
16:57:06  WARNING     [TKT-133] ignoré : 'code'
16:57:06  WARNING     [TKT-134] ignoré : 'code'
16:57:06  WARNING     [TKT-135] ignoré : 'code'
16:57:06  WARNING     [TKT-136] ignoré : 'code'
16:57:06  WARNING     [TKT-137] ignoré : 'code'
16:57:06  WARNING     [TKT-138] ignoré : 'code'
16:57:06  WARNING     [TKT-139] ignoré : 'code'
16:57:06  WARNING     [TKT-140] ignoré : 'code'
16:57:06  WARNING     [TKT-141] ignoré : 'code'
16:57:06  WARNING     [TKT-142] ignoré : 'code'
16:57:06  WARNING     [TKT-143] ignoré : 'code'
16:57:06  WARNING     [TKT-144] ignoré : 'code'
16:57:06  WARNING     [TKT-145] ignoré : 'code'
16:57:06  WARNING     [TKT-146] ignoré : 'code'
16:57:06  WARNING     [TKT-147] ignoré : 'code'
16:57:06  WARNING     [TKT-148] ignoré : 'code'
16:57:06  WARNING     [TKT-149] ignoré : 'code'
16:57:06  WARNING     [TKT-150] ignoré : 'code'
16:57:06  WARNING     [TKT-151] ignoré : 'code'
16:57:06  WARNING     [TKT-152] ignoré : 'code'
16:57:06  WARNING     [TKT-153] ignoré : 'code'
16:57:06  WARNING     [TKT-154] ignoré : 'code'
16:57:06  WARNING     [TKT-155] ignoré : 'code'
16:57:06  WARNING     [TKT-156] ignoré : 'code'
16:57:06  WARNING     [TKT-157] ignoré : 'code'
16:57:06  WARNING     [TKT-158] ignoré : 'code'
16:57:06  WARNING     [TKT-159] ignoré : 'code'
16:57:06  WARNING     [TKT-160] ignoré : 'code'
16:57:06  WARNING     [TKT-161] ignoré : 'code'
16:57:06  WARNING     [TKT-162] ignoré : 'code'
16:57:06  WARNING     [TKT-163] ignoré : 'code'
16:57:06  WARNING     [TKT-164] ignoré : 'code'
16:57:06  WARNING     [TKT-165] ignoré : 'code'
16:57:06  WARNING     [TKT-166] ignoré : 'code'
16:57:06  WARNING     [TKT-167] ignoré : 'code'
16:57:06  WARNING     [TKT-168] ignoré : 'code'
16:57:06  WARNING     [TKT-169] ignoré : 'code'
16:57:06  WARNING     [TKT-170] ignoré : 'code'
16:57:06  WARNING     [TKT-171] ignoré : 'code'
16:57:06  WARNING     [TKT-172] ignoré : 'code'
16:57:06  WARNING     [TKT-173] ignoré : 'code'
16:57:06  WARNING     [TKT-174] ignoré : 'code'
16:57:06  WARNING     [TKT-175] ignoré : 'code'
16:57:06  WARNING     [TKT-176] ignoré : 'code'
16:57:06  WARNING     [TKT-177] ignoré : 'code'
16:57:06  WARNING     [TKT-178] ignoré : 'code'
16:57:06  WARNING     [TKT-179] ignoré : 'code'
16:57:06  WARNING     [TKT-180] ignoré : 'code'
16:57:06  WARNING     [TKT-181] ignoré : 'code'
16:57:06  WARNING     [TKT-182] ignoré : 'code'
16:57:06  WARNING     [TKT-183] ignoré : 'code'
16:57:06  WARNING     [TKT-184] ignoré : 'code'
16:57:06  WARNING     [TKT-185] ignoré : 'code'
16:57:06  WARNING     [TKT-186] ignoré : 'code'
16:57:06  WARNING     [TKT-187] ignoré : 'code'
16:57:06  WARNING     [TKT-188] ignoré : 'code'
16:57:06  WARNING     [TKT-189] ignoré : 'code'
16:57:06  WARNING     [TKT-190] ignoré : 'code'
16:57:06  WARNING     [TKT-191] ignoré : 'code'
16:57:06  WARNING     [TKT-192] ignoré : 'code'
16:57:06  WARNING     [TKT-193] ignoré : 'code'
16:57:06  WARNING     [TKT-194] ignoré : 'code'
16:57:06  WARNING     [TKT-195] ignoré : 'code'
16:57:06  WARNING     [TKT-196] ignoré : 'code'
16:57:06  WARNING     [TKT-197] ignoré : 'code'
16:57:06  WARNING     [TKT-198] ignoré : 'code'
16:57:06  WARNING     [TKT-199] ignoré : 'code'
16:57:06  WARNING     [TKT-200] ignoré : 'code'
16:57:06  WARNING     [TKT-201] ignoré : 'code'
16:57:06  WARNING     [TKT-202] ignoré : 'code'
16:57:06  WARNING     [TKT-203] ignoré : 'code'
16:57:06  WARNING     [TKT-204] ignoré : 'code'
16:57:06  WARNING     [TKT-205] ignoré : 'code'
16:57:06  WARNING     [TKT-206] ignoré : 'code'
16:57:06  WARNING     [TKT-207] ignoré : 'code'
16:57:06  WARNING     [TKT-208] ignoré : 'code'
16:57:06  WARNING     [TKT-209] ignoré : 'code'
16:57:06  WARNING     [TKT-210] ignoré : 'code'
16:57:06  WARNING     [TKT-211] ignoré : 'code'
16:57:06  WARNING     [TKT-212] ignoré : 'code'
16:57:06  WARNING     [TKT-213] ignoré : 'code'
16:57:06  WARNING     [TKT-214] ignoré : 'code'
16:57:06  WARNING     [TKT-215] ignoré : 'code'
16:57:06  WARNING     [TKT-216] ignoré : 'code'
16:57:06  WARNING     [TKT-217] ignoré : 'code'
16:57:06  WARNING     [TKT-218] ignoré : 'code'
16:57:06  WARNING     [TKT-219] ignoré : 'code'
16:57:06  WARNING     [TKT-220] ignoré : 'code'
16:57:06  WARNING     [TKT-221] ignoré : 'code'
16:57:06  WARNING     [TKT-222] ignoré : 'code'
16:57:06  WARNING     [TKT-223] ignoré : 'code'
16:57:06  WARNING     [TKT-224] ignoré : 'code'
16:57:06  WARNING     [TKT-225] ignoré : 'code'
16:57:06  WARNING     [TKT-226] ignoré : 'code'
16:57:06  WARNING     [TKT-227] ignoré : 'code'
16:57:06  WARNING     [TKT-228] ignoré : 'code'
16:57:06  WARNING     [TKT-229] ignoré : 'code'
16:57:06  WARNING     [TKT-230] ignoré : 'code'
16:57:06  WARNING     [TKT-231] ignoré : 'code'
16:57:06  WARNING     [TKT-232] ignoré : 'code'
16:57:06  WARNING     [TKT-233] ignoré : 'code'
16:57:06  WARNING     [TKT-234] ignoré : 'code'
16:57:06  WARNING     [TKT-235] ignoré : 'code'
16:57:06  WARNING     [TKT-236] ignoré : 'code'
16:57:06  WARNING     [TKT-237] ignoré : 'code'
16:57:06  WARNING     [TKT-238] ignoré : 'code'
16:57:06  WARNING     [TKT-239] ignoré : 'code'
16:57:06  WARNING     [TKT-240] ignoré : 'code'
16:57:06  WARNING     [TKT-241] ignoré : 'code'
16:57:06  WARNING     [TKT-242] ignoré : 'code'
16:57:06  WARNING     [TKT-243] ignoré : 'code'
16:57:06  WARNING     [TKT-244] ignoré : 'code'
16:57:06  WARNING     [TKT-245] ignoré : 'code'
16:57:06  WARNING     [TKT-246] ignoré : 'code'
16:57:06  WARNING     [TKT-247] ignoré : 'code'
16:57:06  WARNING     [TKT-248] ignoré : 'code'
16:57:06  WARNING     [TKT-249] ignoré : 'code'
16:57:06  WARNING     [TKT-250] ignoré : 'code'
16:57:06  WARNING     [TKT-251] ignoré : 'code'
16:57:06  WARNING     [TKT-252] ignoré : 'code'
16:57:06  WARNING     [TKT-253] ignoré : 'code'
16:57:06  WARNING     [TKT-254] ignoré : 'code'
16:57:06  WARNING     [TKT-255] ignoré : 'code'
16:57:06  WARNING     [TKT-256] ignoré : 'code'
16:57:06  WARNING     [TKT-257] ignoré : 'code'
16:57:06  WARNING     [TKT-258] ignoré : 'code'
16:57:06  WARNING     [TKT-259] ignoré : 'code'
16:57:06  WARNING     [TKT-260] ignoré : 'code'
16:57:06  WARNING     [TKT-261] ignoré : 'code'
16:57:06  WARNING     [TKT-262] ignoré : 'code'
16:57:06  WARNING     [TKT-263] ignoré : 'code'
16:57:06  WARNING     [TKT-264] ignoré : 'code'
16:57:06  WARNING     [TKT-265] ignoré : 'code'
16:57:06  WARNING     [TKT-266] ignoré : 'code'
16:57:06  WARNING     [TKT-267] ignoré : 'code'
16:57:06  WARNING     [TKT-268] ignoré : 'code'
16:57:06  WARNING     [TKT-269] ignoré : 'code'
16:57:06  WARNING     [TKT-270] ignoré : 'code'
16:57:06  WARNING     [TKT-271] ignoré : 'code'
16:57:06  WARNING     [TKT-272] ignoré : 'code'
16:57:06  WARNING     [TKT-273] ignoré : 'code'
16:57:06  WARNING     [TKT-274] ignoré : 'code'
16:57:06  WARNING     [TKT-275] ignoré : 'code'
16:57:06  WARNING     [TKT-276] ignoré : 'code'
16:57:06  INFO        Tickets transformés     : 0
16:57:36  INFO      ╔══════════════════════════════════════════════╗
16:57:36  INFO      ║  ETL Plateforme BI Télécom — démarrage       ║
16:57:36  INFO      ╚══════════════════════════════════════════════╝
16:57:36  INFO      ━━━ EXTRACT ━━━━━━━━━━━━━━━━━━━━━━━━━━━━━━━━
16:57:36  INFO        Extrait  : secteurs.csv — 10 lignes
16:57:36  INFO        Extrait  : equipements.csv — 120 lignes
16:57:36  INFO        Extrait  : techniciens.csv — 30 lignes
16:57:36  INFO        Extrait  : incidents.csv — 300 lignes
16:57:36  INFO        Extrait  : tickets.csv — 276 lignes
16:57:36  INFO      ━━━ TRANSFORM ━━━━━━━━━━━━━━━━━━━━━━━━━━━━━━
16:57:36  INFO        Secteurs transformés    : 10
16:57:36  INFO        Équipements transformés : 120
16:57:36  INFO        Techniciens transformés : 30
16:57:36  INFO        Dim_temps générée       : 177 jours
16:57:36  WARNING     [INC-1] ignoré : 'code'
16:57:36  WARNING     [INC-2] ignoré : 'code'
16:57:36  WARNING     [INC-3] ignoré : 'code'
16:57:36  WARNING     [INC-4] ignoré : 'code'
16:57:36  WARNING     [INC-5] ignoré : 'code'
16:57:36  WARNING     [INC-6] ignoré : 'code'
16:57:36  WARNING     [INC-7] ignoré : 'code'
16:57:36  WARNING     [INC-8] ignoré : 'code'
16:57:36  WARNING     [INC-9] ignoré : 'code'
16:57:36  WARNING     [INC-10] ignoré : 'code'
16:57:36  WARNING     [INC-11] ignoré : 'code'
16:57:36  WARNING     [INC-12] ignoré : 'code'
16:57:36  WARNING     [INC-13] ignoré : 'code'
16:57:36  WARNING     [INC-14] ignoré : 'code'
16:57:36  WARNING     [INC-15] ignoré : 'code'
16:57:36  WARNING     [INC-16] ignoré : 'code'
16:57:36  WARNING     [INC-17] ignoré : 'code'
16:57:36  WARNING     [INC-18] ignoré : 'code'
16:57:36  WARNING     [INC-19] ignoré : 'code'
16:57:36  WARNING     [INC-20] ignoré : 'code'
16:57:36  WARNING     [INC-21] ignoré : 'code'
16:57:36  WARNING     [INC-22] ignoré : 'code'
16:57:36  WARNING     [INC-23] ignoré : 'code'
16:57:36  WARNING     [INC-24] ignoré : 'code'
16:57:36  WARNING     [INC-25] ignoré : 'code'
16:57:36  WARNING     [INC-26] ignoré : 'code'
16:57:36  WARNING     [INC-27] ignoré : 'code'
16:57:36  WARNING     [INC-28] ignoré : 'code'
16:57:36  WARNING     [INC-29] ignoré : 'code'
16:57:36  WARNING     [INC-30] ignoré : 'code'
16:57:36  WARNING     [INC-31] ignoré : 'code'
16:57:36  WARNING     [INC-32] ignoré : 'code'
16:57:36  WARNING     [INC-33] ignoré : 'code'
16:57:36  WARNING     [INC-34] ignoré : 'code'
16:57:36  WARNING     [INC-35] ignoré : 'code'
16:57:36  WARNING     [INC-36] ignoré : 'code'
16:57:36  WARNING     [INC-37] ignoré : 'code'
16:57:36  WARNING     [INC-38] ignoré : 'code'
16:57:36  WARNING     [INC-39] ignoré : 'code'
16:57:36  WARNING     [INC-40] ignoré : 'code'
16:57:36  WARNING     [INC-41] ignoré : 'code'
16:57:36  WARNING     [INC-42] ignoré : 'code'
16:57:36  WARNING     [INC-43] ignoré : 'code'
16:57:36  WARNING     [INC-44] ignoré : 'code'
16:57:36  WARNING     [INC-45] ignoré : 'code'
16:57:36  WARNING     [INC-46] ignoré : 'code'
16:57:36  WARNING     [INC-47] ignoré : 'code'
16:57:36  WARNING     [INC-48] ignoré : 'code'
16:57:36  WARNING     [INC-49] ignoré : 'code'
16:57:36  WARNING     [INC-50] ignoré : 'code'
16:57:36  WARNING     [INC-51] ignoré : 'code'
16:57:36  WARNING     [INC-52] ignoré : 'code'
16:57:36  WARNING     [INC-53] ignoré : 'code'
16:57:36  WARNING     [INC-54] ignoré : 'code'
16:57:36  WARNING     [INC-55] ignoré : 'code'
16:57:36  WARNING     [INC-56] ignoré : 'code'
16:57:36  WARNING     [INC-57] ignoré : 'code'
16:57:36  WARNING     [INC-58] ignoré : 'code'
16:57:36  WARNING     [INC-59] ignoré : 'code'
16:57:36  WARNING     [INC-60] ignoré : 'code'
16:57:36  WARNING     [INC-61] ignoré : 'code'
16:57:36  WARNING     [INC-62] ignoré : 'code'
16:57:36  WARNING     [INC-63] ignoré : 'code'
16:57:36  WARNING     [INC-64] ignoré : 'code'
16:57:36  WARNING     [INC-65] ignoré : 'code'
16:57:36  WARNING     [INC-66] ignoré : 'code'
16:57:36  WARNING     [INC-67] ignoré : 'code'
16:57:36  WARNING     [INC-68] ignoré : 'code'
16:57:36  WARNING     [INC-69] ignoré : 'code'
16:57:36  WARNING     [INC-70] ignoré : 'code'
16:57:36  WARNING     [INC-71] ignoré : 'code'
16:57:36  WARNING     [INC-72] ignoré : 'code'
16:57:36  WARNING     [INC-73] ignoré : 'code'
16:57:36  WARNING     [INC-74] ignoré : 'code'
16:57:36  WARNING     [INC-75] ignoré : 'code'
16:57:36  WARNING     [INC-76] ignoré : 'code'
16:57:36  WARNING     [INC-77] ignoré : 'code'
16:57:36  WARNING     [INC-78] ignoré : 'code'
16:57:36  WARNING     [INC-79] ignoré : 'code'
16:57:36  WARNING     [INC-80] ignoré : 'code'
16:57:36  WARNING     [INC-81] ignoré : 'code'
16:57:36  WARNING     [INC-82] ignoré : 'code'
16:57:36  WARNING     [INC-83] ignoré : 'code'
16:57:36  WARNING     [INC-84] ignoré : 'code'
16:57:36  WARNING     [INC-85] ignoré : 'code'
16:57:36  WARNING     [INC-86] ignoré : 'code'
16:57:36  WARNING     [INC-87] ignoré : 'code'
16:57:36  WARNING     [INC-88] ignoré : 'code'
16:57:36  WARNING     [INC-89] ignoré : 'code'
16:57:36  WARNING     [INC-90] ignoré : 'code'
16:57:36  WARNING     [INC-91] ignoré : 'code'
16:57:36  WARNING     [INC-92] ignoré : 'code'
16:57:36  WARNING     [INC-93] ignoré : 'code'
16:57:36  WARNING     [INC-94] ignoré : 'code'
16:57:36  WARNING     [INC-95] ignoré : 'code'
16:57:36  WARNING     [INC-96] ignoré : 'code'
16:57:36  WARNING     [INC-97] ignoré : 'code'
16:57:36  WARNING     [INC-98] ignoré : 'code'
16:57:36  WARNING     [INC-99] ignoré : 'code'
16:57:36  WARNING     [INC-100] ignoré : 'code'
16:57:36  WARNING     [INC-101] ignoré : 'code'
16:57:36  WARNING     [INC-102] ignoré : 'code'
16:57:36  WARNING     [INC-103] ignoré : 'code'
16:57:36  WARNING     [INC-104] ignoré : 'code'
16:57:36  WARNING     [INC-105] ignoré : 'code'
16:57:36  WARNING     [INC-106] ignoré : 'code'
16:57:36  WARNING     [INC-107] ignoré : 'code'
16:57:36  WARNING     [INC-108] ignoré : 'code'
16:57:36  WARNING     [INC-109] ignoré : 'code'
16:57:36  WARNING     [INC-110] ignoré : 'code'
16:57:36  WARNING     [INC-111] ignoré : 'code'
16:57:36  WARNING     [INC-112] ignoré : 'code'
16:57:36  WARNING     [INC-113] ignoré : 'code'
16:57:36  WARNING     [INC-114] ignoré : 'code'
16:57:36  WARNING     [INC-115] ignoré : 'code'
16:57:36  WARNING     [INC-116] ignoré : 'code'
16:57:36  WARNING     [INC-117] ignoré : 'code'
16:57:36  WARNING     [INC-118] ignoré : 'code'
16:57:36  WARNING     [INC-119] ignoré : 'code'
16:57:36  WARNING     [INC-120] ignoré : 'code'
16:57:36  WARNING     [INC-121] ignoré : 'code'
16:57:36  WARNING     [INC-122] ignoré : 'code'
16:57:36  WARNING     [INC-123] ignoré : 'code'
16:57:36  WARNING     [INC-124] ignoré : 'code'
16:57:36  WARNING     [INC-125] ignoré : 'code'
16:57:36  WARNING     [INC-126] ignoré : 'code'
16:57:36  WARNING     [INC-127] ignoré : 'code'
16:57:36  WARNING     [INC-128] ignoré : 'code'
16:57:36  WARNING     [INC-129] ignoré : 'code'
16:57:36  WARNING     [INC-130] ignoré : 'code'
16:57:36  WARNING     [INC-131] ignoré : 'code'
16:57:36  WARNING     [INC-132] ignoré : 'code'
16:57:36  WARNING     [INC-133] ignoré : 'code'
16:57:36  WARNING     [INC-134] ignoré : 'code'
16:57:36  WARNING     [INC-135] ignoré : 'code'
16:57:36  WARNING     [INC-136] ignoré : 'code'
16:57:36  WARNING     [INC-137] ignoré : 'code'
16:57:36  WARNING     [INC-138] ignoré : 'code'
16:57:36  WARNING     [INC-139] ignoré : 'code'
16:57:36  WARNING     [INC-140] ignoré : 'code'
16:57:36  WARNING     [INC-141] ignoré : 'code'
16:57:36  WARNING     [INC-142] ignoré : 'code'
16:57:36  WARNING     [INC-143] ignoré : 'code'
16:57:36  WARNING     [INC-144] ignoré : 'code'
16:57:36  WARNING     [INC-145] ignoré : 'code'
16:57:36  WARNING     [INC-146] ignoré : 'code'
16:57:36  WARNING     [INC-147] ignoré : 'code'
16:57:36  WARNING     [INC-148] ignoré : 'code'
16:57:36  WARNING     [INC-149] ignoré : 'code'
16:57:36  WARNING     [INC-150] ignoré : 'code'
16:57:36  WARNING     [INC-151] ignoré : 'code'
16:57:36  WARNING     [INC-152] ignoré : 'code'
16:57:36  WARNING     [INC-153] ignoré : 'code'
16:57:36  WARNING     [INC-154] ignoré : 'code'
16:57:36  WARNING     [INC-155] ignoré : 'code'
16:57:36  WARNING     [INC-156] ignoré : 'code'
16:57:36  WARNING     [INC-157] ignoré : 'code'
16:57:36  WARNING     [INC-158] ignoré : 'code'
16:57:36  WARNING     [INC-159] ignoré : 'code'
16:57:36  WARNING     [INC-160] ignoré : 'code'
16:57:36  WARNING     [INC-161] ignoré : 'code'
16:57:36  WARNING     [INC-162] ignoré : 'code'
16:57:36  WARNING     [INC-163] ignoré : 'code'
16:57:36  WARNING     [INC-164] ignoré : 'code'
16:57:36  WARNING     [INC-165] ignoré : 'code'
16:57:36  WARNING     [INC-166] ignoré : 'code'
16:57:36  WARNING     [INC-167] ignoré : 'code'
16:57:36  WARNING     [INC-168] ignoré : 'code'
16:57:36  WARNING     [INC-169] ignoré : 'code'
16:57:36  WARNING     [INC-170] ignoré : 'code'
16:57:36  WARNING     [INC-171] ignoré : 'code'
16:57:36  WARNING     [INC-172] ignoré : 'code'
16:57:36  WARNING     [INC-173] ignoré : 'code'
16:57:36  WARNING     [INC-174] ignoré : 'code'
16:57:36  WARNING     [INC-175] ignoré : 'code'
16:57:36  WARNING     [INC-176] ignoré : 'code'
16:57:36  WARNING     [INC-177] ignoré : 'code'
16:57:36  WARNING     [INC-178] ignoré : 'code'
16:57:36  WARNING     [INC-179] ignoré : 'code'
16:57:36  WARNING     [INC-180] ignoré : 'code'
16:57:36  WARNING     [INC-181] ignoré : 'code'
16:57:36  WARNING     [INC-182] ignoré : 'code'
16:57:36  WARNING     [INC-183] ignoré : 'code'
16:57:36  WARNING     [INC-184] ignoré : 'code'
16:57:36  WARNING     [INC-185] ignoré : 'code'
16:57:36  WARNING     [INC-186] ignoré : 'code'
16:57:36  WARNING     [INC-187] ignoré : 'code'
16:57:36  WARNING     [INC-188] ignoré : 'code'
16:57:36  WARNING     [INC-189] ignoré : 'code'
16:57:36  WARNING     [INC-190] ignoré : 'code'
16:57:36  WARNING     [INC-191] ignoré : 'code'
16:57:36  WARNING     [INC-192] ignoré : 'code'
16:57:36  WARNING     [INC-193] ignoré : 'code'
16:57:36  WARNING     [INC-194] ignoré : 'code'
16:57:36  WARNING     [INC-195] ignoré : 'code'
16:57:36  WARNING     [INC-196] ignoré : 'code'
16:57:36  WARNING     [INC-197] ignoré : 'code'
16:57:36  WARNING     [INC-198] ignoré : 'code'
16:57:36  WARNING     [INC-199] ignoré : 'code'
16:57:36  WARNING     [INC-200] ignoré : 'code'
16:57:36  WARNING     [INC-201] ignoré : 'code'
16:57:36  WARNING     [INC-202] ignoré : 'code'
16:57:36  WARNING     [INC-203] ignoré : 'code'
16:57:36  WARNING     [INC-204] ignoré : 'code'
16:57:36  WARNING     [INC-205] ignoré : 'code'
16:57:36  WARNING     [INC-206] ignoré : 'code'
16:57:36  WARNING     [INC-207] ignoré : 'code'
16:57:36  WARNING     [INC-208] ignoré : 'code'
16:57:36  WARNING     [INC-209] ignoré : 'code'
16:57:36  WARNING     [INC-210] ignoré : 'code'
16:57:36  WARNING     [INC-211] ignoré : 'code'
16:57:36  WARNING     [INC-212] ignoré : 'code'
16:57:36  WARNING     [INC-213] ignoré : 'code'
16:57:36  WARNING     [INC-214] ignoré : 'code'
16:57:36  WARNING     [INC-215] ignoré : 'code'
16:57:36  WARNING     [INC-216] ignoré : 'code'
16:57:36  WARNING     [INC-217] ignoré : 'code'
16:57:36  WARNING     [INC-218] ignoré : 'code'
16:57:36  WARNING     [INC-219] ignoré : 'code'
16:57:36  WARNING     [INC-220] ignoré : 'code'
16:57:36  WARNING     [INC-221] ignoré : 'code'
16:57:36  WARNING     [INC-222] ignoré : 'code'
16:57:36  WARNING     [INC-223] ignoré : 'code'
16:57:36  WARNING     [INC-224] ignoré : 'code'
16:57:36  WARNING     [INC-225] ignoré : 'code'
16:57:36  WARNING     [INC-226] ignoré : 'code'
16:57:36  WARNING     [INC-227] ignoré : 'code'
16:57:36  WARNING     [INC-228] ignoré : 'code'
16:57:36  WARNING     [INC-229] ignoré : 'code'
16:57:36  WARNING     [INC-230] ignoré : 'code'
16:57:36  WARNING     [INC-231] ignoré : 'code'
16:57:36  WARNING     [INC-232] ignoré : 'code'
16:57:36  WARNING     [INC-233] ignoré : 'code'
16:57:36  WARNING     [INC-234] ignoré : 'code'
16:57:36  WARNING     [INC-235] ignoré : 'code'
16:57:36  WARNING     [INC-236] ignoré : 'code'
16:57:36  WARNING     [INC-237] ignoré : 'code'
16:57:36  WARNING     [INC-238] ignoré : 'code'
16:57:36  WARNING     [INC-239] ignoré : 'code'
16:57:36  WARNING     [INC-240] ignoré : 'code'
16:57:36  WARNING     [INC-241] ignoré : 'code'
16:57:36  WARNING     [INC-242] ignoré : 'code'
16:57:36  WARNING     [INC-243] ignoré : 'code'
16:57:36  WARNING     [INC-244] ignoré : 'code'
16:57:36  WARNING     [INC-245] ignoré : 'code'
16:57:36  WARNING     [INC-246] ignoré : 'code'
16:57:36  WARNING     [INC-247] ignoré : 'code'
16:57:36  WARNING     [INC-248] ignoré : 'code'
16:57:36  WARNING     [INC-249] ignoré : 'code'
16:57:36  WARNING     [INC-250] ignoré : 'code'
16:57:36  WARNING     [INC-251] ignoré : 'code'
16:57:36  WARNING     [INC-252] ignoré : 'code'
16:57:36  WARNING     [INC-253] ignoré : 'code'
16:57:36  WARNING     [INC-254] ignoré : 'code'
16:57:36  WARNING     [INC-255] ignoré : 'code'
16:57:36  WARNING     [INC-256] ignoré : 'code'
16:57:36  WARNING     [INC-257] ignoré : 'code'
16:57:36  WARNING     [INC-258] ignoré : 'code'
16:57:36  WARNING     [INC-259] ignoré : 'code'
16:57:36  WARNING     [INC-260] ignoré : 'code'
16:57:36  WARNING     [INC-261] ignoré : 'code'
16:57:36  WARNING     [INC-262] ignoré : 'code'
16:57:36  WARNING     [INC-263] ignoré : 'code'
16:57:36  WARNING     [INC-264] ignoré : 'code'
16:57:36  WARNING     [INC-265] ignoré : 'code'
16:57:36  WARNING     [INC-266] ignoré : 'code'
16:57:36  WARNING     [INC-267] ignoré : 'code'
16:57:36  WARNING     [INC-268] ignoré : 'code'
16:57:36  WARNING     [INC-269] ignoré : 'code'
16:57:36  WARNING     [INC-270] ignoré : 'code'
16:57:36  WARNING     [INC-271] ignoré : 'code'
16:57:36  WARNING     [INC-272] ignoré : 'code'
16:57:36  WARNING     [INC-273] ignoré : 'code'
16:57:36  WARNING     [INC-274] ignoré : 'code'
16:57:36  WARNING     [INC-275] ignoré : 'code'
16:57:36  WARNING     [INC-276] ignoré : 'code'
16:57:36  WARNING     [INC-277] ignoré : 'code'
16:57:36  WARNING     [INC-278] ignoré : 'code'
16:57:36  WARNING     [INC-279] ignoré : 'code'
16:57:36  WARNING     [INC-280] ignoré : 'code'
16:57:36  WARNING     [INC-281] ignoré : 'code'
16:57:36  WARNING     [INC-282] ignoré : 'code'
16:57:36  WARNING     [INC-283] ignoré : 'code'
16:57:36  WARNING     [INC-284] ignoré : 'code'
16:57:36  WARNING     [INC-285] ignoré : 'code'
16:57:36  WARNING     [INC-286] ignoré : 'code'
16:57:36  WARNING     [INC-287] ignoré : 'code'
16:57:36  WARNING     [INC-288] ignoré : 'code'
16:57:36  WARNING     [INC-289] ignoré : 'code'
16:57:36  WARNING     [INC-290] ignoré : 'code'
16:57:36  WARNING     [INC-291] ignoré : 'code'
16:57:36  WARNING     [INC-292] ignoré : 'code'
16:57:36  WARNING     [INC-293] ignoré : 'code'
16:57:36  WARNING     [INC-294] ignoré : 'code'
16:57:36  WARNING     [INC-295] ignoré : 'code'
16:57:36  WARNING     [INC-296] ignoré : 'code'
16:57:36  WARNING     [INC-297] ignoré : 'code'
16:57:36  WARNING     [INC-298] ignoré : 'code'
16:57:36  WARNING     [INC-299] ignoré : 'code'
16:57:36  WARNING     [INC-300] ignoré : 'code'
16:57:36  INFO        Incidents transformés   : 0 (erreurs: 300)
16:57:36  WARNING     [TKT-1] ignoré : 'code'
16:57:36  WARNING     [TKT-2] ignoré : 'code'
16:57:36  WARNING     [TKT-3] ignoré : 'code'
16:57:36  WARNING     [TKT-4] ignoré : 'code'
16:57:36  WARNING     [TKT-5] ignoré : 'code'
16:57:36  WARNING     [TKT-6] ignoré : 'code'
16:57:36  WARNING     [TKT-7] ignoré : 'code'
16:57:36  WARNING     [TKT-8] ignoré : 'code'
16:57:36  WARNING     [TKT-9] ignoré : 'code'
16:57:36  WARNING     [TKT-10] ignoré : 'code'
16:57:36  WARNING     [TKT-11] ignoré : 'code'
16:57:36  WARNING     [TKT-12] ignoré : 'code'
16:57:36  WARNING     [TKT-13] ignoré : 'code'
16:57:36  WARNING     [TKT-14] ignoré : 'code'
16:57:36  WARNING     [TKT-15] ignoré : 'code'
16:57:36  WARNING     [TKT-16] ignoré : 'code'
16:57:36  WARNING     [TKT-17] ignoré : 'code'
16:57:36  WARNING     [TKT-18] ignoré : 'code'
16:57:36  WARNING     [TKT-19] ignoré : 'code'
16:57:36  WARNING     [TKT-20] ignoré : 'code'
16:57:36  WARNING     [TKT-21] ignoré : 'code'
16:57:36  WARNING     [TKT-22] ignoré : 'code'
16:57:36  WARNING     [TKT-23] ignoré : 'code'
16:57:36  WARNING     [TKT-24] ignoré : 'code'
16:57:36  WARNING     [TKT-25] ignoré : 'code'
16:57:36  WARNING     [TKT-26] ignoré : 'code'
16:57:36  WARNING     [TKT-27] ignoré : 'code'
16:57:36  WARNING     [TKT-28] ignoré : 'code'
16:57:36  WARNING     [TKT-29] ignoré : 'code'
16:57:36  WARNING     [TKT-30] ignoré : 'code'
16:57:36  WARNING     [TKT-31] ignoré : 'code'
16:57:36  WARNING     [TKT-32] ignoré : 'code'
16:57:36  WARNING     [TKT-33] ignoré : 'code'
16:57:36  WARNING     [TKT-34] ignoré : 'code'
16:57:36  WARNING     [TKT-35] ignoré : 'code'
16:57:36  WARNING     [TKT-36] ignoré : 'code'
16:57:36  WARNING     [TKT-37] ignoré : 'code'
16:57:36  WARNING     [TKT-38] ignoré : 'code'
16:57:36  WARNING     [TKT-39] ignoré : 'code'
16:57:36  WARNING     [TKT-40] ignoré : 'code'
16:57:36  WARNING     [TKT-41] ignoré : 'code'
16:57:36  WARNING     [TKT-42] ignoré : 'code'
16:57:36  WARNING     [TKT-43] ignoré : 'code'
16:57:36  WARNING     [TKT-44] ignoré : 'code'
16:57:36  WARNING     [TKT-45] ignoré : 'code'
16:57:36  WARNING     [TKT-46] ignoré : 'code'
16:57:36  WARNING     [TKT-47] ignoré : 'code'
16:57:36  WARNING     [TKT-48] ignoré : 'code'
16:57:36  WARNING     [TKT-49] ignoré : 'code'
16:57:36  WARNING     [TKT-50] ignoré : 'code'
16:57:36  WARNING     [TKT-51] ignoré : 'code'
16:57:36  WARNING     [TKT-52] ignoré : 'code'
16:57:36  WARNING     [TKT-53] ignoré : 'code'
16:57:36  WARNING     [TKT-54] ignoré : 'code'
16:57:36  WARNING     [TKT-55] ignoré : 'code'
16:57:36  WARNING     [TKT-56] ignoré : 'code'
16:57:36  WARNING     [TKT-57] ignoré : 'code'
16:57:36  WARNING     [TKT-58] ignoré : 'code'
16:57:36  WARNING     [TKT-59] ignoré : 'code'
16:57:36  WARNING     [TKT-60] ignoré : 'code'
16:57:36  WARNING     [TKT-61] ignoré : 'code'
16:57:36  WARNING     [TKT-62] ignoré : 'code'
16:57:36  WARNING     [TKT-63] ignoré : 'code'
16:57:36  WARNING     [TKT-64] ignoré : 'code'
16:57:36  WARNING     [TKT-65] ignoré : 'code'
16:57:36  WARNING     [TKT-66] ignoré : 'code'
16:57:36  WARNING     [TKT-67] ignoré : 'code'
16:57:36  WARNING     [TKT-68] ignoré : 'code'
16:57:36  WARNING     [TKT-69] ignoré : 'code'
16:57:36  WARNING     [TKT-70] ignoré : 'code'
16:57:36  WARNING     [TKT-71] ignoré : 'code'
16:57:36  WARNING     [TKT-72] ignoré : 'code'
16:57:36  WARNING     [TKT-73] ignoré : 'code'
16:57:36  WARNING     [TKT-74] ignoré : 'code'
16:57:36  WARNING     [TKT-75] ignoré : 'code'
16:57:36  WARNING     [TKT-76] ignoré : 'code'
16:57:36  WARNING     [TKT-77] ignoré : 'code'
16:57:36  WARNING     [TKT-78] ignoré : 'code'
16:57:36  WARNING     [TKT-79] ignoré : 'code'
16:57:36  WARNING     [TKT-80] ignoré : 'code'
16:57:36  WARNING     [TKT-81] ignoré : 'code'
16:57:36  WARNING     [TKT-82] ignoré : 'code'
16:57:36  WARNING     [TKT-83] ignoré : 'code'
16:57:36  WARNING     [TKT-84] ignoré : 'code'
16:57:36  WARNING     [TKT-85] ignoré : 'code'
16:57:36  WARNING     [TKT-86] ignoré : 'code'
16:57:36  WARNING     [TKT-87] ignoré : 'code'
16:57:36  WARNING     [TKT-88] ignoré : 'code'
16:57:36  WARNING     [TKT-89] ignoré : 'code'
16:57:36  WARNING     [TKT-90] ignoré : 'code'
16:57:36  WARNING     [TKT-91] ignoré : 'code'
16:57:36  WARNING     [TKT-92] ignoré : 'code'
16:57:36  WARNING     [TKT-93] ignoré : 'code'
16:57:36  WARNING     [TKT-94] ignoré : 'code'
16:57:36  WARNING     [TKT-95] ignoré : 'code'
16:57:36  WARNING     [TKT-96] ignoré : 'code'
16:57:36  WARNING     [TKT-97] ignoré : 'code'
16:57:36  WARNING     [TKT-98] ignoré : 'code'
16:57:36  WARNING     [TKT-99] ignoré : 'code'
16:57:36  WARNING     [TKT-100] ignoré : 'code'
16:57:36  WARNING     [TKT-101] ignoré : 'code'
16:57:36  WARNING     [TKT-102] ignoré : 'code'
16:57:36  WARNING     [TKT-103] ignoré : 'code'
16:57:36  WARNING     [TKT-104] ignoré : 'code'
16:57:36  WARNING     [TKT-105] ignoré : 'code'
16:57:36  WARNING     [TKT-106] ignoré : 'code'
16:57:36  WARNING     [TKT-107] ignoré : 'code'
16:57:36  WARNING     [TKT-108] ignoré : 'code'
16:57:36  WARNING     [TKT-109] ignoré : 'code'
16:57:36  WARNING     [TKT-110] ignoré : 'code'
16:57:36  WARNING     [TKT-111] ignoré : 'code'
16:57:36  WARNING     [TKT-112] ignoré : 'code'
16:57:36  WARNING     [TKT-113] ignoré : 'code'
16:57:36  WARNING     [TKT-114] ignoré : 'code'
16:57:36  WARNING     [TKT-115] ignoré : 'code'
16:57:36  WARNING     [TKT-116] ignoré : 'code'
16:57:36  WARNING     [TKT-117] ignoré : 'code'
16:57:36  WARNING     [TKT-118] ignoré : 'code'
16:57:36  WARNING     [TKT-119] ignoré : 'code'
16:57:36  WARNING     [TKT-120] ignoré : 'code'
16:57:36  WARNING     [TKT-121] ignoré : 'code'
16:57:36  WARNING     [TKT-122] ignoré : 'code'
16:57:36  WARNING     [TKT-123] ignoré : 'code'
16:57:36  WARNING     [TKT-124] ignoré : 'code'
16:57:36  WARNING     [TKT-125] ignoré : 'code'
16:57:36  WARNING     [TKT-126] ignoré : 'code'
16:57:36  WARNING     [TKT-127] ignoré : 'code'
16:57:36  WARNING     [TKT-128] ignoré : 'code'
16:57:36  WARNING     [TKT-129] ignoré : 'code'
16:57:36  WARNING     [TKT-130] ignoré : 'code'
16:57:36  WARNING     [TKT-131] ignoré : 'code'
16:57:36  WARNING     [TKT-132] ignoré : 'code'
16:57:36  WARNING     [TKT-133] ignoré : 'code'
16:57:36  WARNING     [TKT-134] ignoré : 'code'
16:57:36  WARNING     [TKT-135] ignoré : 'code'
16:57:36  WARNING     [TKT-136] ignoré : 'code'
16:57:36  WARNING     [TKT-137] ignoré : 'code'
16:57:36  WARNING     [TKT-138] ignoré : 'code'
16:57:36  WARNING     [TKT-139] ignoré : 'code'
16:57:36  WARNING     [TKT-140] ignoré : 'code'
16:57:36  WARNING     [TKT-141] ignoré : 'code'
16:57:36  WARNING     [TKT-142] ignoré : 'code'
16:57:36  WARNING     [TKT-143] ignoré : 'code'
16:57:36  WARNING     [TKT-144] ignoré : 'code'
16:57:36  WARNING     [TKT-145] ignoré : 'code'
16:57:36  WARNING     [TKT-146] ignoré : 'code'
16:57:36  WARNING     [TKT-147] ignoré : 'code'
16:57:36  WARNING     [TKT-148] ignoré : 'code'
16:57:36  WARNING     [TKT-149] ignoré : 'code'
16:57:36  WARNING     [TKT-150] ignoré : 'code'
16:57:36  WARNING     [TKT-151] ignoré : 'code'
16:57:36  WARNING     [TKT-152] ignoré : 'code'
16:57:36  WARNING     [TKT-153] ignoré : 'code'
16:57:36  WARNING     [TKT-154] ignoré : 'code'
16:57:36  WARNING     [TKT-155] ignoré : 'code'
16:57:36  WARNING     [TKT-156] ignoré : 'code'
16:57:36  WARNING     [TKT-157] ignoré : 'code'
16:57:36  WARNING     [TKT-158] ignoré : 'code'
16:57:36  WARNING     [TKT-159] ignoré : 'code'
16:57:36  WARNING     [TKT-160] ignoré : 'code'
16:57:36  WARNING     [TKT-161] ignoré : 'code'
16:57:36  WARNING     [TKT-162] ignoré : 'code'
16:57:36  WARNING     [TKT-163] ignoré : 'code'
16:57:36  WARNING     [TKT-164] ignoré : 'code'
16:57:36  WARNING     [TKT-165] ignoré : 'code'
16:57:36  WARNING     [TKT-166] ignoré : 'code'
16:57:36  WARNING     [TKT-167] ignoré : 'code'
16:57:36  WARNING     [TKT-168] ignoré : 'code'
16:57:36  WARNING     [TKT-169] ignoré : 'code'
16:57:36  WARNING     [TKT-170] ignoré : 'code'
16:57:36  WARNING     [TKT-171] ignoré : 'code'
16:57:36  WARNING     [TKT-172] ignoré : 'code'
16:57:36  WARNING     [TKT-173] ignoré : 'code'
16:57:36  WARNING     [TKT-174] ignoré : 'code'
16:57:36  WARNING     [TKT-175] ignoré : 'code'
16:57:36  WARNING     [TKT-176] ignoré : 'code'
16:57:36  WARNING     [TKT-177] ignoré : 'code'
16:57:36  WARNING     [TKT-178] ignoré : 'code'
16:57:36  WARNING     [TKT-179] ignoré : 'code'
16:57:36  WARNING     [TKT-180] ignoré : 'code'
16:57:36  WARNING     [TKT-181] ignoré : 'code'
16:57:36  WARNING     [TKT-182] ignoré : 'code'
16:57:36  WARNING     [TKT-183] ignoré : 'code'
16:57:36  WARNING     [TKT-184] ignoré : 'code'
16:57:36  WARNING     [TKT-185] ignoré : 'code'
16:57:36  WARNING     [TKT-186] ignoré : 'code'
16:57:36  WARNING     [TKT-187] ignoré : 'code'
16:57:36  WARNING     [TKT-188] ignoré : 'code'
16:57:36  WARNING     [TKT-189] ignoré : 'code'
16:57:36  WARNING     [TKT-190] ignoré : 'code'
16:57:36  WARNING     [TKT-191] ignoré : 'code'
16:57:36  WARNING     [TKT-192] ignoré : 'code'
16:57:36  WARNING     [TKT-193] ignoré : 'code'
16:57:36  WARNING     [TKT-194] ignoré : 'code'
16:57:36  WARNING     [TKT-195] ignoré : 'code'
16:57:36  WARNING     [TKT-196] ignoré : 'code'
16:57:36  WARNING     [TKT-197] ignoré : 'code'
16:57:36  WARNING     [TKT-198] ignoré : 'code'
16:57:36  WARNING     [TKT-199] ignoré : 'code'
16:57:36  WARNING     [TKT-200] ignoré : 'code'
16:57:36  WARNING     [TKT-201] ignoré : 'code'
16:57:36  WARNING     [TKT-202] ignoré : 'code'
16:57:36  WARNING     [TKT-203] ignoré : 'code'
16:57:36  WARNING     [TKT-204] ignoré : 'code'
16:57:36  WARNING     [TKT-205] ignoré : 'code'
16:57:36  WARNING     [TKT-206] ignoré : 'code'
16:57:36  WARNING     [TKT-207] ignoré : 'code'
16:57:36  WARNING     [TKT-208] ignoré : 'code'
16:57:36  WARNING     [TKT-209] ignoré : 'code'
16:57:36  WARNING     [TKT-210] ignoré : 'code'
16:57:36  WARNING     [TKT-211] ignoré : 'code'
16:57:36  WARNING     [TKT-212] ignoré : 'code'
16:57:36  WARNING     [TKT-213] ignoré : 'code'
16:57:36  WARNING     [TKT-214] ignoré : 'code'
16:57:36  WARNING     [TKT-215] ignoré : 'code'
16:57:36  WARNING     [TKT-216] ignoré : 'code'
16:57:36  WARNING     [TKT-217] ignoré : 'code'
16:57:36  WARNING     [TKT-218] ignoré : 'code'
16:57:36  WARNING     [TKT-219] ignoré : 'code'
16:57:36  WARNING     [TKT-220] ignoré : 'code'
16:57:36  WARNING     [TKT-221] ignoré : 'code'
16:57:36  WARNING     [TKT-222] ignoré : 'code'
16:57:36  WARNING     [TKT-223] ignoré : 'code'
16:57:36  WARNING     [TKT-224] ignoré : 'code'
16:57:36  WARNING     [TKT-225] ignoré : 'code'
16:57:36  WARNING     [TKT-226] ignoré : 'code'
16:57:36  WARNING     [TKT-227] ignoré : 'code'
16:57:36  WARNING     [TKT-228] ignoré : 'code'
16:57:36  WARNING     [TKT-229] ignoré : 'code'
16:57:36  WARNING     [TKT-230] ignoré : 'code'
16:57:36  WARNING     [TKT-231] ignoré : 'code'
16:57:36  WARNING     [TKT-232] ignoré : 'code'
16:57:36  WARNING     [TKT-233] ignoré : 'code'
16:57:36  WARNING     [TKT-234] ignoré : 'code'
16:57:36  WARNING     [TKT-235] ignoré : 'code'
16:57:36  WARNING     [TKT-236] ignoré : 'code'
16:57:36  WARNING     [TKT-237] ignoré : 'code'
16:57:36  WARNING     [TKT-238] ignoré : 'code'
16:57:36  WARNING     [TKT-239] ignoré : 'code'
16:57:36  WARNING     [TKT-240] ignoré : 'code'
16:57:36  WARNING     [TKT-241] ignoré : 'code'
16:57:36  WARNING     [TKT-242] ignoré : 'code'
16:57:36  WARNING     [TKT-243] ignoré : 'code'
16:57:36  WARNING     [TKT-244] ignoré : 'code'
16:57:36  WARNING     [TKT-245] ignoré : 'code'
16:57:36  WARNING     [TKT-246] ignoré : 'code'
16:57:36  WARNING     [TKT-247] ignoré : 'code'
16:57:36  WARNING     [TKT-248] ignoré : 'code'
16:57:36  WARNING     [TKT-249] ignoré : 'code'
16:57:36  WARNING     [TKT-250] ignoré : 'code'
16:57:36  WARNING     [TKT-251] ignoré : 'code'
16:57:36  WARNING     [TKT-252] ignoré : 'code'
16:57:36  WARNING     [TKT-253] ignoré : 'code'
16:57:36  WARNING     [TKT-254] ignoré : 'code'
16:57:36  WARNING     [TKT-255] ignoré : 'code'
16:57:36  WARNING     [TKT-256] ignoré : 'code'
16:57:36  WARNING     [TKT-257] ignoré : 'code'
16:57:36  WARNING     [TKT-258] ignoré : 'code'
16:57:36  WARNING     [TKT-259] ignoré : 'code'
16:57:36  WARNING     [TKT-260] ignoré : 'code'
16:57:36  WARNING     [TKT-261] ignoré : 'code'
16:57:36  WARNING     [TKT-262] ignoré : 'code'
16:57:36  WARNING     [TKT-263] ignoré : 'code'
16:57:36  WARNING     [TKT-264] ignoré : 'code'
16:57:36  WARNING     [TKT-265] ignoré : 'code'
16:57:36  WARNING     [TKT-266] ignoré : 'code'
16:57:36  WARNING     [TKT-267] ignoré : 'code'
16:57:36  WARNING     [TKT-268] ignoré : 'code'
16:57:36  WARNING     [TKT-269] ignoré : 'code'
16:57:36  WARNING     [TKT-270] ignoré : 'code'
16:57:36  WARNING     [TKT-271] ignoré : 'code'
16:57:36  WARNING     [TKT-272] ignoré : 'code'
16:57:36  WARNING     [TKT-273] ignoré : 'code'
16:57:36  WARNING     [TKT-274] ignoré : 'code'
16:57:36  WARNING     [TKT-275] ignoré : 'code'
16:57:36  WARNING     [TKT-276] ignoré : 'code'
16:57:36  INFO        Tickets transformés     : 0
21:03:55  INFO      ╔══════════════════════════════════════════════╗
21:03:55  INFO      ║  ETL BI Télécom v2 — démarrage              ║
21:03:55  INFO      ╚══════════════════════════════════════════════╝
21:03:55  INFO      ━━━ EXTRACT ━━━━━━━━━━━━━━━━━━━━━━━━━━━━━━━━
21:03:55  INFO        Extrait  : secteurs.csv — 10 lignes
21:03:55  INFO        Extrait  : equipements.csv — 120 lignes
21:03:55  INFO        Extrait  : techniciens.csv — 30 lignes
21:03:55  INFO        Extrait  : incidents.csv — 300 lignes
21:03:55  INFO        Extrait  : tickets.csv — 261 lignes
21:03:55  INFO      ━━━ TRANSFORM ━━━━━━━━━━━━━━━━━━━━━━━━━━━━━━
21:03:55  INFO        Secteurs transformés     : 10
21:03:55  INFO        Equipements transformés  : 120
21:03:55  INFO        Techniciens transformés  : 30
21:03:55  INFO        Dim_temps générée        : 180 jours
21:03:55  INFO        Incidents transformés    : 300 (erreurs: 0)
21:03:55  INFO        Tickets transformés      : 261 (erreurs: 0)
21:03:55  INFO        Incidents sans durée     : 97
21:03:55  INFO        Incidents critiques      : 101 / 300
21:03:55  INFO        Taux résolution          : 68%
21:03:55  INFO        Tickets incomplets       : 5
21:03:55  INFO        Tickets avec pause       : 148
21:03:55  INFO      ━━━ LOAD ━━━━━━━━━━━━━━━━━━━━━━━━━━━━━━━━━━━
21:03:55  INFO        Chargé (SQL) : dim_secteur — 10 lignes
21:03:55  INFO        Chargé (SQL) : dim_equipement — 120 lignes
21:03:55  INFO        Chargé (SQL) : dim_technicien — 30 lignes
21:03:55  INFO        Chargé (SQL) : dim_temps — 180 lignes
21:03:55  INFO        Chargé (SQL) : fact_incidents — 300 lignes
21:03:55  INFO        Chargé (SQL) : fact_tickets — 261 lignes
21:03:55  INFO        Fichier SQL  : data\dwh_inserts.sql (301 Ko)
21:03:55  INFO      ━━━ RAPPORT ETL ━━━━━━━━━━━━━━━━━━━━━━━━━━━━
21:03:55  INFO        MTTR moyen               : 190 min (3.2h)
21:03:55  INFO        Délai assignation moy.   : 8 min
21:03:55  INFO        Note intervention moy.   : 3.8 / 5
21:03:55  INFO        Sévérité incidents       : {'MAJEUR': 69, 'MINEUR': 130, 'CRITIQUE': 101}
21:03:55  INFO        Incidents par réseau     : {'IP': 66, '5G': 35, '2G': 36, '3G': 42, '4G': 30, 'RF': 57, 'Fibre': 34}
21:03:55  INFO        Heure pic                : 15h (19 incidents)
21:03:55  INFO        Statuts terrain tickets  : {'COMPLETE': 203, 'PAUSE': 15, 'SUR_SITE': 12, 'EN_ROUTE': 15, 'EN_COURS': 11, 'INCOMPLET': 5}
21:03:55  INFO        Rapport JSON : data\rapport_etl.json
21:03:55  INFO      ━━━ TERMINÉ en 0.13s ━━━━━━━━━━━━━━━━━━━━━━━━
21:06:12  INFO      ╔══════════════════════════════════════════════╗
21:06:12  INFO      ║  ETL BI Télécom v2 — démarrage              ║
21:06:12  INFO      ╚══════════════════════════════════════════════╝
21:06:12  INFO      ━━━ EXTRACT ━━━━━━━━━━━━━━━━━━━━━━━━━━━━━━━━
21:06:12  INFO        Extrait  : secteurs.csv — 10 lignes
21:06:12  INFO        Extrait  : equipements.csv — 120 lignes
21:06:12  INFO        Extrait  : techniciens.csv — 30 lignes
21:06:12  INFO        Extrait  : incidents.csv — 300 lignes
21:06:12  INFO        Extrait  : tickets.csv — 261 lignes
21:06:12  INFO      ━━━ TRANSFORM ━━━━━━━━━━━━━━━━━━━━━━━━━━━━━━
21:06:12  INFO        Secteurs transformés     : 10
21:06:12  INFO        Equipements transformés  : 120
21:06:12  INFO        Techniciens transformés  : 30
21:06:12  INFO        Dim_temps générée        : 180 jours
21:06:12  INFO        Incidents transformés    : 300 (erreurs: 0)
21:06:12  INFO        Tickets transformés      : 261 (erreurs: 0)
21:06:12  INFO        Incidents sans durée     : 97
21:06:12  INFO        Incidents critiques      : 101 / 300
21:06:12  INFO        Taux résolution          : 68%
21:06:12  INFO        Tickets incomplets       : 5
21:06:12  INFO        Tickets avec pause       : 148
21:06:12  INFO      ━━━ LOAD ━━━━━━━━━━━━━━━━━━━━━━━━━━━━━━━━━━━
21:06:12  ERROR       Erreur DB : 
21:10:21  INFO      ╔══════════════════════════════════════════════╗
21:10:21  INFO      ║  ETL BI Télécom v2 — démarrage              ║
21:10:21  INFO      ╚══════════════════════════════════════════════╝
21:10:21  INFO      ━━━ EXTRACT ━━━━━━━━━━━━━━━━━━━━━━━━━━━━━━━━
21:10:21  INFO        Extrait  : secteurs.csv — 10 lignes
21:10:21  INFO        Extrait  : equipements.csv — 120 lignes
21:10:21  INFO        Extrait  : techniciens.csv — 30 lignes
21:10:21  INFO        Extrait  : incidents.csv — 300 lignes
21:10:21  INFO        Extrait  : tickets.csv — 261 lignes
21:10:21  INFO      ━━━ TRANSFORM ━━━━━━━━━━━━━━━━━━━━━━━━━━━━━━
21:10:21  INFO        Secteurs transformés     : 10
21:10:21  INFO        Equipements transformés  : 120
21:10:21  INFO        Techniciens transformés  : 30
21:10:21  INFO        Dim_temps générée        : 180 jours
21:10:21  INFO        Incidents transformés    : 300 (erreurs: 0)
21:10:21  INFO        Tickets transformés      : 261 (erreurs: 0)
21:10:21  INFO        Incidents sans durée     : 97
21:10:21  INFO        Incidents critiques      : 101 / 300
21:10:21  INFO        Taux résolution          : 68%
21:10:21  INFO        Tickets incomplets       : 5
21:10:21  INFO        Tickets avec pause       : 148
21:10:21  INFO      ━━━ LOAD ━━━━━━━━━━━━━━━━━━━━━━━━━━━━━━━━━━━
21:10:21  INFO        Chargé (SQL) : dim_secteur — 10 lignes
21:10:21  INFO        Chargé (SQL) : dim_equipement — 120 lignes
21:10:21  INFO        Chargé (SQL) : dim_technicien — 30 lignes
21:10:21  INFO        Chargé (SQL) : dim_temps — 180 lignes
21:10:21  INFO        Chargé (SQL) : fact_incidents — 300 lignes
21:10:21  INFO        Chargé (SQL) : fact_tickets — 261 lignes
21:10:21  INFO        Fichier SQL  : data\dwh_inserts.sql (301 Ko)
21:10:21  INFO      ━━━ RAPPORT ETL ━━━━━━━━━━━━━━━━━━━━━━━━━━━━
21:10:21  INFO        MTTR moyen               : 190 min (3.2h)
21:10:21  INFO        Délai assignation moy.   : 8 min
21:10:21  INFO        Note intervention moy.   : 3.8 / 5
21:10:21  INFO        Sévérité incidents       : {'MAJEUR': 69, 'MINEUR': 130, 'CRITIQUE': 101}
21:10:21  INFO        Incidents par réseau     : {'IP': 66, '5G': 35, '2G': 36, '3G': 42, '4G': 30, 'RF': 57, 'Fibre': 34}
21:10:21  INFO        Heure pic                : 15h (19 incidents)
21:10:21  INFO        Statuts terrain tickets  : {'COMPLETE': 203, 'PAUSE': 15, 'SUR_SITE': 12, 'EN_ROUTE': 15, 'EN_COURS': 11, 'INCOMPLET': 5}
21:10:21  INFO        Rapport JSON : data\rapport_etl.json
21:10:21  INFO      ━━━ TERMINÉ en 0.09s ━━━━━━━━━━━━━━━━━━━━━━━━
01:33:40  INFO      ╔══════════════════════════════════════════════╗
01:33:40  INFO      ║  ETL BI Télécom v3 — démarrage              ║
01:33:40  INFO      ╚══════════════════════════════════════════════╝
01:33:40  INFO      ━━━ EXTRACT ━━━━━━━━━━━━━━━━━━━━━━━━━━━━━━━━
01:33:40  INFO        Extrait  : secteurs.csv — 10 lignes
01:33:40  INFO        Extrait  : equipements.csv — 120 lignes
01:33:40  INFO        Extrait  : techniciens.csv — 30 lignes
01:33:40  INFO        Extrait  : users.json — 32 entrées
01:33:40  INFO        Extrait  : incidents.csv — 300 lignes
01:33:40  INFO      ━━━ TRANSFORM ━━━━━━━━━━━━━━━━━━━━━━━━━━━━━━
01:33:40  INFO        Secteurs transformés    : 10
01:33:40  INFO        Équipements transformés : 120
01:33:40  INFO        Techniciens transformés : 30
01:33:40  INFO        Users transformés       : 32
01:33:40  INFO        Dim_temps générée       : 15 jours
01:33:40  INFO        Incidents transformés   : 300 (erreurs: 0)
01:33:40  INFO        Tous statut OUVERT      : prêts pour dispatch
01:33:40  INFO        Incidents critiques     : 116 / 300
01:33:40  INFO      ━━━ LOAD ━━━━━━━━━━━━━━━━━━━━━━━━━━━━━━━━━━━
01:33:40  INFO        Chargé (SQL) : dim_secteur — 10 lignes
01:33:40  INFO        Chargé (SQL) : dim_equipement — 120 lignes
01:33:40  INFO        Chargé (SQL) : dim_technicien — 30 lignes
01:33:40  INFO        Chargé (SQL) : dim_users — 32 lignes
01:33:40  INFO        Chargé (SQL) : dim_temps — 15 lignes
01:33:40  INFO        Chargé (SQL) : fact_incidents — 300 lignes
01:33:40  INFO        Fichier SQL  : data\dwh_inserts.sql (106 Ko)
01:33:40  INFO      ━━━ RAPPORT ETL ━━━━━━━━━━━━━━━━━━━━━━━━━━━━
01:33:41  INFO        Incidents OUVERT        : 300
01:33:41  INFO        Sévérité                : {'MINEUR': 115, 'MAJEUR': 69, 'CRITIQUE': 116}
01:33:41  INFO        Durée estimée moy.      : 220 min
01:33:41  INFO        Heure pic détection     : 3h
01:33:41  INFO        Techniciens disponibles : 24 / 30
01:33:41  INFO        Indisponibles           : 6
01:33:41  INFO        Tickets                 : 0 (créés via dispatch uniquement)
01:33:41  INFO        Users chargés           : 32
01:33:41  INFO        Rapport JSON : data\rapport_etl.json
01:33:41  INFO      ━━━ TERMINÉ en 0.13s ━━━━━━━━━━━━━━━━━━━━━━━━
01:42:46  INFO      ╔══════════════════════════════════════════════╗
01:42:46  INFO      ║  ETL BI Télécom v3 — démarrage              ║
01:42:46  INFO      ╚══════════════════════════════════════════════╝
01:42:46  INFO      ━━━ EXTRACT ━━━━━━━━━━━━━━━━━━━━━━━━━━━━━━━━
01:42:46  INFO        Extrait  : secteurs.csv — 10 lignes
01:42:46  INFO        Extrait  : equipements.csv — 120 lignes
01:42:46  INFO        Extrait  : techniciens.csv — 30 lignes
01:42:47  INFO        Extrait  : incidents.csv — 300 lignes
01:42:47  INFO      ━━━ TRANSFORM ━━━━━━━━━━━━━━━━━━━━━━━━━━━━━━
01:42:47  INFO        Secteurs transformés    : 10
01:42:47  INFO        Équipements transformés : 120
01:42:47  INFO        Techniciens transformés : 30
01:42:47  INFO        Dim_temps générée       : 21 jours
01:42:47  INFO        Incidents transformés   : 300 (erreurs: 0)
01:42:47  INFO        Statut forcé OUVERT     : prêts pour dispatch
01:42:47  INFO        Incidents critiques     : 116 / 300
01:42:47  INFO        duree_estimee_min moy.  : 220 min
01:42:47  INFO      ━━━ LOAD ━━━━━━━━━━━━━━━━━━━━━━━━━━━━━━━━━━━
01:42:47  INFO        Chargé (SQL) : dim_secteur — 10 lignes
01:42:47  INFO        Chargé (SQL) : dim_equipement — 120 lignes
01:42:47  INFO        Chargé (SQL) : dim_technicien — 30 lignes
01:42:47  INFO        Chargé (SQL) : dim_temps — 21 lignes
01:42:47  INFO        Chargé (SQL) : fact_incidents — 300 lignes
01:42:47  INFO        Fichier SQL  : data\dwh_inserts.sql (101 Ko)
01:42:47  INFO      ━━━ RAPPORT ETL ━━━━━━━━━━━━━━━━━━━━━━━━━━━━
01:42:47  INFO        Incidents OUVERT        : 300
01:42:47  INFO        Sévérité                : {'MINEUR': 115, 'MAJEUR': 69, 'CRITIQUE': 116}
01:42:47  INFO        Durée estimée moy.      : 220 min
01:42:47  INFO        Heure pic               : 22h
01:42:47  INFO        Techniciens dispo       : 24 / 30
01:42:47  INFO        Indisponibles           : 6
01:42:47  INFO        Tickets                 : 0 (créés via dispatch)
01:42:47  INFO        Rapport JSON : data\rapport_etl.json
01:42:47  INFO      ━━━ TERMINÉ en 0.11s ━━━━━━━━━━━━━━━━━━━━━━━━
01:44:25  INFO      ╔══════════════════════════════════════════════╗
01:44:25  INFO      ║  ETL BI Télécom v3 — démarrage              ║
01:44:25  INFO      ╚══════════════════════════════════════════════╝
01:44:25  INFO      ━━━ EXTRACT ━━━━━━━━━━━━━━━━━━━━━━━━━━━━━━━━
01:44:25  INFO        Extrait  : secteurs.csv — 10 lignes
01:44:25  INFO        Extrait  : equipements.csv — 120 lignes
01:44:25  INFO        Extrait  : techniciens.csv — 30 lignes
01:44:25  INFO        Extrait  : incidents.csv — 300 lignes
01:44:25  INFO      ━━━ TRANSFORM ━━━━━━━━━━━━━━━━━━━━━━━━━━━━━━
01:44:25  INFO        Secteurs transformés    : 10
01:44:25  INFO        Équipements transformés : 120
01:44:25  INFO        Techniciens transformés : 30
01:44:25  INFO        Dim_temps générée       : 21 jours
01:44:25  INFO        Incidents transformés   : 300 (erreurs: 0)
01:44:25  INFO        Statut forcé OUVERT     : prêts pour dispatch
01:44:25  INFO        Incidents critiques     : 116 / 300
01:44:25  INFO        duree_estimee_min moy.  : 220 min
01:44:25  INFO      ━━━ LOAD ━━━━━━━━━━━━━━━━━━━━━━━━━━━━━━━━━━━
01:44:25  INFO        Chargé (SQL) : dim_secteur — 10 lignes
01:44:25  INFO        Chargé (SQL) : dim_equipement — 120 lignes
01:44:25  INFO        Chargé (SQL) : dim_technicien — 30 lignes
01:44:25  INFO        Chargé (SQL) : dim_temps — 21 lignes
01:44:25  INFO        Chargé (SQL) : fact_incidents — 300 lignes
01:44:25  INFO        Fichier SQL  : data\dwh_inserts.sql (101 Ko)
01:44:25  INFO      ━━━ RAPPORT ETL ━━━━━━━━━━━━━━━━━━━━━━━━━━━━
01:44:25  INFO        Incidents OUVERT        : 300
01:44:25  INFO        Sévérité                : {'MINEUR': 115, 'MAJEUR': 69, 'CRITIQUE': 116}
01:44:25  INFO        Durée estimée moy.      : 220 min
01:44:25  INFO        Heure pic               : 22h
01:44:25  INFO        Techniciens dispo       : 24 / 30
01:44:25  INFO        Indisponibles           : 6
01:44:25  INFO        Tickets                 : 0 (créés via dispatch)
01:44:25  INFO        Rapport JSON : data\rapport_etl.json
01:44:25  INFO      ━━━ TERMINÉ en 0.09s ━━━━━━━━━━━━━━━━━━━━━━━━
01:44:44  INFO      ╔══════════════════════════════════════════════╗
01:44:44  INFO      ║  ETL BI Télécom v3 — démarrage              ║
01:44:44  INFO      ╚══════════════════════════════════════════════╝
01:44:44  INFO      ━━━ EXTRACT ━━━━━━━━━━━━━━━━━━━━━━━━━━━━━━━━
01:44:44  INFO        Extrait  : secteurs.csv — 10 lignes
01:44:44  INFO        Extrait  : equipements.csv — 120 lignes
01:44:44  INFO        Extrait  : techniciens.csv — 30 lignes
01:44:44  INFO        Extrait  : incidents.csv — 300 lignes
01:44:44  INFO      ━━━ TRANSFORM ━━━━━━━━━━━━━━━━━━━━━━━━━━━━━━
01:44:44  INFO        Secteurs transformés    : 10
01:44:44  INFO        Équipements transformés : 120
01:44:44  INFO        Techniciens transformés : 30
01:44:44  INFO        Dim_temps générée       : 21 jours
01:44:44  INFO        Incidents transformés   : 300 (erreurs: 0)
01:44:44  INFO        Statut forcé OUVERT     : prêts pour dispatch
01:44:44  INFO        Incidents critiques     : 116 / 300
01:44:44  INFO        duree_estimee_min moy.  : 220 min
01:44:44  INFO      ━━━ LOAD ━━━━━━━━━━━━━━━━━━━━━━━━━━━━━━━━━━━
01:44:44  INFO        Chargé (SQL) : dim_secteur — 10 lignes
01:44:44  INFO        Chargé (SQL) : dim_equipement — 120 lignes
01:44:44  INFO        Chargé (SQL) : dim_technicien — 30 lignes
01:44:44  INFO        Chargé (SQL) : dim_temps — 21 lignes
01:44:44  INFO        Chargé (SQL) : fact_incidents — 300 lignes
01:44:44  INFO        Fichier SQL  : data\dwh_inserts.sql (101 Ko)
01:44:44  INFO      ━━━ RAPPORT ETL ━━━━━━━━━━━━━━━━━━━━━━━━━━━━
01:44:44  INFO        Incidents OUVERT        : 300
01:44:44  INFO        Sévérité                : {'MINEUR': 115, 'MAJEUR': 69, 'CRITIQUE': 116}
01:44:44  INFO        Durée estimée moy.      : 220 min
01:44:44  INFO        Heure pic               : 22h
01:44:44  INFO        Techniciens dispo       : 24 / 30
01:44:44  INFO        Indisponibles           : 6
01:44:44  INFO        Tickets                 : 0 (créés via dispatch)
01:44:44  INFO        Rapport JSON : data\rapport_etl.json
01:44:44  INFO      ━━━ TERMINÉ en 0.06s ━━━━━━━━━━━━━━━━━━━━━━━━
01:48:12  INFO      ╔══════════════════════════════════════════════╗
01:48:12  INFO      ║  ETL BI Télécom v3 — démarrage              ║
01:48:12  INFO      ╚══════════════════════════════════════════════╝
01:48:12  INFO      ━━━ EXTRACT ━━━━━━━━━━━━━━━━━━━━━━━━━━━━━━━━
01:48:12  INFO        Extrait  : secteurs.csv — 10 lignes
01:48:12  INFO        Extrait  : equipements.csv — 120 lignes
01:48:12  INFO        Extrait  : techniciens.csv — 30 lignes
01:48:12  INFO        Extrait  : incidents.csv — 300 lignes
01:48:12  INFO      ━━━ TRANSFORM ━━━━━━━━━━━━━━━━━━━━━━━━━━━━━━
01:48:12  INFO        Secteurs transformés    : 10
01:48:12  INFO        Équipements transformés : 120
01:48:12  INFO        Techniciens transformés : 30
01:48:12  INFO        Dim_temps générée       : 21 jours
01:48:12  INFO        Incidents transformés   : 300 (erreurs: 0)
01:48:12  INFO        Statut forcé OUVERT     : prêts pour dispatch
01:48:12  INFO        Incidents critiques     : 116 / 300
01:48:12  INFO        duree_estimee_min moy.  : 220 min
01:48:12  INFO      ━━━ LOAD ━━━━━━━━━━━━━━━━━━━━━━━━━━━━━━━━━━━
01:48:12  INFO        Chargé (SQL) : dim_secteur — 10 lignes
01:48:12  INFO        Chargé (SQL) : dim_equipement — 120 lignes
01:48:12  INFO        Chargé (SQL) : dim_technicien — 30 lignes
01:48:12  INFO        Chargé (SQL) : dim_temps — 21 lignes
01:48:12  INFO        Chargé (SQL) : fact_incidents — 300 lignes
01:48:12  INFO        Fichier SQL  : data\dwh_inserts.sql (101 Ko)
01:48:12  INFO      ━━━ RAPPORT ETL ━━━━━━━━━━━━━━━━━━━━━━━━━━━━
01:48:12  INFO        Incidents OUVERT        : 300
01:48:12  INFO        Sévérité                : {'MINEUR': 115, 'MAJEUR': 69, 'CRITIQUE': 116}
01:48:12  INFO        Durée estimée moy.      : 220 min
01:48:12  INFO        Heure pic               : 22h
01:48:12  INFO        Techniciens dispo       : 24 / 30
01:48:12  INFO        Indisponibles           : 6
01:48:12  INFO        Tickets                 : 0 (créés via dispatch)
01:48:12  INFO        Rapport JSON : data\rapport_etl.json
01:48:12  INFO      ━━━ TERMINÉ en 0.04s ━━━━━━━━━━━━━━━━━━━━━━━━
01:51:03  INFO      ╔══════════════════════════════════════════════╗
01:51:03  INFO      ║  ETL BI Télécom v3 — démarrage              ║
01:51:03  INFO      ╚══════════════════════════════════════════════╝
01:51:03  INFO      ━━━ EXTRACT ━━━━━━━━━━━━━━━━━━━━━━━━━━━━━━━━
01:51:03  INFO        Extrait  : secteurs.csv — 10 lignes
01:51:03  INFO        Extrait  : equipements.csv — 120 lignes
01:51:03  INFO        Extrait  : techniciens.csv — 30 lignes
01:51:03  INFO        Extrait  : incidents.csv — 300 lignes
01:51:03  INFO      ━━━ TRANSFORM ━━━━━━━━━━━━━━━━━━━━━━━━━━━━━━
01:51:03  INFO        Secteurs transformés    : 10
01:51:03  INFO        Équipements transformés : 120
01:51:03  INFO        Techniciens transformés : 30
01:51:04  INFO        Dim_temps générée       : 21 jours
01:51:04  INFO        Incidents transformés   : 300 (erreurs: 0)
01:51:04  INFO        Statut forcé OUVERT     : prêts pour dispatch
01:51:04  INFO        Incidents critiques     : 116 / 300
01:51:04  INFO        duree_estimee_min moy.  : 220 min
01:51:04  INFO      ━━━ LOAD ━━━━━━━━━━━━━━━━━━━━━━━━━━━━━━━━━━━
01:51:04  INFO        Chargé (SQL) : dim_secteur — 10 lignes
01:51:04  INFO        Chargé (SQL) : dim_equipement — 120 lignes
01:51:04  INFO        Chargé (SQL) : dim_technicien — 30 lignes
01:51:04  INFO        Chargé (SQL) : dim_temps — 21 lignes
01:51:04  INFO        Chargé (SQL) : fact_incidents — 300 lignes
01:51:04  INFO        Fichier SQL  : data\dwh_inserts.sql (214 Ko)
01:51:04  INFO      ━━━ RAPPORT ETL ━━━━━━━━━━━━━━━━━━━━━━━━━━━━
01:51:04  INFO        Incidents OUVERT        : 300
01:51:04  INFO        Sévérité                : {'MINEUR': 115, 'MAJEUR': 69, 'CRITIQUE': 116}
01:51:04  INFO        Durée estimée moy.      : 220 min
01:51:04  INFO        Heure pic               : 22h
01:51:04  INFO        Techniciens dispo       : 24 / 30
01:51:04  INFO        Indisponibles           : 6
01:51:04  INFO        Tickets                 : 0 (créés via dispatch)
01:51:04  INFO        Rapport JSON : data\rapport_etl.json
01:51:04  INFO      ━━━ TERMINÉ en 1.47s ━━━━━━━━━━━━━━━━━━━━━━━━
02:41:27  INFO      ╔══════════════════════════════════════════════╗
02:41:27  INFO      ║  ETL BI Télécom v3 — démarrage              ║
02:41:27  INFO      ╚══════════════════════════════════════════════╝
02:41:27  INFO      ━━━ EXTRACT ━━━━━━━━━━━━━━━━━━━━━━━━━━━━━━━━
02:41:27  INFO        Extrait  : secteurs.csv — 10 lignes
02:41:27  INFO        Extrait  : equipements.csv — 120 lignes
02:41:27  INFO        Extrait  : techniciens.csv — 30 lignes
02:41:27  INFO        Extrait  : incidents.csv — 300 lignes
02:41:27  INFO      ━━━ TRANSFORM ━━━━━━━━━━━━━━━━━━━━━━━━━━━━━━
02:41:27  INFO        Secteurs transformés    : 10
02:41:27  INFO        Équipements transformés : 120
02:41:27  INFO        Techniciens transformés : 30
02:41:27  INFO        Dim_temps générée       : 21 jours
02:41:27  INFO        Incidents transformés   : 300 (erreurs: 0)
02:41:27  INFO        Statut forcé OUVERT     : prêts pour dispatch
02:41:27  INFO        Incidents critiques     : 116 / 300
02:41:27  INFO        duree_estimee_min moy.  : 220 min
02:41:27  INFO      ━━━ LOAD ━━━━━━━━━━━━━━━━━━━━━━━━━━━━━━━━━━━
02:41:27  INFO        Chargé (SQL) : dim_secteur — 10 lignes
02:41:27  INFO        Chargé (SQL) : dim_equipement — 120 lignes
02:41:27  INFO        Chargé (SQL) : dim_technicien — 30 lignes
02:41:27  INFO        Chargé (SQL) : dim_temps — 21 lignes
02:41:27  INFO        Chargé (SQL) : fact_incidents — 300 lignes
02:41:27  INFO        Fichier SQL  : data\dwh_inserts.sql (214 Ko)
02:41:27  INFO      ━━━ RAPPORT ETL ━━━━━━━━━━━━━━━━━━━━━━━━━━━━
02:41:27  INFO        Incidents OUVERT        : 300
02:41:27  INFO        Sévérité                : {'MINEUR': 115, 'MAJEUR': 69, 'CRITIQUE': 116}
02:41:27  INFO        Durée estimée moy.      : 220 min
02:41:27  INFO        Heure pic               : 22h
02:41:27  INFO        Techniciens dispo       : 24 / 30
02:41:27  INFO        Indisponibles           : 6
02:41:27  INFO        Tickets                 : 0 (créés via dispatch)
02:41:27  INFO        Rapport JSON : data\rapport_etl.json
02:41:27  INFO      ━━━ TERMINÉ en 0.05s ━━━━━━━━━━━━━━━━━━━━━━━━
03:00:43  INFO      ╔══════════════════════════════════════════════╗
03:00:43  INFO      ║  ETL BI Télécom v3 — démarrage              ║
03:00:43  INFO      ╚══════════════════════════════════════════════╝
03:00:43  INFO      ━━━ EXTRACT ━━━━━━━━━━━━━━━━━━━━━━━━━━━━━━━━
03:00:43  INFO        Extrait  : secteurs.csv — 10 lignes
03:00:43  INFO        Extrait  : equipements.csv — 120 lignes
03:00:43  INFO        Extrait  : techniciens.csv — 30 lignes
03:00:43  INFO        Extrait  : incidents.csv — 300 lignes
03:00:43  INFO      ━━━ TRANSFORM ━━━━━━━━━━━━━━━━━━━━━━━━━━━━━━
03:00:43  INFO        Secteurs transformés    : 10
03:00:43  INFO        Équipements transformés : 120
03:00:43  INFO        Techniciens transformés : 30
03:00:43  INFO        Dim_temps générée       : 21 jours
03:00:43  INFO        Incidents transformés   : 300 (erreurs: 0)
03:00:43  INFO        Statut forcé OUVERT     : prêts pour dispatch
03:00:43  INFO        Incidents critiques     : 116 / 300
03:00:43  INFO        duree_estimee_min moy.  : 220 min
03:00:43  INFO      ━━━ LOAD ━━━━━━━━━━━━━━━━━━━━━━━━━━━━━━━━━━━
03:00:43  INFO        Chargé (SQL) : dim_secteur — 10 lignes
03:00:43  INFO        Chargé (SQL) : dim_equipement — 120 lignes
03:00:43  INFO        Chargé (SQL) : dim_technicien — 30 lignes
03:00:43  INFO        Chargé (SQL) : dim_temps — 21 lignes
03:00:43  INFO        Chargé (SQL) : fact_incidents — 300 lignes
03:00:43  INFO        Fichier SQL  : data\dwh_inserts.sql (214 Ko)
03:00:43  INFO      ━━━ RAPPORT ETL ━━━━━━━━━━━━━━━━━━━━━━━━━━━━
03:00:43  INFO        Incidents OUVERT        : 300
03:00:43  INFO        Sévérité                : {'MINEUR': 115, 'MAJEUR': 69, 'CRITIQUE': 116}
03:00:43  INFO        Durée estimée moy.      : 220 min
03:00:43  INFO        Heure pic               : 22h
03:00:43  INFO        Techniciens dispo       : 24 / 30
03:00:43  INFO        Indisponibles           : 6
03:00:43  INFO        Tickets                 : 0 (créés via dispatch)
03:00:43  INFO        Rapport JSON : data\rapport_etl.json
03:00:43  INFO      ━━━ TERMINÉ en 0.07s ━━━━━━━━━━━━━━━━━━━━━━━━
18:55:01  INFO      ╔══════════════════════════════════════════════╗
18:55:01  INFO      ║  ETL BI Télécom v3 — démarrage              ║
18:55:01  INFO      ╚══════════════════════════════════════════════╝
18:55:01  INFO      ━━━ EXTRACT ━━━━━━━━━━━━━━━━━━━━━━━━━━━━━━━━
18:55:01  INFO        Extrait  : secteurs.csv — 10 lignes
18:55:01  INFO        Extrait  : equipements.csv — 120 lignes
18:55:01  INFO        Extrait  : techniciens.csv — 30 lignes
18:55:02  INFO        Extrait  : incidents.csv — 300 lignes
18:55:02  INFO      ━━━ TRANSFORM ━━━━━━━━━━━━━━━━━━━━━━━━━━━━━━
18:55:02  INFO        Secteurs transformés    : 10
18:55:02  INFO        Équipements transformés : 120
18:55:02  INFO        Techniciens transformés : 30
18:55:02  INFO        Dim_temps générée       : 21 jours
18:55:02  INFO        Incidents transformés   : 300 (erreurs: 0)
18:55:02  INFO        Statut forcé OUVERT     : prêts pour dispatch
18:55:02  INFO        Incidents critiques     : 116 / 300
18:55:02  INFO        duree_estimee_min moy.  : 220 min
18:55:02  INFO      ━━━ LOAD ━━━━━━━━━━━━━━━━━━━━━━━━━━━━━━━━━━━
18:55:02  INFO        Chargé (SQL) : dim_secteur — 10 lignes
18:55:02  INFO        Chargé (SQL) : dim_equipement — 120 lignes
18:55:02  INFO        Chargé (SQL) : dim_technicien — 30 lignes
18:55:02  INFO        Chargé (SQL) : dim_temps — 21 lignes
18:55:02  INFO        Chargé (SQL) : fact_incidents — 300 lignes
18:55:02  INFO        Fichier SQL  : data\dwh_inserts.sql (214 Ko)
18:55:02  INFO      ━━━ RAPPORT ETL ━━━━━━━━━━━━━━━━━━━━━━━━━━━━
18:55:02  INFO        Incidents OUVERT        : 300
18:55:02  INFO        Sévérité                : {'MINEUR': 115, 'MAJEUR': 69, 'CRITIQUE': 116}
18:55:02  INFO        Durée estimée moy.      : 220 min
18:55:02  INFO        Heure pic               : 2h
18:55:02  INFO        Techniciens dispo       : 24 / 30
18:55:02  INFO        Indisponibles           : 6
18:55:02  INFO        Tickets                 : 0 (créés via dispatch)
18:55:02  INFO        Rapport JSON : data\rapport_etl.json
18:55:02  INFO      ━━━ TERMINÉ en 0.1s ━━━━━━━━━━━━━━━━━━━━━━━━
11:08:38  INFO      ╔══════════════════════════════════════════════╗
11:08:38  INFO      ║  ETL BI Télécom v3 — démarrage              ║
11:08:38  INFO      ╚══════════════════════════════════════════════╝
11:08:38  INFO      ━━━ EXTRACT ━━━━━━━━━━━━━━━━━━━━━━━━━━━━━━━━
11:08:38  INFO        Extrait  : secteurs.csv — 10 lignes
11:08:38  INFO        Extrait  : equipements.csv — 120 lignes
11:08:38  INFO        Extrait  : techniciens.csv — 30 lignes
11:08:38  INFO        Extrait  : incidents.csv — 300 lignes
11:08:38  INFO      ━━━ TRANSFORM ━━━━━━━━━━━━━━━━━━━━━━━━━━━━━━
11:08:38  INFO        Secteurs transformés    : 10
11:08:38  INFO        Équipements transformés : 120
11:08:38  INFO        Techniciens transformés : 30
11:08:38  INFO        Dim_temps générée       : 21 jours
11:08:38  INFO        Incidents transformés   : 300 (erreurs: 0)
11:08:38  INFO        Statut forcé OUVERT     : prêts pour dispatch
11:08:38  INFO        Incidents critiques     : 116 / 300
11:08:38  INFO        duree_estimee_min moy.  : 220 min
11:08:38  INFO      ━━━ LOAD ━━━━━━━━━━━━━━━━━━━━━━━━━━━━━━━━━━━
11:08:38  INFO        Chargé (SQL) : dim_secteur — 10 lignes
11:08:38  INFO        Chargé (SQL) : dim_equipement — 120 lignes
11:08:38  INFO        Chargé (SQL) : dim_technicien — 30 lignes
11:08:38  INFO        Chargé (SQL) : dim_temps — 21 lignes
11:08:38  INFO        Chargé (SQL) : fact_incidents — 300 lignes
11:08:38  INFO        Fichier SQL  : data\dwh_inserts.sql (214 Ko)
11:08:38  INFO      ━━━ RAPPORT ETL ━━━━━━━━━━━━━━━━━━━━━━━━━━━━
11:08:38  INFO        Incidents OUVERT        : 300
11:08:38  INFO        Sévérité                : {'MINEUR': 115, 'MAJEUR': 69, 'CRITIQUE': 116}
11:08:38  INFO        Durée estimée moy.      : 220 min
11:08:38  INFO        Heure pic               : 8h
11:08:38  INFO        Techniciens dispo       : 24 / 30
11:08:38  INFO        Indisponibles           : 6
11:08:38  INFO        Tickets                 : 0 (créés via dispatch)
11:08:38  INFO        Rapport JSON : data\rapport_etl.json
11:08:38  INFO      ━━━ TERMINÉ en 0.07s ━━━━━━━━━━━━━━━━━━━━━━━━
18:22:10  INFO      ╔══════════════════════════════════════════════╗
18:22:10  INFO      ║  ETL BI Télécom v3 — démarrage              ║
18:22:10  INFO      ╚══════════════════════════════════════════════╝
18:22:10  INFO      ━━━ EXTRACT ━━━━━━━━━━━━━━━━━━━━━━━━━━━━━━━━
18:22:10  INFO        Extrait  : secteurs.csv — 10 lignes
18:22:10  INFO        Extrait  : equipements.csv — 120 lignes
18:22:10  INFO        Extrait  : techniciens.csv — 30 lignes
18:22:10  INFO        Extrait  : incidents.csv — 300 lignes
18:22:11  INFO      ━━━ TRANSFORM ━━━━━━━━━━━━━━━━━━━━━━━━━━━━━━
18:22:11  INFO        Secteurs transformés    : 10
18:22:11  INFO        Équipements transformés : 120
18:22:11  INFO        Techniciens transformés : 30
18:22:11  INFO        Dim_temps générée       : 21 jours
18:22:11  INFO        Incidents transformés   : 300 (erreurs: 0)
18:22:11  INFO        Statut forcé OUVERT     : prêts pour dispatch
18:22:11  INFO        Incidents critiques     : 116 / 300
18:22:11  INFO        duree_estimee_min moy.  : 220 min
18:22:11  INFO      ━━━ LOAD ━━━━━━━━━━━━━━━━━━━━━━━━━━━━━━━━━━━
18:22:11  INFO        Chargé (SQL) : dim_secteur — 10 lignes
18:22:11  INFO        Chargé (SQL) : dim_equipement — 120 lignes
18:22:11  INFO        Chargé (SQL) : dim_technicien — 30 lignes
18:22:11  INFO        Chargé (SQL) : dim_temps — 21 lignes
18:22:11  INFO        Chargé (SQL) : fact_incidents — 300 lignes
18:22:11  INFO        Fichier SQL  : data\dwh_inserts.sql (213 Ko)
18:22:11  INFO      ━━━ RAPPORT ETL ━━━━━━━━━━━━━━━━━━━━━━━━━━━━
18:22:11  INFO        Incidents OUVERT        : 300
18:22:11  INFO        Sévérité                : {'MINEUR': 115, 'MAJEUR': 69, 'CRITIQUE': 116}
18:22:11  INFO        Durée estimée moy.      : 220 min
18:22:11  INFO        Heure pic               : 15h
18:22:11  INFO        Techniciens dispo       : 24 / 30
18:22:11  INFO        Indisponibles           : 6
18:22:11  INFO        Tickets                 : 0 (créés via dispatch)
18:22:11  INFO        Rapport JSON : data\rapport_etl.json
18:22:11  INFO      ━━━ TERMINÉ en 0.74s ━━━━━━━━━━━━━━━━━━━━━━━━
19:01:11  INFO      ╔══════════════════════════════════════════════╗
19:01:11  INFO      ║  ETL BI Télécom v3 — démarrage              ║
19:01:11  INFO      ╚══════════════════════════════════════════════╝
19:01:11  INFO      ━━━ EXTRACT ━━━━━━━━━━━━━━━━━━━━━━━━━━━━━━━━
19:01:11  INFO        Extrait  : secteurs.csv — 10 lignes
19:01:11  INFO        Extrait  : equipements.csv — 120 lignes
19:01:11  INFO        Extrait  : techniciens.csv — 30 lignes
19:01:11  INFO        Extrait  : incidents.csv — 300 lignes
19:01:11  INFO      ━━━ TRANSFORM ━━━━━━━━━━━━━━━━━━━━━━━━━━━━━━
19:01:11  INFO        Secteurs transformés    : 10
19:01:11  INFO        Équipements transformés : 120
19:01:11  INFO        Techniciens transformés : 30
19:01:11  INFO        Dim_temps générée       : 21 jours
19:01:11  INFO        Incidents transformés   : 300 (erreurs: 0)
19:01:11  INFO        Statut forcé OUVERT     : prêts pour dispatch
19:01:11  INFO        Incidents critiques     : 116 / 300
19:01:11  INFO        duree_estimee_min moy.  : 220 min
19:01:11  INFO      ━━━ LOAD ━━━━━━━━━━━━━━━━━━━━━━━━━━━━━━━━━━━
19:01:11  INFO        Chargé (SQL) : dim_secteur — 10 lignes
19:01:11  INFO        Chargé (SQL) : dim_equipement — 120 lignes
19:01:11  INFO        Chargé (SQL) : dim_technicien — 30 lignes
19:01:11  INFO        Chargé (SQL) : dim_temps — 21 lignes
19:01:11  INFO        Chargé (SQL) : fact_incidents — 300 lignes
19:01:11  INFO        Fichier SQL  : data\dwh_inserts.sql (213 Ko)
19:01:11  INFO      ━━━ RAPPORT ETL ━━━━━━━━━━━━━━━━━━━━━━━━━━━━
19:01:11  INFO        Incidents OUVERT        : 300
19:01:11  INFO        Sévérité                : {'MINEUR': 115, 'MAJEUR': 69, 'CRITIQUE': 116}
19:01:11  INFO        Durée estimée moy.      : 220 min
19:01:11  INFO        Heure pic               : 14h
19:01:11  INFO        Techniciens dispo       : 24 / 30
19:01:11  INFO        Indisponibles           : 6
19:01:11  INFO        Tickets                 : 0 (créés via dispatch)
19:01:11  INFO        Rapport JSON : data\rapport_etl.json
19:01:11  INFO      ━━━ TERMINÉ en 0.06s ━━━━━━━━━━━━━━━━━━━━━━━━
