id,code,incident_id,incident_code,technicien_id,technicien_nom,technicien_matricule,secteur_id,secteur_nom,severite,statut,date_creation,date_assignation,date_resolution,duree_intervention_min,distance_km,note_intervention,statut_terrain,date_arrivee_site,date_debut_intervention,date_fin_intervention,pause_prise,pause_debut_terrain,pause_fin_terrain,cause_incomplete,contraintes,updated_by,historique_statuts
1,TKT-00001,1,INC-202602-0001,25,Ilyas IDRISSI,TECH-025,10,Tétouan,MAJEUR,RESOLU,2026-02-10T00:55:19.754412,2026-02-10T01:08:19.754412,2026-02-10T01:28:19.754412,46,28.26,3.6,COMPLETE,2026-02-10T01:46:19.754412,2026-02-10T01:58:19.754412,2026-02-10T02:44:19.754412,False,,,,"[""Necessite coupure reseau planifiee""]",ADMIN,"[{""statut"": ""ASSIGNE"", ""timestamp"": ""2026-02-10T00:55:19.754412""}, {""statut"": ""EN_ROUTE"", ""timestamp"": ""2026-02-10T01:08:19.754412""}, {""statut"": ""SUR_SITE"", ""timestamp"": ""2026-02-10T01:46:19.754412""}, {""statut"": ""EN_COURS"", ""timestamp"": ""2026-02-10T01:58:19.754412""}, {""statut"": ""COMPLETE"", ""timestamp"": ""2026-02-10T02:44:19.754412""}]"
2,TKT-00002,2,INC-202602-0002,11,Mehdi MOUSSAOUI,TECH-011,1,Grand Casablanca,MINEUR,RESOLU,2026-02-19T17:05:29.754412,2026-02-19T17:15:29.754412,2026-02-19T17:14:29.754412,38,8.41,3.4,COMPLETE,2026-02-19T17:43:29.754412,2026-02-19T17:51:29.754412,2026-02-19T18:29:29.754412,False,,,,[],TECHNICIEN,"[{""statut"": ""ASSIGNE"", ""timestamp"": ""2026-02-19T17:05:29.754412""}, {""statut"": ""EN_ROUTE"", ""timestamp"": ""2026-02-19T17:15:29.754412""}, {""statut"": ""SUR_SITE"", ""timestamp"": ""2026-02-19T17:43:29.754412""}, {""statut"": ""EN_COURS"", ""timestamp"": ""2026-02-19T17:51:29.754412""}, {""statut"": ""COMPLETE"", ""timestamp"": ""2026-02-19T18:29:29.754412""}]"
3,TKT-00003,4,INC-202602-0004,14,Salma BENOMAR,TECH-014,6,Agadir,CRITIQUE,RESOLU,2026-02-08T01:45:29.754412,2026-02-08T01:51:29.754412,2026-02-08T06:50:29.754412,320,11.12,3.2,COMPLETE,2026-02-08T02:07:29.754412,2026-02-08T02:13:29.754412,2026-02-08T07:33:29.754412,True,13:00,14:00,,"[""Dependance fournisseur externe""]",TECHNICIEN,"[{""statut"": ""ASSIGNE"", ""timestamp"": ""2026-02-08T01:45:29.754412""}, {""statut"": ""EN_ROUTE"", ""timestamp"": ""2026-02-08T01:51:29.754412""}, {""statut"": ""SUR_SITE"", ""timestamp"": ""2026-02-08T02:07:29.754412""}, {""statut"": ""EN_COURS"", ""timestamp"": ""2026-02-08T02:13:29.754412""}, {""statut"": ""PAUSE"", ""timestamp"": ""2026-02-08T04:13:29.754412""}, {""statut"": ""EN_COURS"", ""timestamp"": ""2026-02-08T05:13:29.754412""}, {""statut"": ""COMPLETE"", ""timestamp"": ""2026-02-08T07:33:29.754412""}]"
4,TKT-00004,5,INC-202605-0005,1,Youssef BENALI,TECH-001,4,Fès,MAJEUR,FERME,2026-05-03T17:18:02.754412,2026-05-03T17:25:02.754412,2026-05-03T18:14:02.754412,66,1.27,3.4,COMPLETE,2026-05-03T18:03:02.754412,2026-05-03T18:16:02.754412,2026-05-03T19:22:02.754412,False,,,,[],TECHNICIEN,"[{""statut"": ""ASSIGNE"", ""timestamp"": ""2026-05-03T17:18:02.754412""}, {""statut"": ""EN_ROUTE"", ""timestamp"": ""2026-05-03T17:25:02.754412""}, {""statut"": ""SUR_SITE"", ""timestamp"": ""2026-05-03T18:03:02.754412""}, {""statut"": ""EN_COURS"", ""timestamp"": ""2026-05-03T18:16:02.754412""}, {""statut"": ""COMPLETE"", ""timestamp"": ""2026-05-03T19:22:02.754412""}]"
5,TKT-00005,6,INC-202604-0006,16,Houda KETTANI,TECH-016,5,Tanger,CRITIQUE,EN_COURS,2026-04-29T09:01:37.754412,2026-04-29T09:02:37.754412,,,21.88,,PAUSE,2026-04-29T09:30:37.754412,2026-04-29T09:41:37.754412,,True,13:00,14:00,,[],TECHNICIEN,"[{""statut"": ""ASSIGNE"", ""timestamp"": ""2026-04-29T09:01:37.754412""}, {""statut"": ""EN_ROUTE"", ""timestamp"": ""2026-04-29T09:02:37.754412""}, {""statut"": ""SUR_SITE"", ""timestamp"": ""2026-04-29T09:30:37.754412""}, {""statut"": ""EN_COURS"", ""timestamp"": ""2026-04-29T09:41:37.754412""}, {""statut"": ""PAUSE"", ""timestamp"": ""2026-04-29T11:41:37.754412""}, {""statut"": ""EN_COURS"", ""timestamp"": ""2026-04-29T12:41:37.754412""}]"
6,TKT-00006,7,INC-202601-0007,25,Ilyas IDRISSI,TECH-025,10,Tétouan,CRITIQUE,RESOLU,2026-01-25T17:15:32.754412,2026-01-25T17:18:32.754412,2026-01-25T22:40:32.754412,346,8.42,2.9,COMPLETE,2026-01-25T17:52:32.754412,2026-01-25T17:59:32.754412,2026-01-25T23:45:32.754412,True,13:00,14:00,,"[""Coordination avec equipe reseau requise""]",TECHNICIEN,"[{""statut"": ""ASSIGNE"", ""timestamp"": ""2026-01-25T17:15:32.754412""}, {""statut"": ""EN_ROUTE"", ""timestamp"": ""2026-01-25T17:18:32.754412""}, {""statut"": ""SUR_SITE"", ""timestamp"": ""2026-01-25T17:52:32.754412""}, {""statut"": ""EN_COURS"", ""timestamp"": ""2026-01-25T17:59:32.754412""}, {""statut"": ""PAUSE"", ""timestamp"": ""2026-01-25T19:59:32.754412""}, {""statut"": ""EN_COURS"", ""timestamp"": ""2026-01-25T20:59:32.754412""}, {""statut"": ""COMPLETE"", ""timestamp"": ""2026-01-25T23:45:32.754412""}]"
7,TKT-00007,8,INC-202602-0008,28,Kenza ELMANSOURI,TECH-028,9,Kenitra,CRITIQUE,RESOLU,2026-02-27T17:06:34.754412,2026-02-27T17:13:34.754412,2026-02-28T00:25:34.754412,452,28.35,4.3,COMPLETE,2026-02-27T17:42:34.754412,2026-02-27T17:54:34.754412,2026-02-28T01:26:34.754412,True,13:00,14:00,,"[""Coordination avec equipe reseau requise""]",ADMIN,"[{""statut"": ""ASSIGNE"", ""timestamp"": ""2026-02-27T17:06:34.754412""}, {""statut"": ""EN_ROUTE"", ""timestamp"": ""2026-02-27T17:13:34.754412""}, {""statut"": ""SUR_SITE"", ""timestamp"": ""2026-02-27T17:42:34.754412""}, {""statut"": ""EN_COURS"", ""timestamp"": ""2026-02-27T17:54:34.754412""}, {""statut"": ""PAUSE"", ""timestamp"": ""2026-02-27T19:54:34.754412""}, {""statut"": ""EN_COURS"", ""timestamp"": ""2026-02-27T20:54:34.754412""}, {""statut"": ""COMPLETE"", ""timestamp"": ""2026-02-28T01:26:34.754412""}]"
8,TKT-00008,9,INC-202512-0009,19,Omar FASSI,TECH-019,2,Rabat-Salé,CRITIQUE,RESOLU,2025-12-25T23:38:44.754412,2025-12-25T23:42:44.754412,2025-12-26T05:10:44.754412,356,28.49,3.3,COMPLETE,2025-12-26T00:21:44.754412,2025-12-26T00:27:44.754412,2025-12-26T06:23:44.754412,True,13:00,14:00,,"[""Acces difficile (hauteur / espace confine)""]",ADMIN,"[{""statut"": ""ASSIGNE"", ""timestamp"": ""2025-12-25T23:38:44.754412""}, {""statut"": ""EN_ROUTE"", ""timestamp"": ""2025-12-25T23:42:44.754412""}, {""statut"": ""SUR_SITE"", ""timestamp"": ""2025-12-26T00:21:44.754412""}, {""statut"": ""EN_COURS"", ""timestamp"": ""2025-12-26T00:27:44.754412""}, {""statut"": ""PAUSE"", ""timestamp"": ""2025-12-26T02:27:44.754412""}, {""statut"": ""EN_COURS"", ""timestamp"": ""2025-12-26T03:27:44.754412""}, {""statut"": ""COMPLETE"", ""timestamp"": ""2025-12-26T06:23:44.754412""}]"
9,TKT-00009,10,INC-202604-0010,11,Mehdi MOUSSAOUI,TECH-011,1,Grand Casablanca,MAJEUR,EN_COURS,2026-04-14T15:06:34.754412,2026-04-14T15:12:34.754412,,,9.77,,SUR_SITE,2026-04-14T15:49:34.754412,2026-04-14T16:04:34.754412,,True,13:00,14:00,,"[""Manque d outillage specifique"", ""Dependance fournisseur externe""]",ADMIN,"[{""statut"": ""ASSIGNE"", ""timestamp"": ""2026-04-14T15:06:34.754412""}, {""statut"": ""EN_ROUTE"", ""timestamp"": ""2026-04-14T15:12:34.754412""}, {""statut"": ""SUR_SITE"", ""timestamp"": ""2026-04-14T15:49:34.754412""}, {""statut"": ""EN_COURS"", ""timestamp"": ""2026-04-14T16:04:34.754412""}, {""statut"": ""PAUSE"", ""timestamp"": ""2026-04-14T18:04:34.754412""}, {""statut"": ""EN_COURS"", ""timestamp"": ""2026-04-14T19:04:34.754412""}]"
10,TKT-00010,11,INC-202602-0011,14,Salma BENOMAR,TECH-014,6,Agadir,MINEUR,RESOLU,2026-02-01T18:23:22.754412,2026-02-01T18:35:22.754412,2026-02-01T19:14:22.754412,65,8.77,4.5,COMPLETE,2026-02-01T19:16:22.754412,2026-02-01T19:30:22.754412,2026-02-01T20:35:22.754412,False,,,,"[""Dependance fournisseur externe""]",ADMIN,"[{""statut"": ""ASSIGNE"", ""timestamp"": ""2026-02-01T18:23:22.754412""}, {""statut"": ""EN_ROUTE"", ""timestamp"": ""2026-02-01T18:35:22.754412""}, {""statut"": ""SUR_SITE"", ""timestamp"": ""2026-02-01T19:16:22.754412""}, {""statut"": ""EN_COURS"", ""timestamp"": ""2026-02-01T19:30:22.754412""}, {""statut"": ""COMPLETE"", ""timestamp"": ""2026-02-01T20:35:22.754412""}]"
11,TKT-00011,12,INC-202512-0012,10,Sara LAHLOU,TECH-010,5,Tanger,CRITIQUE,RESOLU,2025-12-14T12:30:12.754412,2025-12-14T12:34:12.754412,2025-12-14T16:10:12.754412,243,6.68,4.5,COMPLETE,2025-12-14T13:18:12.754412,2025-12-14T13:25:12.754412,2025-12-14T17:28:12.754412,True,13:00,14:00,,"[""Dependance fournisseur externe"", ""Zone a acces restreint""]",TECHNICIEN,"[{""statut"": ""ASSIGNE"", ""timestamp"": ""2025-12-14T12:30:12.754412""}, {""statut"": ""EN_ROUTE"", ""timestamp"": ""2025-12-14T12:34:12.754412""}, {""statut"": ""SUR_SITE"", ""timestamp"": ""2025-12-14T13:18:12.754412""}, {""statut"": ""EN_COURS"", ""timestamp"": ""2025-12-14T13:25:12.754412""}, {""statut"": ""PAUSE"", ""timestamp"": ""2025-12-14T15:25:12.754412""}, {""statut"": ""EN_COURS"", ""timestamp"": ""2025-12-14T16:25:12.754412""}, {""statut"": ""COMPLETE"", ""timestamp"": ""2025-12-14T17:28:12.754412""}]"
12,TKT-00012,13,INC-202605-0013,30,Yasmine JADID,TECH-030,7,Meknès,MAJEUR,FERME,2026-05-01T21:21:32.754412,2026-05-01T21:29:32.754412,2026-05-01T22:15:32.754412,80,7.95,2.9,COMPLETE,2026-05-01T21:47:32.754412,2026-05-01T22:02:32.754412,2026-05-01T23:22:32.754412,False,,,,[],ADMIN,"[{""statut"": ""ASSIGNE"", ""timestamp"": ""2026-05-01T21:21:32.754412""}, {""statut"": ""EN_ROUTE"", ""timestamp"": ""2026-05-01T21:29:32.754412""}, {""statut"": ""SUR_SITE"", ""timestamp"": ""2026-05-01T21:47:32.754412""}, {""statut"": ""EN_COURS"", ""timestamp"": ""2026-05-01T22:02:32.754412""}, {""statut"": ""COMPLETE"", ""timestamp"": ""2026-05-01T23:22:32.754412""}]"
13,TKT-00013,14,INC-202512-0014,9,Karim BENSOUDA,TECH-009,10,Tétouan,MAJEUR,EN_COURS,2025-12-27T04:06:07.754412,2025-12-27T04:14:07.754412,,,12.84,,PAUSE,2025-12-27T04:54:07.754412,2025-12-27T05:08:07.754412,,True,13:00,14:00,,"[""Intervention nocturne requise"", ""Zone a acces restreint""]",TECHNICIEN,"[{""statut"": ""ASSIGNE"", ""timestamp"": ""2025-12-27T04:06:07.754412""}, {""statut"": ""EN_ROUTE"", ""timestamp"": ""2025-12-27T04:14:07.754412""}, {""statut"": ""SUR_SITE"", ""timestamp"": ""2025-12-27T04:54:07.754412""}, {""statut"": ""EN_COURS"", ""timestamp"": ""2025-12-27T05:08:07.754412""}, {""statut"": ""PAUSE"", ""timestamp"": ""2025-12-27T07:08:07.754412""}, {""statut"": ""EN_COURS"", ""timestamp"": ""2025-12-27T08:08:07.754412""}]"
14,TKT-00014,15,INC-202601-0015,5,Hamza BENKIRANE,TECH-005,2,Rabat-Salé,MINEUR,RESOLU,2026-01-07T00:03:53.754412,2026-01-07T00:18:53.754412,2026-01-07T00:52:53.754412,76,23.18,4.1,COMPLETE,2026-01-07T01:02:53.754412,2026-01-07T01:16:53.754412,2026-01-07T02:32:53.754412,False,,,,[],ADMIN,"[{""statut"": ""ASSIGNE"", ""timestamp"": ""2026-01-07T00:03:53.754412""}, {""statut"": ""EN_ROUTE"", ""timestamp"": ""2026-01-07T00:18:53.754412""}, {""statut"": ""SUR_SITE"", ""timestamp"": ""2026-01-07T01:02:53.754412""}, {""statut"": ""EN_COURS"", ""timestamp"": ""2026-01-07T01:16:53.754412""}, {""statut"": ""COMPLETE"", ""timestamp"": ""2026-01-07T02:32:53.754412""}]"
15,TKT-00015,16,INC-202605-0016,8,Nadia FILALI,TECH-008,6,Agadir,CRITIQUE,FERME,2026-05-14T16:56:47.754412,2026-05-14T17:06:47.754412,2026-05-15T01:13:47.754412,522,13.2,2.5,COMPLETE,2026-05-14T17:18:47.754412,2026-05-14T17:32:47.754412,2026-05-15T02:14:47.754412,True,13:00,14:00,,"[""Intervention nocturne requise""]",ADMIN,"[{""statut"": ""ASSIGNE"", ""timestamp"": ""2026-05-14T16:56:47.754412""}, {""statut"": ""EN_ROUTE"", ""timestamp"": ""2026-05-14T17:06:47.754412""}, {""statut"": ""SUR_SITE"", ""timestamp"": ""2026-05-14T17:18:47.754412""}, {""statut"": ""EN_COURS"", ""timestamp"": ""2026-05-14T17:32:47.754412""}, {""statut"": ""PAUSE"", ""timestamp"": ""2026-05-14T19:32:47.754412""}, {""statut"": ""EN_COURS"", ""timestamp"": ""2026-05-14T20:32:47.754412""}, {""statut"": ""COMPLETE"", ""timestamp"": ""2026-05-15T02:14:47.754412""}]"
16,TKT-00016,18,INC-202603-0018,11,Mehdi MOUSSAOUI,TECH-011,1,Grand Casablanca,CRITIQUE,RESOLU,2026-03-03T03:46:40.754412,2026-03-03T03:58:40.754412,2026-03-03T06:04:40.754412,159,12.04,4.4,COMPLETE,2026-03-03T04:41:40.754412,2026-03-03T04:54:40.754412,2026-03-03T07:33:40.754412,True,13:00,14:00,,"[""Coordination avec equipe reseau requise""]",TECHNICIEN,"[{""statut"": ""ASSIGNE"", ""timestamp"": ""2026-03-03T03:46:40.754412""}, {""statut"": ""EN_ROUTE"", ""timestamp"": ""2026-03-03T03:58:40.754412""}, {""statut"": ""SUR_SITE"", ""timestamp"": ""2026-03-03T04:41:40.754412""}, {""statut"": ""EN_COURS"", ""timestamp"": ""2026-03-03T04:54:40.754412""}, {""statut"": ""PAUSE"", ""timestamp"": ""2026-03-03T06:54:40.754412""}, {""statut"": ""EN_COURS"", ""timestamp"": ""2026-03-03T07:54:40.754412""}, {""statut"": ""COMPLETE"", ""timestamp"": ""2026-03-03T07:33:40.754412""}]"
17,TKT-00017,19,INC-202603-0019,23,Adil REGRAGUI,TECH-023,9,Kenitra,MINEUR,FERME,2026-03-25T05:08:14.754412,2026-03-25T05:16:14.754412,2026-03-25T06:14:14.754412,71,3.92,4.9,COMPLETE,2026-03-25T05:32:14.754412,2026-03-25T05:41:14.754412,2026-03-25T06:52:14.754412,False,,,,[],TECHNICIEN,"[{""statut"": ""ASSIGNE"", ""timestamp"": ""2026-03-25T05:08:14.754412""}, {""statut"": ""EN_ROUTE"", ""timestamp"": ""2026-03-25T05:16:14.754412""}, {""statut"": ""SUR_SITE"", ""timestamp"": ""2026-03-25T05:32:14.754412""}, {""statut"": ""EN_COURS"", ""timestamp"": ""2026-03-25T05:41:14.754412""}, {""statut"": ""COMPLETE"", ""timestamp"": ""2026-03-25T06:52:14.754412""}]"
18,TKT-00018,20,INC-202602-0020,14,Salma BENOMAR,TECH-014,6,Agadir,CRITIQUE,EN_COURS,2026-02-20T12:38:18.754412,2026-02-20T12:44:18.754412,,,13.43,,PAUSE,2026-02-20T13:23:18.754412,2026-02-20T13:31:18.754412,,False,,,,"[""Acces difficile (hauteur / espace confine)""]",ADMIN,"[{""statut"": ""ASSIGNE"", ""timestamp"": ""2026-02-20T12:38:18.754412""}, {""statut"": ""EN_ROUTE"", ""timestamp"": ""2026-02-20T12:44:18.754412""}, {""statut"": ""SUR_SITE"", ""timestamp"": ""2026-02-20T13:23:18.754412""}, {""statut"": ""EN_COURS"", ""timestamp"": ""2026-02-20T13:31:18.754412""}]"
19,TKT-00019,21,INC-202604-0021,25,Ilyas IDRISSI,TECH-025,10,Tétouan,MINEUR,EN_COURS,2026-04-02T21:36:25.754412,2026-04-02T21:41:25.754412,,,24.1,,EN_ROUTE,2026-04-02T21:53:25.754412,2026-04-02T21:59:25.754412,,False,,,,"[""Acces difficile (hauteur / espace confine)"", ""Zone a acces restreint""]",TECHNICIEN,"[{""statut"": ""ASSIGNE"", ""timestamp"": ""2026-04-02T21:36:25.754412""}, {""statut"": ""EN_ROUTE"", ""timestamp"": ""2026-04-02T21:41:25.754412""}, {""statut"": ""SUR_SITE"", ""timestamp"": ""2026-04-02T21:53:25.754412""}, {""statut"": ""EN_COURS"", ""timestamp"": ""2026-04-02T21:59:25.754412""}]"
20,TKT-00020,23,INC-202602-0023,22,Kawtar CHERKAOUI,TECH-022,3,Marrakech,CRITIQUE,FERME,2026-02-19T15:12:57.754412,2026-02-19T15:21:57.754412,2026-02-19T22:30:57.754412,448,24.03,4.1,COMPLETE,2026-02-19T15:41:57.754412,2026-02-19T15:51:57.754412,2026-02-19T23:19:57.754412,True,13:00,14:00,,"[""Manque d outillage specifique""]",TECHNICIEN,"[{""statut"": ""ASSIGNE"", ""timestamp"": ""2026-02-19T15:12:57.754412""}, {""statut"": ""EN_ROUTE"", ""timestamp"": ""2026-02-19T15:21:57.754412""}, {""statut"": ""SUR_SITE"", ""timestamp"": ""2026-02-19T15:41:57.754412""}, {""statut"": ""EN_COURS"", ""timestamp"": ""2026-02-19T15:51:57.754412""}, {""statut"": ""PAUSE"", ""timestamp"": ""2026-02-19T17:51:57.754412""}, {""statut"": ""EN_COURS"", ""timestamp"": ""2026-02-19T18:51:57.754412""}, {""statut"": ""COMPLETE"", ""timestamp"": ""2026-02-19T23:19:57.754412""}]"
21,TKT-00021,24,INC-202604-0024,11,Mehdi MOUSSAOUI,TECH-011,1,Grand Casablanca,CRITIQUE,FERME,2026-04-27T16:48:12.754412,2026-04-27T16:49:12.754412,2026-04-27T23:24:12.754412,413,21.29,3.0,COMPLETE,2026-04-27T17:11:12.754412,2026-04-27T17:23:12.754412,2026-04-28T00:16:12.754412,True,13:00,14:00,,"[""Acces difficile (hauteur / espace confine)""]",TECHNICIEN,"[{""statut"": ""ASSIGNE"", ""timestamp"": ""2026-04-27T16:48:12.754412""}, {""statut"": ""EN_ROUTE"", ""timestamp"": ""2026-04-27T16:49:12.754412""}, {""statut"": ""SUR_SITE"", ""timestamp"": ""2026-04-27T17:11:12.754412""}, {""statut"": ""EN_COURS"", ""timestamp"": ""2026-04-27T17:23:12.754412""}, {""statut"": ""PAUSE"", ""timestamp"": ""2026-04-27T19:23:12.754412""}, {""statut"": ""EN_COURS"", ""timestamp"": ""2026-04-27T20:23:12.754412""}, {""statut"": ""COMPLETE"", ""timestamp"": ""2026-04-28T00:16:12.754412""}]"
22,TKT-00022,25,INC-202512-0025,10,Sara LAHLOU,TECH-010,5,Tanger,MINEUR,FERME,2025-12-18T17:16:17.754412,2025-12-18T17:30:17.754412,2025-12-18T18:11:17.754412,85,14.0,3.2,COMPLETE,2025-12-18T18:14:17.754412,2025-12-18T18:21:17.754412,2025-12-18T19:46:17.754412,False,,,,"[""Manque d outillage specifique""]",ADMIN,"[{""statut"": ""ASSIGNE"", ""timestamp"": ""2025-12-18T17:16:17.754412""}, {""statut"": ""EN_ROUTE"", ""timestamp"": ""2025-12-18T17:30:17.754412""}, {""statut"": ""SUR_SITE"", ""timestamp"": ""2025-12-18T18:14:17.754412""}, {""statut"": ""EN_COURS"", ""timestamp"": ""2025-12-18T18:21:17.754412""}, {""statut"": ""COMPLETE"", ""timestamp"": ""2025-12-18T19:46:17.754412""}]"
23,TKT-00023,26,INC-202601-0026,10,Sara LAHLOU,TECH-010,5,Tanger,MAJEUR,RESOLU,2026-01-10T12:52:28.754412,2026-01-10T12:59:28.754412,2026-01-10T14:57:28.754412,149,25.44,4.0,COMPLETE,2026-01-10T13:34:28.754412,2026-01-10T13:48:28.754412,2026-01-10T16:17:28.754412,True,13:00,14:00,,"[""Coordination avec equipe reseau requise""]",ADMIN,"[{""statut"": ""ASSIGNE"", ""timestamp"": ""2026-01-10T12:52:28.754412""}, {""statut"": ""EN_ROUTE"", ""timestamp"": ""2026-01-10T12:59:28.754412""}, {""statut"": ""SUR_SITE"", ""timestamp"": ""2026-01-10T13:34:28.754412""}, {""statut"": ""EN_COURS"", ""timestamp"": ""2026-01-10T13:48:28.754412""}, {""statut"": ""PAUSE"", ""timestamp"": ""2026-01-10T15:48:28.754412""}, {""statut"": ""EN_COURS"", ""timestamp"": ""2026-01-10T16:48:28.754412""}, {""statut"": ""COMPLETE"", ""timestamp"": ""2026-01-10T16:17:28.754412""}]"
24,TKT-00024,27,INC-202601-0027,29,Reda DOUKKALI,TECH-029,9,Kenitra,MINEUR,EN_COURS,2026-01-01T07:40:50.754412,2026-01-01T07:42:50.754412,,,5.9,,EN_ROUTE,2026-01-01T08:00:50.754412,2026-01-01T08:10:50.754412,,False,,,,"[""Acces difficile (hauteur / espace confine)""]",TECHNICIEN,"[{""statut"": ""ASSIGNE"", ""timestamp"": ""2026-01-01T07:40:50.754412""}, {""statut"": ""EN_ROUTE"", ""timestamp"": ""2026-01-01T07:42:50.754412""}, {""statut"": ""SUR_SITE"", ""timestamp"": ""2026-01-01T08:00:50.754412""}, {""statut"": ""EN_COURS"", ""timestamp"": ""2026-01-01T08:10:50.754412""}]"
25,TKT-00025,28,INC-202601-0028,28,Kenza ELMANSOURI,TECH-028,9,Kenitra,CRITIQUE,EN_COURS,2026-01-02T13:32:33.754412,2026-01-02T13:42:33.754412,,,14.86,,PAUSE,2026-01-02T14:00:33.754412,2026-01-02T14:14:33.754412,,True,13:00,14:00,,[],TECHNICIEN,"[{""statut"": ""ASSIGNE"", ""timestamp"": ""2026-01-02T13:32:33.754412""}, {""statut"": ""EN_ROUTE"", ""timestamp"": ""2026-01-02T13:42:33.754412""}, {""statut"": ""SUR_SITE"", ""timestamp"": ""2026-01-02T14:00:33.754412""}, {""statut"": ""EN_COURS"", ""timestamp"": ""2026-01-02T14:14:33.754412""}, {""statut"": ""PAUSE"", ""timestamp"": ""2026-01-02T16:14:33.754412""}, {""statut"": ""EN_COURS"", ""timestamp"": ""2026-01-02T17:14:33.754412""}]"
26,TKT-00026,29,INC-202605-0029,7,Anas BERRADA,TECH-007,10,Tétouan,MAJEUR,EN_COURS,2026-05-02T22:53:03.754412,2026-05-02T22:58:03.754412,,,26.03,,EN_COURS,2026-05-02T23:16:03.754412,2026-05-02T23:23:03.754412,,True,13:00,14:00,,[],TECHNICIEN,"[{""statut"": ""ASSIGNE"", ""timestamp"": ""2026-05-02T22:53:03.754412""}, {""statut"": ""EN_ROUTE"", ""timestamp"": ""2026-05-02T22:58:03.754412""}, {""statut"": ""SUR_SITE"", ""timestamp"": ""2026-05-02T23:16:03.754412""}, {""statut"": ""EN_COURS"", ""timestamp"": ""2026-05-02T23:23:03.754412""}, {""statut"": ""PAUSE"", ""timestamp"": ""2026-05-03T01:23:03.754412""}, {""statut"": ""EN_COURS"", ""timestamp"": ""2026-05-03T02:23:03.754412""}]"
27,TKT-00027,30,INC-202603-0030,10,Sara LAHLOU,TECH-010,5,Tanger,MINEUR,FERME,2026-03-23T08:09:55.754412,2026-03-23T08:13:55.754412,2026-03-23T10:37:55.754412,157,15.01,4.3,COMPLETE,2026-03-23T08:47:55.754412,2026-03-23T09:00:55.754412,2026-03-23T11:37:55.754412,True,13:00,14:00,,"[""Zone a acces restreint""]",ADMIN,"[{""statut"": ""ASSIGNE"", ""timestamp"": ""2026-03-23T08:09:55.754412""}, {""statut"": ""EN_ROUTE"", ""timestamp"": ""2026-03-23T08:13:55.754412""}, {""statut"": ""SUR_SITE"", ""timestamp"": ""2026-03-23T08:47:55.754412""}, {""statut"": ""EN_COURS"", ""timestamp"": ""2026-03-23T09:00:55.754412""}, {""statut"": ""PAUSE"", ""timestamp"": ""2026-03-23T11:00:55.754412""}, {""statut"": ""EN_COURS"", ""timestamp"": ""2026-03-23T12:00:55.754412""}, {""statut"": ""COMPLETE"", ""timestamp"": ""2026-03-23T11:37:55.754412""}]"
28,TKT-00028,31,INC-202605-0031,21,Soufiane ZEMMOURI,TECH-021,3,Marrakech,MINEUR,FERME,2026-05-24T03:37:36.754412,2026-05-24T03:39:36.754412,2026-05-24T05:39:36.754412,132,8.61,3.8,COMPLETE,2026-05-24T03:50:36.754412,2026-05-24T03:58:36.754412,2026-05-24T06:10:36.754412,True,13:00,14:00,,[],TECHNICIEN,"[{""statut"": ""ASSIGNE"", ""timestamp"": ""2026-05-24T03:37:36.754412""}, {""statut"": ""EN_ROUTE"", ""timestamp"": ""2026-05-24T03:39:36.754412""}, {""statut"": ""SUR_SITE"", ""timestamp"": ""2026-05-24T03:50:36.754412""}, {""statut"": ""EN_COURS"", ""timestamp"": ""2026-05-24T03:58:36.754412""}, {""statut"": ""PAUSE"", ""timestamp"": ""2026-05-24T05:58:36.754412""}, {""statut"": ""EN_COURS"", ""timestamp"": ""2026-05-24T06:58:36.754412""}, {""statut"": ""COMPLETE"", ""timestamp"": ""2026-05-24T06:10:36.754412""}]"
29,TKT-00029,32,INC-202604-0032,8,Nadia FILALI,TECH-008,6,Agadir,MINEUR,RESOLU,2026-04-04T16:14:45.754412,2026-04-04T16:26:45.754412,2026-04-04T16:51:45.754412,60,23.37,4.6,COMPLETE,2026-04-04T17:07:45.754412,2026-04-04T17:20:45.754412,2026-04-04T18:20:45.754412,False,,,,"[""Acces difficile (hauteur / espace confine)"", ""Coordination avec equipe reseau requise""]",ADMIN,"[{""statut"": ""ASSIGNE"", ""timestamp"": ""2026-04-04T16:14:45.754412""}, {""statut"": ""EN_ROUTE"", ""timestamp"": ""2026-04-04T16:26:45.754412""}, {""statut"": ""SUR_SITE"", ""timestamp"": ""2026-04-04T17:07:45.754412""}, {""statut"": ""EN_COURS"", ""timestamp"": ""2026-04-04T17:20:45.754412""}, {""statut"": ""COMPLETE"", ""timestamp"": ""2026-04-04T18:20:45.754412""}]"
30,TKT-00030,34,INC-202603-0034,10,Sara LAHLOU,TECH-010,5,Tanger,MAJEUR,RESOLU,2026-03-28T17:31:01.754412,2026-03-28T17:43:01.754412,2026-03-28T18:01:01.754412,59,22.21,4.1,COMPLETE,2026-03-28T18:21:01.754412,2026-03-28T18:34:01.754412,2026-03-28T19:33:01.754412,False,,,,"[""Acces difficile (hauteur / espace confine)""]",TECHNICIEN,"[{""statut"": ""ASSIGNE"", ""timestamp"": ""2026-03-28T17:31:01.754412""}, {""statut"": ""EN_ROUTE"", ""timestamp"": ""2026-03-28T17:43:01.754412""}, {""statut"": ""SUR_SITE"", ""timestamp"": ""2026-03-28T18:21:01.754412""}, {""statut"": ""EN_COURS"", ""timestamp"": ""2026-03-28T18:34:01.754412""}, {""statut"": ""COMPLETE"", ""timestamp"": ""2026-03-28T19:33:01.754412""}]"
31,TKT-00031,35,INC-202603-0035,9,Karim BENSOUDA,TECH-009,10,Tétouan,MAJEUR,EN_COURS,2026-03-01T14:59:20.754412,2026-03-01T15:07:20.754412,,,23.38,,EN_ROUTE,2026-03-01T15:33:20.754412,2026-03-01T15:43:20.754412,,True,13:00,14:00,,[],TECHNICIEN,"[{""statut"": ""ASSIGNE"", ""timestamp"": ""2026-03-01T14:59:20.754412""}, {""statut"": ""EN_ROUTE"", ""timestamp"": ""2026-03-01T15:07:20.754412""}, {""statut"": ""SUR_SITE"", ""timestamp"": ""2026-03-01T15:33:20.754412""}, {""statut"": ""EN_COURS"", ""timestamp"": ""2026-03-01T15:43:20.754412""}, {""statut"": ""PAUSE"", ""timestamp"": ""2026-03-01T17:43:20.754412""}, {""statut"": ""EN_COURS"", ""timestamp"": ""2026-03-01T18:43:20.754412""}]"
32,TKT-00032,36,INC-202601-0036,13,Rachid SQALLI,TECH-013,4,Fès,CRITIQUE,FERME,2026-01-28T15:11:37.754412,2026-01-28T15:23:37.754412,2026-01-28T17:20:37.754412,159,18.68,4.5,COMPLETE,2026-01-28T15:55:37.754412,2026-01-28T16:09:37.754412,2026-01-28T18:48:37.754412,True,13:00,14:00,,[],TECHNICIEN,"[{""statut"": ""ASSIGNE"", ""timestamp"": ""2026-01-28T15:11:37.754412""}, {""statut"": ""EN_ROUTE"", ""timestamp"": ""2026-01-28T15:23:37.754412""}, {""statut"": ""SUR_SITE"", ""timestamp"": ""2026-01-28T15:55:37.754412""}, {""statut"": ""EN_COURS"", ""timestamp"": ""2026-01-28T16:09:37.754412""}, {""statut"": ""PAUSE"", ""timestamp"": ""2026-01-28T18:09:37.754412""}, {""statut"": ""EN_COURS"", ""timestamp"": ""2026-01-28T19:09:37.754412""}, {""statut"": ""COMPLETE"", ""timestamp"": ""2026-01-28T18:48:37.754412""}]"
33,TKT-00033,37,INC-202603-0037,8,Nadia FILALI,TECH-008,6,Agadir,MAJEUR,RESOLU,2026-03-12T08:18:30.754412,2026-03-12T08:24:30.754412,2026-03-12T10:33:30.754412,158,9.13,3.9,COMPLETE,2026-03-12T09:08:30.754412,2026-03-12T09:17:30.754412,2026-03-12T11:55:30.754412,True,13:00,14:00,,"[""Zone a acces restreint""]",TECHNICIEN,"[{""statut"": ""ASSIGNE"", ""timestamp"": ""2026-03-12T08:18:30.754412""}, {""statut"": ""EN_ROUTE"", ""timestamp"": ""2026-03-12T08:24:30.754412""}, {""statut"": ""SUR_SITE"", ""timestamp"": ""2026-03-12T09:08:30.754412""}, {""statut"": ""EN_COURS"", ""timestamp"": ""2026-03-12T09:17:30.754412""}, {""statut"": ""PAUSE"", ""timestamp"": ""2026-03-12T11:17:30.754412""}, {""statut"": ""EN_COURS"", ""timestamp"": ""2026-03-12T12:17:30.754412""}, {""statut"": ""COMPLETE"", ""timestamp"": ""2026-03-12T11:55:30.754412""}]"
34,TKT-00034,38,INC-202605-0038,7,Anas BERRADA,TECH-007,10,Tétouan,CRITIQUE,FERME,2026-05-10T03:19:00.754412,2026-05-10T03:32:00.754412,2026-05-10T09:42:00.754412,412,26.05,3.1,COMPLETE,2026-05-10T04:08:00.754412,2026-05-10T04:13:00.754412,2026-05-10T11:05:00.754412,True,13:00,14:00,,"[""Manque d outillage specifique"", ""Zone a acces restreint""]",ADMIN,"[{""statut"": ""ASSIGNE"", ""timestamp"": ""2026-05-10T03:19:00.754412""}, {""statut"": ""EN_ROUTE"", ""timestamp"": ""2026-05-10T03:32:00.754412""}, {""statut"": ""SUR_SITE"", ""timestamp"": ""2026-05-10T04:08:00.754412""}, {""statut"": ""EN_COURS"", ""timestamp"": ""2026-05-10T04:13:00.754412""}, {""statut"": ""PAUSE"", ""timestamp"": ""2026-05-10T06:13:00.754412""}, {""statut"": ""EN_COURS"", ""timestamp"": ""2026-05-10T07:13:00.754412""}, {""statut"": ""COMPLETE"", ""timestamp"": ""2026-05-10T11:05:00.754412""}]"
35,TKT-00035,39,INC-202603-0039,8,Nadia FILALI,TECH-008,6,Agadir,CRITIQUE,EN_COURS,2026-03-06T05:53:34.754412,2026-03-06T06:07:34.754412,,,13.83,,SUR_SITE,2026-03-06T06:42:34.754412,2026-03-06T06:54:34.754412,,False,,,,"[""Dependance fournisseur externe"", ""Intervention nocturne requise""]",TECHNICIEN,"[{""statut"": ""ASSIGNE"", ""timestamp"": ""2026-03-06T05:53:34.754412""}, {""statut"": ""EN_ROUTE"", ""timestamp"": ""2026-03-06T06:07:34.754412""}, {""statut"": ""SUR_SITE"", ""timestamp"": ""2026-03-06T06:42:34.754412""}, {""statut"": ""EN_COURS"", ""timestamp"": ""2026-03-06T06:54:34.754412""}]"
36,TKT-00036,40,INC-202603-0040,15,Bilal MRANI,TECH-015,9,Kenitra,MINEUR,FERME,2026-03-01T08:45:27.754412,2026-03-01T08:57:27.754412,2026-03-01T09:07:27.754412,43,17.67,4.7,COMPLETE,2026-03-01T09:24:27.754412,2026-03-01T09:34:27.754412,2026-03-01T10:17:27.754412,False,,,,"[""Coordination avec equipe reseau requise""]",TECHNICIEN,"[{""statut"": ""ASSIGNE"", ""timestamp"": ""2026-03-01T08:45:27.754412""}, {""statut"": ""EN_ROUTE"", ""timestamp"": ""2026-03-01T08:57:27.754412""}, {""statut"": ""SUR_SITE"", ""timestamp"": ""2026-03-01T09:24:27.754412""}, {""statut"": ""EN_COURS"", ""timestamp"": ""2026-03-01T09:34:27.754412""}, {""statut"": ""COMPLETE"", ""timestamp"": ""2026-03-01T10:17:27.754412""}]"
37,TKT-00037,41,INC-202512-0041,20,Meriem BOUAYAD,TECH-020,4,Fès,MINEUR,FERME,2025-12-20T06:14:12.754412,2025-12-20T06:25:12.754412,2025-12-20T07:13:12.754412,84,29.06,4.6,COMPLETE,2025-12-20T06:57:12.754412,2025-12-20T07:03:12.754412,2025-12-20T08:27:12.754412,False,,,,[],ADMIN,"[{""statut"": ""ASSIGNE"", ""timestamp"": ""2025-12-20T06:14:12.754412""}, {""statut"": ""EN_ROUTE"", ""timestamp"": ""2025-12-20T06:25:12.754412""}, {""statut"": ""SUR_SITE"", ""timestamp"": ""2025-12-20T06:57:12.754412""}, {""statut"": ""EN_COURS"", ""timestamp"": ""2025-12-20T07:03:12.754412""}, {""statut"": ""COMPLETE"", ""timestamp"": ""2025-12-20T08:27:12.754412""}]"
38,TKT-00038,43,INC-202604-0043,5,Hamza BENKIRANE,TECH-005,2,Rabat-Salé,MINEUR,RESOLU,2026-04-01T06:58:01.754412,2026-04-01T07:12:01.754412,2026-04-01T08:03:01.754412,80,23.75,4.7,COMPLETE,2026-04-01T07:40:01.754412,2026-04-01T07:50:01.754412,2026-04-01T09:10:01.754412,False,,,,"[""Intervention nocturne requise"", ""Dependance fournisseur externe""]",TECHNICIEN,"[{""statut"": ""ASSIGNE"", ""timestamp"": ""2026-04-01T06:58:01.754412""}, {""statut"": ""EN_ROUTE"", ""timestamp"": ""2026-04-01T07:12:01.754412""}, {""statut"": ""SUR_SITE"", ""timestamp"": ""2026-04-01T07:40:01.754412""}, {""statut"": ""EN_COURS"", ""timestamp"": ""2026-04-01T07:50:01.754412""}, {""statut"": ""COMPLETE"", ""timestamp"": ""2026-04-01T09:10:01.754412""}]"
39,TKT-00039,44,INC-202602-0044,1,Youssef BENALI,TECH-001,4,Fès,MINEUR,RESOLU,2026-02-17T02:26:35.754412,2026-02-17T02:37:35.754412,2026-02-17T03:30:35.754412,72,13.52,2.5,COMPLETE,2026-02-17T03:16:35.754412,2026-02-17T03:21:35.754412,2026-02-17T04:33:35.754412,False,,,,[],ADMIN,"[{""statut"": ""ASSIGNE"", ""timestamp"": ""2026-02-17T02:26:35.754412""}, {""statut"": ""EN_ROUTE"", ""timestamp"": ""2026-02-17T02:37:35.754412""}, {""statut"": ""SUR_SITE"", ""timestamp"": ""2026-02-17T03:16:35.754412""}, {""statut"": ""EN_COURS"", ""timestamp"": ""2026-02-17T03:21:35.754412""}, {""statut"": ""COMPLETE"", ""timestamp"": ""2026-02-17T04:33:35.754412""}]"
40,TKT-00040,45,INC-202512-0045,11,Mehdi MOUSSAOUI,TECH-011,1,Grand Casablanca,MINEUR,FERME,2025-12-14T01:18:31.754412,2025-12-14T01:33:31.754412,2025-12-14T01:53:31.754412,62,26.3,4.7,COMPLETE,2025-12-14T01:51:31.754412,2025-12-14T02:06:31.754412,2025-12-14T03:08:31.754412,False,,,,[],TECHNICIEN,"[{""statut"": ""ASSIGNE"", ""timestamp"": ""2025-12-14T01:18:31.754412""}, {""statut"": ""EN_ROUTE"", ""timestamp"": ""2025-12-14T01:33:31.754412""}, {""statut"": ""SUR_SITE"", ""timestamp"": ""2025-12-14T01:51:31.754412""}, {""statut"": ""EN_COURS"", ""timestamp"": ""2025-12-14T02:06:31.754412""}, {""statut"": ""COMPLETE"", ""timestamp"": ""2025-12-14T03:08:31.754412""}]"
41,TKT-00041,47,INC-202605-0047,19,Omar FASSI,TECH-019,2,Rabat-Salé,MAJEUR,EN_COURS,2026-05-18T05:40:15.754412,2026-05-18T05:45:15.754412,,,19.84,,INCOMPLET,2026-05-18T06:00:15.754412,2026-05-18T06:10:15.754412,,True,13:00,14:00,Equipement necessite remplacement complet,"[""Zone a acces restreint"", ""Manque d outillage specifique""]",TECHNICIEN,"[{""statut"": ""ASSIGNE"", ""timestamp"": ""2026-05-18T05:40:15.754412""}, {""statut"": ""EN_ROUTE"", ""timestamp"": ""2026-05-18T05:45:15.754412""}, {""statut"": ""SUR_SITE"", ""timestamp"": ""2026-05-18T06:00:15.754412""}, {""statut"": ""EN_COURS"", ""timestamp"": ""2026-05-18T06:10:15.754412""}, {""statut"": ""PAUSE"", ""timestamp"": ""2026-05-18T08:10:15.754412""}, {""statut"": ""EN_COURS"", ""timestamp"": ""2026-05-18T09:10:15.754412""}, {""statut"": ""INCOMPLET"", ""timestamp"": ""2026-05-18T07:34:15.754412"", ""cause"": ""Equipement necessite remplacement complet""}]"
42,TKT-00042,48,INC-202603-0048,12,Hajar ALAMI,TECH-012,9,Kenitra,MINEUR,EN_COURS,2026-03-27T00:45:50.754412,2026-03-27T00:53:50.754412,,,0.74,,SUR_SITE,2026-03-27T01:07:50.754412,2026-03-27T01:14:50.754412,,True,13:00,14:00,,[],ADMIN,"[{""statut"": ""ASSIGNE"", ""timestamp"": ""2026-03-27T00:45:50.754412""}, {""statut"": ""EN_ROUTE"", ""timestamp"": ""2026-03-27T00:53:50.754412""}, {""statut"": ""SUR_SITE"", ""timestamp"": ""2026-03-27T01:07:50.754412""}, {""statut"": ""EN_COURS"", ""timestamp"": ""2026-03-27T01:14:50.754412""}, {""statut"": ""PAUSE"", ""timestamp"": ""2026-03-27T03:14:50.754412""}, {""statut"": ""EN_COURS"", ""timestamp"": ""2026-03-27T04:14:50.754412""}]"
43,TKT-00043,49,INC-202602-0049,15,Bilal MRANI,TECH-015,9,Kenitra,MINEUR,RESOLU,2026-02-02T02:54:08.754412,2026-02-02T03:06:08.754412,2026-02-02T04:29:08.754412,113,11.8,4.3,COMPLETE,2026-02-02T03:24:08.754412,2026-02-02T03:36:08.754412,2026-02-02T05:29:08.754412,False,,,,[],TECHNICIEN,"[{""statut"": ""ASSIGNE"", ""timestamp"": ""2026-02-02T02:54:08.754412""}, {""statut"": ""EN_ROUTE"", ""timestamp"": ""2026-02-02T03:06:08.754412""}, {""statut"": ""SUR_SITE"", ""timestamp"": ""2026-02-02T03:24:08.754412""}, {""statut"": ""EN_COURS"", ""timestamp"": ""2026-02-02T03:36:08.754412""}, {""statut"": ""COMPLETE"", ""timestamp"": ""2026-02-02T05:29:08.754412""}]"
44,TKT-00044,51,INC-202604-0051,11,Mehdi MOUSSAOUI,TECH-011,1,Grand Casablanca,MAJEUR,FERME,2026-04-07T19:57:49.754412,2026-04-07T20:03:49.754412,2026-04-07T21:51:49.754412,129,19.43,4.2,COMPLETE,2026-04-07T20:32:49.754412,2026-04-07T20:39:49.754412,2026-04-07T22:48:49.754412,True,13:00,14:00,,[],TECHNICIEN,"[{""statut"": ""ASSIGNE"", ""timestamp"": ""2026-04-07T19:57:49.754412""}, {""statut"": ""EN_ROUTE"", ""timestamp"": ""2026-04-07T20:03:49.754412""}, {""statut"": ""SUR_SITE"", ""timestamp"": ""2026-04-07T20:32:49.754412""}, {""statut"": ""EN_COURS"", ""timestamp"": ""2026-04-07T20:39:49.754412""}, {""statut"": ""PAUSE"", ""timestamp"": ""2026-04-07T22:39:49.754412""}, {""statut"": ""EN_COURS"", ""timestamp"": ""2026-04-07T23:39:49.754412""}, {""statut"": ""COMPLETE"", ""timestamp"": ""2026-04-07T22:48:49.754412""}]"
45,TKT-00045,52,INC-202605-0052,10,Sara LAHLOU,TECH-010,5,Tanger,MINEUR,FERME,2026-05-13T20:26:47.754412,2026-05-13T20:37:47.754412,2026-05-13T21:59:47.754412,117,22.57,4.8,COMPLETE,2026-05-13T20:57:47.754412,2026-05-13T21:09:47.754412,2026-05-13T23:06:47.754412,False,,,,"[""Manque d outillage specifique"", ""Zone a acces restreint""]",ADMIN,"[{""statut"": ""ASSIGNE"", ""timestamp"": ""2026-05-13T20:26:47.754412""}, {""statut"": ""EN_ROUTE"", ""timestamp"": ""2026-05-13T20:37:47.754412""}, {""statut"": ""SUR_SITE"", ""timestamp"": ""2026-05-13T20:57:47.754412""}, {""statut"": ""EN_COURS"", ""timestamp"": ""2026-05-13T21:09:47.754412""}, {""statut"": ""COMPLETE"", ""timestamp"": ""2026-05-13T23:06:47.754412""}]"
46,TKT-00046,53,INC-202602-0053,4,Amina CHRAIBI,TECH-004,8,Oujda,MAJEUR,RESOLU,2026-02-24T02:09:04.754412,2026-02-24T02:24:04.754412,2026-02-24T05:12:04.754412,190,10.87,3.6,COMPLETE,2026-02-24T02:40:04.754412,2026-02-24T02:47:04.754412,2026-02-24T05:57:04.754412,True,13:00,14:00,,"[""Zone a acces restreint"", ""Dependance fournisseur externe""]",TECHNICIEN,"[{""statut"": ""ASSIGNE"", ""timestamp"": ""2026-02-24T02:09:04.754412""}, {""statut"": ""EN_ROUTE"", ""timestamp"": ""2026-02-24T02:24:04.754412""}, {""statut"": ""SUR_SITE"", ""timestamp"": ""2026-02-24T02:40:04.754412""}, {""statut"": ""EN_COURS"", ""timestamp"": ""2026-02-24T02:47:04.754412""}, {""statut"": ""PAUSE"", ""timestamp"": ""2026-02-24T04:47:04.754412""}, {""statut"": ""EN_COURS"", ""timestamp"": ""2026-02-24T05:47:04.754412""}, {""statut"": ""COMPLETE"", ""timestamp"": ""2026-02-24T05:57:04.754412""}]"
47,TKT-00047,54,INC-202601-0054,13,Rachid SQALLI,TECH-013,4,Fès,CRITIQUE,FERME,2026-01-07T21:07:13.754412,2026-01-07T21:18:13.754412,2026-01-08T00:43:13.754412,229,26.34,3.0,COMPLETE,2026-01-07T21:33:13.754412,2026-01-07T21:41:13.754412,2026-01-08T01:30:13.754412,True,13:00,14:00,,"[""Acces difficile (hauteur / espace confine)"", ""Zone a acces restreint""]",TECHNICIEN,"[{""statut"": ""ASSIGNE"", ""timestamp"": ""2026-01-07T21:07:13.754412""}, {""statut"": ""EN_ROUTE"", ""timestamp"": ""2026-01-07T21:18:13.754412""}, {""statut"": ""SUR_SITE"", ""timestamp"": ""2026-01-07T21:33:13.754412""}, {""statut"": ""EN_COURS"", ""timestamp"": ""2026-01-07T21:41:13.754412""}, {""statut"": ""PAUSE"", ""timestamp"": ""2026-01-07T23:41:13.754412""}, {""statut"": ""EN_COURS"", ""timestamp"": ""2026-01-08T00:41:13.754412""}, {""statut"": ""COMPLETE"", ""timestamp"": ""2026-01-08T01:30:13.754412""}]"
48,TKT-00048,55,INC-202512-0055,10,Sara LAHLOU,TECH-010,5,Tanger,MINEUR,EN_COURS,2025-12-30T14:09:07.754412,2025-12-30T14:20:07.754412,,,7.61,,PAUSE,2025-12-30T14:33:07.754412,2025-12-30T14:41:07.754412,,True,13:00,14:00,,[],TECHNICIEN,"[{""statut"": ""ASSIGNE"", ""timestamp"": ""2025-12-30T14:09:07.754412""}, {""statut"": ""EN_ROUTE"", ""timestamp"": ""2025-12-30T14:20:07.754412""}, {""statut"": ""SUR_SITE"", ""timestamp"": ""2025-12-30T14:33:07.754412""}, {""statut"": ""EN_COURS"", ""timestamp"": ""2025-12-30T14:41:07.754412""}, {""statut"": ""PAUSE"", ""timestamp"": ""2025-12-30T16:41:07.754412""}, {""statut"": ""EN_COURS"", ""timestamp"": ""2025-12-30T17:41:07.754412""}]"
49,TKT-00049,56,INC-202605-0056,10,Sara LAHLOU,TECH-010,5,Tanger,MAJEUR,EN_COURS,2026-05-05T21:59:26.754412,2026-05-05T22:14:26.754412,,,16.62,,PAUSE,2026-05-05T22:44:26.754412,2026-05-05T22:51:26.754412,,True,13:00,14:00,,"[""Coordination avec equipe reseau requise""]",TECHNICIEN,"[{""statut"": ""ASSIGNE"", ""timestamp"": ""2026-05-05T21:59:26.754412""}, {""statut"": ""EN_ROUTE"", ""timestamp"": ""2026-05-05T22:14:26.754412""}, {""statut"": ""SUR_SITE"", ""timestamp"": ""2026-05-05T22:44:26.754412""}, {""statut"": ""EN_COURS"", ""timestamp"": ""2026-05-05T22:51:26.754412""}, {""statut"": ""PAUSE"", ""timestamp"": ""2026-05-06T00:51:26.754412""}, {""statut"": ""EN_COURS"", ""timestamp"": ""2026-05-06T01:51:26.754412""}]"
50,TKT-00050,57,INC-202605-0057,20,Meriem BOUAYAD,TECH-020,4,Fès,CRITIQUE,RESOLU,2026-05-23T01:35:14.754412,2026-05-23T01:37:14.754412,2026-05-23T08:22:14.754412,436,8.23,2.6,COMPLETE,2026-05-23T01:48:14.754412,2026-05-23T02:02:14.754412,2026-05-23T09:18:14.754412,True,13:00,14:00,,[],TECHNICIEN,"[{""statut"": ""ASSIGNE"", ""timestamp"": ""2026-05-23T01:35:14.754412""}, {""statut"": ""EN_ROUTE"", ""timestamp"": ""2026-05-23T01:37:14.754412""}, {""statut"": ""SUR_SITE"", ""timestamp"": ""2026-05-23T01:48:14.754412""}, {""statut"": ""EN_COURS"", ""timestamp"": ""2026-05-23T02:02:14.754412""}, {""statut"": ""PAUSE"", ""timestamp"": ""2026-05-23T04:02:14.754412""}, {""statut"": ""EN_COURS"", ""timestamp"": ""2026-05-23T05:02:14.754412""}, {""statut"": ""COMPLETE"", ""timestamp"": ""2026-05-23T09:18:14.754412""}]"
51,TKT-00051,58,INC-202601-0058,30,Yasmine JADID,TECH-030,7,Meknès,CRITIQUE,EN_COURS,2026-01-07T23:58:15.754412,2026-01-08T00:03:15.754412,,,19.4,,PAUSE,2026-01-08T00:45:15.754412,2026-01-08T00:56:15.754412,,True,13:00,14:00,,"[""Acces difficile (hauteur / espace confine)""]",TECHNICIEN,"[{""statut"": ""ASSIGNE"", ""timestamp"": ""2026-01-07T23:58:15.754412""}, {""statut"": ""EN_ROUTE"", ""timestamp"": ""2026-01-08T00:03:15.754412""}, {""statut"": ""SUR_SITE"", ""timestamp"": ""2026-01-08T00:45:15.754412""}, {""statut"": ""EN_COURS"", ""timestamp"": ""2026-01-08T00:56:15.754412""}, {""statut"": ""PAUSE"", ""timestamp"": ""2026-01-08T02:56:15.754412""}, {""statut"": ""EN_COURS"", ""timestamp"": ""2026-01-08T03:56:15.754412""}]"
52,TKT-00052,59,INC-202512-0059,11,Mehdi MOUSSAOUI,TECH-011,1,Grand Casablanca,MINEUR,RESOLU,2025-12-12T08:33:21.754412,2025-12-12T08:38:21.754412,2025-12-12T09:48:21.754412,82,16.32,3.5,COMPLETE,2025-12-12T08:53:21.754412,2025-12-12T09:06:21.754412,2025-12-12T10:28:21.754412,False,,,,[],TECHNICIEN,"[{""statut"": ""ASSIGNE"", ""timestamp"": ""2025-12-12T08:33:21.754412""}, {""statut"": ""EN_ROUTE"", ""timestamp"": ""2025-12-12T08:38:21.754412""}, {""statut"": ""SUR_SITE"", ""timestamp"": ""2025-12-12T08:53:21.754412""}, {""statut"": ""EN_COURS"", ""timestamp"": ""2025-12-12T09:06:21.754412""}, {""statut"": ""COMPLETE"", ""timestamp"": ""2025-12-12T10:28:21.754412""}]"
53,TKT-00053,60,INC-202604-0060,18,Loubna NACIRI,TECH-018,4,Fès,CRITIQUE,RESOLU,2026-04-01T10:50:55.754412,2026-04-01T10:57:55.754412,2026-04-01T15:48:55.754412,325,27.78,2.8,COMPLETE,2026-04-01T11:22:55.754412,2026-04-01T11:27:55.754412,2026-04-01T16:52:55.754412,True,13:00,14:00,,[],TECHNICIEN,"[{""statut"": ""ASSIGNE"", ""timestamp"": ""2026-04-01T10:50:55.754412""}, {""statut"": ""EN_ROUTE"", ""timestamp"": ""2026-04-01T10:57:55.754412""}, {""statut"": ""SUR_SITE"", ""timestamp"": ""2026-04-01T11:22:55.754412""}, {""statut"": ""EN_COURS"", ""timestamp"": ""2026-04-01T11:27:55.754412""}, {""statut"": ""PAUSE"", ""timestamp"": ""2026-04-01T13:27:55.754412""}, {""statut"": ""EN_COURS"", ""timestamp"": ""2026-04-01T14:27:55.754412""}, {""statut"": ""COMPLETE"", ""timestamp"": ""2026-04-01T16:52:55.754412""}]"
54,TKT-00054,61,INC-202601-0061,27,Tariq BENSLIMANE,TECH-027,8,Oujda,MINEUR,EN_COURS,2026-01-19T07:51:25.754412,2026-01-19T08:03:25.754412,,,21.19,,EN_ROUTE,2026-01-19T08:24:25.754412,2026-01-19T08:30:25.754412,,True,13:00,14:00,,[],TECHNICIEN,"[{""statut"": ""ASSIGNE"", ""timestamp"": ""2026-01-19T07:51:25.754412""}, {""statut"": ""EN_ROUTE"", ""timestamp"": ""2026-01-19T08:03:25.754412""}, {""statut"": ""SUR_SITE"", ""timestamp"": ""2026-01-19T08:24:25.754412""}, {""statut"": ""EN_COURS"", ""timestamp"": ""2026-01-19T08:30:25.754412""}, {""statut"": ""PAUSE"", ""timestamp"": ""2026-01-19T10:30:25.754412""}, {""statut"": ""EN_COURS"", ""timestamp"": ""2026-01-19T11:30:25.754412""}]"
55,TKT-00055,62,INC-202601-0062,5,Hamza BENKIRANE,TECH-005,2,Rabat-Salé,MINEUR,RESOLU,2026-01-10T13:15:55.754412,2026-01-10T13:24:55.754412,2026-01-10T14:46:55.754412,107,22.62,4.7,COMPLETE,2026-01-10T14:07:55.754412,2026-01-10T14:16:55.754412,2026-01-10T16:03:55.754412,False,,,,"[""Manque d outillage specifique""]",TECHNICIEN,"[{""statut"": ""ASSIGNE"", ""timestamp"": ""2026-01-10T13:15:55.754412""}, {""statut"": ""EN_ROUTE"", ""timestamp"": ""2026-01-10T13:24:55.754412""}, {""statut"": ""SUR_SITE"", ""timestamp"": ""2026-01-10T14:07:55.754412""}, {""statut"": ""EN_COURS"", ""timestamp"": ""2026-01-10T14:16:55.754412""}, {""statut"": ""COMPLETE"", ""timestamp"": ""2026-01-10T16:03:55.754412""}]"
56,TKT-00056,63,INC-202601-0063,4,Amina CHRAIBI,TECH-004,8,Oujda,MINEUR,RESOLU,2026-01-27T14:13:09.754412,2026-01-27T14:26:09.754412,2026-01-27T16:37:09.754412,159,29.26,4.1,COMPLETE,2026-01-27T15:03:09.754412,2026-01-27T15:12:09.754412,2026-01-27T17:51:09.754412,True,13:00,14:00,,"[""Zone a acces restreint""]",ADMIN,"[{""statut"": ""ASSIGNE"", ""timestamp"": ""2026-01-27T14:13:09.754412""}, {""statut"": ""EN_ROUTE"", ""timestamp"": ""2026-01-27T14:26:09.754412""}, {""statut"": ""SUR_SITE"", ""timestamp"": ""2026-01-27T15:03:09.754412""}, {""statut"": ""EN_COURS"", ""timestamp"": ""2026-01-27T15:12:09.754412""}, {""statut"": ""PAUSE"", ""timestamp"": ""2026-01-27T17:12:09.754412""}, {""statut"": ""EN_COURS"", ""timestamp"": ""2026-01-27T18:12:09.754412""}, {""statut"": ""COMPLETE"", ""timestamp"": ""2026-01-27T17:51:09.754412""}]"
57,TKT-00057,64,INC-202605-0064,14,Salma BENOMAR,TECH-014,6,Agadir,CRITIQUE,RESOLU,2026-05-11T12:09:24.754412,2026-05-11T12:15:24.754412,2026-05-11T17:30:24.754412,342,8.03,2.8,COMPLETE,2026-05-11T12:28:24.754412,2026-05-11T12:40:24.754412,2026-05-11T18:22:24.754412,True,13:00,14:00,,"[""Manque d outillage specifique""]",TECHNICIEN,"[{""statut"": ""ASSIGNE"", ""timestamp"": ""2026-05-11T12:09:24.754412""}, {""statut"": ""EN_ROUTE"", ""timestamp"": ""2026-05-11T12:15:24.754412""}, {""statut"": ""SUR_SITE"", ""timestamp"": ""2026-05-11T12:28:24.754412""}, {""statut"": ""EN_COURS"", ""timestamp"": ""2026-05-11T12:40:24.754412""}, {""statut"": ""PAUSE"", ""timestamp"": ""2026-05-11T14:40:24.754412""}, {""statut"": ""EN_COURS"", ""timestamp"": ""2026-05-11T15:40:24.754412""}, {""statut"": ""COMPLETE"", ""timestamp"": ""2026-05-11T18:22:24.754412""}]"
58,TKT-00058,65,INC-202512-0065,13,Rachid SQALLI,TECH-013,4,Fès,MINEUR,RESOLU,2025-12-14T00:27:35.754412,2025-12-14T00:36:35.754412,2025-12-14T01:51:35.754412,112,1.86,3.4,COMPLETE,2025-12-14T00:46:35.754412,2025-12-14T00:51:35.754412,2025-12-14T02:43:35.754412,False,,,,[],TECHNICIEN,"[{""statut"": ""ASSIGNE"", ""timestamp"": ""2025-12-14T00:27:35.754412""}, {""statut"": ""EN_ROUTE"", ""timestamp"": ""2025-12-14T00:36:35.754412""}, {""statut"": ""SUR_SITE"", ""timestamp"": ""2025-12-14T00:46:35.754412""}, {""statut"": ""EN_COURS"", ""timestamp"": ""2025-12-14T00:51:35.754412""}, {""statut"": ""COMPLETE"", ""timestamp"": ""2025-12-14T02:43:35.754412""}]"
59,TKT-00059,66,INC-202512-0066,13,Rachid SQALLI,TECH-013,4,Fès,MINEUR,FERME,2025-12-23T19:01:14.754412,2025-12-23T19:10:14.754412,2025-12-23T20:21:14.754412,86,12.78,4.3,COMPLETE,2025-12-23T19:46:14.754412,2025-12-23T19:54:14.754412,2025-12-23T21:20:14.754412,False,,,,[],ADMIN,"[{""statut"": ""ASSIGNE"", ""timestamp"": ""2025-12-23T19:01:14.754412""}, {""statut"": ""EN_ROUTE"", ""timestamp"": ""2025-12-23T19:10:14.754412""}, {""statut"": ""SUR_SITE"", ""timestamp"": ""2025-12-23T19:46:14.754412""}, {""statut"": ""EN_COURS"", ""timestamp"": ""2025-12-23T19:54:14.754412""}, {""statut"": ""COMPLETE"", ""timestamp"": ""2025-12-23T21:20:14.754412""}]"
60,TKT-00060,67,INC-202605-0067,6,Zineb TAZI,TECH-006,7,Meknès,MAJEUR,EN_COURS,2026-05-01T01:34:59.754412,2026-05-01T01:40:59.754412,,,24.23,,EN_ROUTE,2026-05-01T01:57:59.754412,2026-05-01T02:10:59.754412,,False,,,,[],TECHNICIEN,"[{""statut"": ""ASSIGNE"", ""timestamp"": ""2026-05-01T01:34:59.754412""}, {""statut"": ""EN_ROUTE"", ""timestamp"": ""2026-05-01T01:40:59.754412""}, {""statut"": ""SUR_SITE"", ""timestamp"": ""2026-05-01T01:57:59.754412""}, {""statut"": ""EN_COURS"", ""timestamp"": ""2026-05-01T02:10:59.754412""}]"
61,TKT-00061,68,INC-202603-0068,5,Hamza BENKIRANE,TECH-005,2,Rabat-Salé,MAJEUR,FERME,2026-03-13T13:19:53.754412,2026-03-13T13:34:53.754412,2026-03-13T14:34:53.754412,82,16.82,2.5,COMPLETE,2026-03-13T14:13:53.754412,2026-03-13T14:22:53.754412,2026-03-13T15:44:53.754412,False,,,,"[""Acces difficile (hauteur / espace confine)""]",TECHNICIEN,"[{""statut"": ""ASSIGNE"", ""timestamp"": ""2026-03-13T13:19:53.754412""}, {""statut"": ""EN_ROUTE"", ""timestamp"": ""2026-03-13T13:34:53.754412""}, {""statut"": ""SUR_SITE"", ""timestamp"": ""2026-03-13T14:13:53.754412""}, {""statut"": ""EN_COURS"", ""timestamp"": ""2026-03-13T14:22:53.754412""}, {""statut"": ""COMPLETE"", ""timestamp"": ""2026-03-13T15:44:53.754412""}]"
62,TKT-00062,70,INC-202512-0070,16,Houda KETTANI,TECH-016,5,Tanger,MINEUR,RESOLU,2025-12-09T01:29:35.754412,2025-12-09T01:42:35.754412,2025-12-09T02:59:35.754412,113,17.95,3.7,COMPLETE,2025-12-09T02:11:35.754412,2025-12-09T02:25:35.754412,2025-12-09T04:18:35.754412,False,,,,"[""Coordination avec equipe reseau requise""]",TECHNICIEN,"[{""statut"": ""ASSIGNE"", ""timestamp"": ""2025-12-09T01:29:35.754412""}, {""statut"": ""EN_ROUTE"", ""timestamp"": ""2025-12-09T01:42:35.754412""}, {""statut"": ""SUR_SITE"", ""timestamp"": ""2025-12-09T02:11:35.754412""}, {""statut"": ""EN_COURS"", ""timestamp"": ""2025-12-09T02:25:35.754412""}, {""statut"": ""COMPLETE"", ""timestamp"": ""2025-12-09T04:18:35.754412""}]"
63,TKT-00063,71,INC-202601-0071,25,Ilyas IDRISSI,TECH-025,10,Tétouan,CRITIQUE,RESOLU,2026-01-18T15:59:23.754412,2026-01-18T16:12:23.754412,2026-01-18T22:54:23.754412,437,7.37,3.4,COMPLETE,2026-01-18T16:37:23.754412,2026-01-18T16:44:23.754412,2026-01-19T00:01:23.754412,True,13:00,14:00,,"[""Acces difficile (hauteur / espace confine)""]",TECHNICIEN,"[{""statut"": ""ASSIGNE"", ""timestamp"": ""2026-01-18T15:59:23.754412""}, {""statut"": ""EN_ROUTE"", ""timestamp"": ""2026-01-18T16:12:23.754412""}, {""statut"": ""SUR_SITE"", ""timestamp"": ""2026-01-18T16:37:23.754412""}, {""statut"": ""EN_COURS"", ""timestamp"": ""2026-01-18T16:44:23.754412""}, {""statut"": ""PAUSE"", ""timestamp"": ""2026-01-18T18:44:23.754412""}, {""statut"": ""EN_COURS"", ""timestamp"": ""2026-01-18T19:44:23.754412""}, {""statut"": ""COMPLETE"", ""timestamp"": ""2026-01-19T00:01:23.754412""}]"
64,TKT-00064,72,INC-202602-0072,11,Mehdi MOUSSAOUI,TECH-011,1,Grand Casablanca,MINEUR,EN_COURS,2026-02-03T18:04:48.754412,2026-02-03T18:17:48.754412,,,15.01,,EN_ROUTE,2026-02-03T18:51:48.754412,2026-02-03T19:00:48.754412,,False,,,,"[""Manque d outillage specifique"", ""Dependance fournisseur externe""]",TECHNICIEN,"[{""statut"": ""ASSIGNE"", ""timestamp"": ""2026-02-03T18:04:48.754412""}, {""statut"": ""EN_ROUTE"", ""timestamp"": ""2026-02-03T18:17:48.754412""}, {""statut"": ""SUR_SITE"", ""timestamp"": ""2026-02-03T18:51:48.754412""}, {""statut"": ""EN_COURS"", ""timestamp"": ""2026-02-03T19:00:48.754412""}]"
65,TKT-00065,73,INC-202604-0073,15,Bilal MRANI,TECH-015,9,Kenitra,MAJEUR,RESOLU,2026-04-09T02:18:14.754412,2026-04-09T02:23:14.754412,2026-04-09T04:16:14.754412,145,26.92,3.6,COMPLETE,2026-04-09T02:38:14.754412,2026-04-09T02:43:14.754412,2026-04-09T05:08:14.754412,True,13:00,14:00,,"[""Dependance fournisseur externe"", ""Zone a acces restreint""]",TECHNICIEN,"[{""statut"": ""ASSIGNE"", ""timestamp"": ""2026-04-09T02:18:14.754412""}, {""statut"": ""EN_ROUTE"", ""timestamp"": ""2026-04-09T02:23:14.754412""}, {""statut"": ""SUR_SITE"", ""timestamp"": ""2026-04-09T02:38:14.754412""}, {""statut"": ""EN_COURS"", ""timestamp"": ""2026-04-09T02:43:14.754412""}, {""statut"": ""PAUSE"", ""timestamp"": ""2026-04-09T04:43:14.754412""}, {""statut"": ""EN_COURS"", ""timestamp"": ""2026-04-09T05:43:14.754412""}, {""statut"": ""COMPLETE"", ""timestamp"": ""2026-04-09T05:08:14.754412""}]"
66,TKT-00066,75,INC-202512-0075,10,Sara LAHLOU,TECH-010,5,Tanger,MINEUR,RESOLU,2025-12-30T19:59:18.754412,2025-12-30T20:02:18.754412,2025-12-30T22:15:18.754412,157,28.94,3.1,COMPLETE,2025-12-30T20:37:18.754412,2025-12-30T20:43:18.754412,2025-12-30T23:20:18.754412,True,13:00,14:00,,"[""Zone a acces restreint""]",ADMIN,"[{""statut"": ""ASSIGNE"", ""timestamp"": ""2025-12-30T19:59:18.754412""}, {""statut"": ""EN_ROUTE"", ""timestamp"": ""2025-12-30T20:02:18.754412""}, {""statut"": ""SUR_SITE"", ""timestamp"": ""2025-12-30T20:37:18.754412""}, {""statut"": ""EN_COURS"", ""timestamp"": ""2025-12-30T20:43:18.754412""}, {""statut"": ""PAUSE"", ""timestamp"": ""2025-12-30T22:43:18.754412""}, {""statut"": ""EN_COURS"", ""timestamp"": ""2025-12-30T23:43:18.754412""}, {""statut"": ""COMPLETE"", ""timestamp"": ""2025-12-30T23:20:18.754412""}]"
67,TKT-00067,76,INC-202512-0076,14,Salma BENOMAR,TECH-014,6,Agadir,MINEUR,FERME,2025-12-04T21:47:24.754412,2025-12-04T21:54:24.754412,2025-12-05T00:12:24.754412,175,2.7,3.0,COMPLETE,2025-12-04T22:24:24.754412,2025-12-04T22:34:24.754412,2025-12-05T01:29:24.754412,True,13:00,14:00,,"[""Manque d outillage specifique""]",TECHNICIEN,"[{""statut"": ""ASSIGNE"", ""timestamp"": ""2025-12-04T21:47:24.754412""}, {""statut"": ""EN_ROUTE"", ""timestamp"": ""2025-12-04T21:54:24.754412""}, {""statut"": ""SUR_SITE"", ""timestamp"": ""2025-12-04T22:24:24.754412""}, {""statut"": ""EN_COURS"", ""timestamp"": ""2025-12-04T22:34:24.754412""}, {""statut"": ""PAUSE"", ""timestamp"": ""2025-12-05T00:34:24.754412""}, {""statut"": ""EN_COURS"", ""timestamp"": ""2025-12-05T01:34:24.754412""}, {""statut"": ""COMPLETE"", ""timestamp"": ""2025-12-05T01:29:24.754412""}]"
68,TKT-00068,77,INC-202605-0077,11,Mehdi MOUSSAOUI,TECH-011,1,Grand Casablanca,CRITIQUE,EN_COURS,2026-05-15T00:09:40.754412,2026-05-15T00:12:40.754412,,,6.63,,EN_COURS,2026-05-15T00:50:40.754412,2026-05-15T01:02:40.754412,,True,13:00,14:00,,"[""Intervention nocturne requise""]",ADMIN,"[{""statut"": ""ASSIGNE"", ""timestamp"": ""2026-05-15T00:09:40.754412""}, {""statut"": ""EN_ROUTE"", ""timestamp"": ""2026-05-15T00:12:40.754412""}, {""statut"": ""SUR_SITE"", ""timestamp"": ""2026-05-15T00:50:40.754412""}, {""statut"": ""EN_COURS"", ""timestamp"": ""2026-05-15T01:02:40.754412""}, {""statut"": ""PAUSE"", ""timestamp"": ""2026-05-15T03:02:40.754412""}, {""statut"": ""EN_COURS"", ""timestamp"": ""2026-05-15T04:02:40.754412""}]"
69,TKT-00069,81,INC-202512-0081,21,Soufiane ZEMMOURI,TECH-021,3,Marrakech,MINEUR,RESOLU,2025-12-07T01:37:43.754412,2025-12-07T01:51:43.754412,2025-12-07T03:44:43.754412,140,21.06,2.6,COMPLETE,2025-12-07T02:08:43.754412,2025-12-07T02:14:43.754412,2025-12-07T04:34:43.754412,True,13:00,14:00,,"[""Coordination avec equipe reseau requise"", ""Zone a acces restreint""]",ADMIN,"[{""statut"": ""ASSIGNE"", ""timestamp"": ""2025-12-07T01:37:43.754412""}, {""statut"": ""EN_ROUTE"", ""timestamp"": ""2025-12-07T01:51:43.754412""}, {""statut"": ""SUR_SITE"", ""timestamp"": ""2025-12-07T02:08:43.754412""}, {""statut"": ""EN_COURS"", ""timestamp"": ""2025-12-07T02:14:43.754412""}, {""statut"": ""PAUSE"", ""timestamp"": ""2025-12-07T04:14:43.754412""}, {""statut"": ""EN_COURS"", ""timestamp"": ""2025-12-07T05:14:43.754412""}, {""statut"": ""COMPLETE"", ""timestamp"": ""2025-12-07T04:34:43.754412""}]"
70,TKT-00070,82,INC-202601-0082,4,Amina CHRAIBI,TECH-004,8,Oujda,CRITIQUE,FERME,2026-01-29T10:21:37.754412,2026-01-29T10:33:37.754412,2026-01-29T16:53:37.754412,399,9.32,4.6,COMPLETE,2026-01-29T10:58:37.754412,2026-01-29T11:08:37.754412,2026-01-29T17:47:37.754412,True,13:00,14:00,,"[""Acces difficile (hauteur / espace confine)"", ""Zone a acces restreint""]",TECHNICIEN,"[{""statut"": ""ASSIGNE"", ""timestamp"": ""2026-01-29T10:21:37.754412""}, {""statut"": ""EN_ROUTE"", ""timestamp"": ""2026-01-29T10:33:37.754412""}, {""statut"": ""SUR_SITE"", ""timestamp"": ""2026-01-29T10:58:37.754412""}, {""statut"": ""EN_COURS"", ""timestamp"": ""2026-01-29T11:08:37.754412""}, {""statut"": ""PAUSE"", ""timestamp"": ""2026-01-29T13:08:37.754412""}, {""statut"": ""EN_COURS"", ""timestamp"": ""2026-01-29T14:08:37.754412""}, {""statut"": ""COMPLETE"", ""timestamp"": ""2026-01-29T17:47:37.754412""}]"
71,TKT-00071,83,INC-202602-0083,3,Mohammed OUALI,TECH-003,2,Rabat-Salé,MINEUR,EN_COURS,2026-02-22T18:26:48.754412,2026-02-22T18:40:48.754412,,,2.32,,INCOMPLET,2026-02-22T19:18:48.754412,2026-02-22T19:31:48.754412,,False,,,Probleme sous-jacent plus grave que prevu,[],TECHNICIEN,"[{""statut"": ""ASSIGNE"", ""timestamp"": ""2026-02-22T18:26:48.754412""}, {""statut"": ""EN_ROUTE"", ""timestamp"": ""2026-02-22T18:40:48.754412""}, {""statut"": ""SUR_SITE"", ""timestamp"": ""2026-02-22T19:18:48.754412""}, {""statut"": ""EN_COURS"", ""timestamp"": ""2026-02-22T19:31:48.754412""}, {""statut"": ""INCOMPLET"", ""timestamp"": ""2026-02-22T20:02:48.754412"", ""cause"": ""Probleme sous-jacent plus grave que prevu""}]"
72,TKT-00072,84,INC-202602-0084,11,Mehdi MOUSSAOUI,TECH-011,1,Grand Casablanca,MAJEUR,RESOLU,2026-02-11T21:32:11.754412,2026-02-11T21:46:11.754412,2026-02-11T22:38:11.754412,77,27.56,2.7,COMPLETE,2026-02-11T22:21:11.754412,2026-02-11T22:31:11.754412,2026-02-11T23:48:11.754412,False,,,,"[""Necessite coupure reseau planifiee"", ""Coordination avec equipe reseau requise""]",TECHNICIEN,"[{""statut"": ""ASSIGNE"", ""timestamp"": ""2026-02-11T21:32:11.754412""}, {""statut"": ""EN_ROUTE"", ""timestamp"": ""2026-02-11T21:46:11.754412""}, {""statut"": ""SUR_SITE"", ""timestamp"": ""2026-02-11T22:21:11.754412""}, {""statut"": ""EN_COURS"", ""timestamp"": ""2026-02-11T22:31:11.754412""}, {""statut"": ""COMPLETE"", ""timestamp"": ""2026-02-11T23:48:11.754412""}]"
73,TKT-00073,85,INC-202603-0085,13,Rachid SQALLI,TECH-013,4,Fès,CRITIQUE,FERME,2026-03-05T04:13:21.754412,2026-03-05T04:21:21.754412,2026-03-05T06:10:21.754412,142,1.76,3.7,COMPLETE,2026-03-05T04:39:21.754412,2026-03-05T04:45:21.754412,2026-03-05T07:07:21.754412,True,13:00,14:00,,[],TECHNICIEN,"[{""statut"": ""ASSIGNE"", ""timestamp"": ""2026-03-05T04:13:21.754412""}, {""statut"": ""EN_ROUTE"", ""timestamp"": ""2026-03-05T04:21:21.754412""}, {""statut"": ""SUR_SITE"", ""timestamp"": ""2026-03-05T04:39:21.754412""}, {""statut"": ""EN_COURS"", ""timestamp"": ""2026-03-05T04:45:21.754412""}, {""statut"": ""PAUSE"", ""timestamp"": ""2026-03-05T06:45:21.754412""}, {""statut"": ""EN_COURS"", ""timestamp"": ""2026-03-05T07:45:21.754412""}, {""statut"": ""COMPLETE"", ""timestamp"": ""2026-03-05T07:07:21.754412""}]"
74,TKT-00074,86,INC-202601-0086,16,Houda KETTANI,TECH-016,5,Tanger,CRITIQUE,FERME,2026-01-22T03:22:49.754412,2026-01-22T03:29:49.754412,2026-01-22T13:16:49.754412,622,10.94,4.8,COMPLETE,2026-01-22T04:10:49.754412,2026-01-22T04:15:49.754412,2026-01-22T14:37:49.754412,True,13:00,14:00,,"[""Dependance fournisseur externe"", ""Manque d outillage specifique""]",ADMIN,"[{""statut"": ""ASSIGNE"", ""timestamp"": ""2026-01-22T03:22:49.754412""}, {""statut"": ""EN_ROUTE"", ""timestamp"": ""2026-01-22T03:29:49.754412""}, {""statut"": ""SUR_SITE"", ""timestamp"": ""2026-01-22T04:10:49.754412""}, {""statut"": ""EN_COURS"", ""timestamp"": ""2026-01-22T04:15:49.754412""}, {""statut"": ""PAUSE"", ""timestamp"": ""2026-01-22T06:15:49.754412""}, {""statut"": ""EN_COURS"", ""timestamp"": ""2026-01-22T07:15:49.754412""}, {""statut"": ""COMPLETE"", ""timestamp"": ""2026-01-22T14:37:49.754412""}]"
75,TKT-00075,87,INC-202602-0087,9,Karim BENSOUDA,TECH-009,10,Tétouan,MINEUR,RESOLU,2026-02-08T20:01:49.754412,2026-02-08T20:16:49.754412,2026-02-08T20:32:49.754412,50,12.65,3.9,COMPLETE,2026-02-08T20:35:49.754412,2026-02-08T20:40:49.754412,2026-02-08T21:30:49.754412,False,,,,"[""Coordination avec equipe reseau requise"", ""Dependance fournisseur externe""]",TECHNICIEN,"[{""statut"": ""ASSIGNE"", ""timestamp"": ""2026-02-08T20:01:49.754412""}, {""statut"": ""EN_ROUTE"", ""timestamp"": ""2026-02-08T20:16:49.754412""}, {""statut"": ""SUR_SITE"", ""timestamp"": ""2026-02-08T20:35:49.754412""}, {""statut"": ""EN_COURS"", ""timestamp"": ""2026-02-08T20:40:49.754412""}, {""statut"": ""COMPLETE"", ""timestamp"": ""2026-02-08T21:30:49.754412""}]"
76,TKT-00076,88,INC-202604-0088,1,Youssef BENALI,TECH-001,4,Fès,MAJEUR,RESOLU,2026-04-25T15:15:14.754412,2026-04-25T15:22:14.754412,2026-04-25T17:27:14.754412,145,7.85,5.0,COMPLETE,2026-04-25T15:40:14.754412,2026-04-25T15:51:14.754412,2026-04-25T18:16:14.754412,True,13:00,14:00,,"[""Intervention nocturne requise"", ""Necessite coupure reseau planifiee""]",TECHNICIEN,"[{""statut"": ""ASSIGNE"", ""timestamp"": ""2026-04-25T15:15:14.754412""}, {""statut"": ""EN_ROUTE"", ""timestamp"": ""2026-04-25T15:22:14.754412""}, {""statut"": ""SUR_SITE"", ""timestamp"": ""2026-04-25T15:40:14.754412""}, {""statut"": ""EN_COURS"", ""timestamp"": ""2026-04-25T15:51:14.754412""}, {""statut"": ""PAUSE"", ""timestamp"": ""2026-04-25T17:51:14.754412""}, {""statut"": ""EN_COURS"", ""timestamp"": ""2026-04-25T18:51:14.754412""}, {""statut"": ""COMPLETE"", ""timestamp"": ""2026-04-25T18:16:14.754412""}]"
77,TKT-00077,89,INC-202602-0089,5,Hamza BENKIRANE,TECH-005,2,Rabat-Salé,CRITIQUE,FERME,2026-02-07T15:03:44.754412,2026-02-07T15:15:44.754412,2026-02-07T22:02:44.754412,449,15.32,3.5,COMPLETE,2026-02-07T15:47:44.754412,2026-02-07T15:59:44.754412,2026-02-07T23:28:44.754412,True,13:00,14:00,,"[""Necessite coupure reseau planifiee""]",TECHNICIEN,"[{""statut"": ""ASSIGNE"", ""timestamp"": ""2026-02-07T15:03:44.754412""}, {""statut"": ""EN_ROUTE"", ""timestamp"": ""2026-02-07T15:15:44.754412""}, {""statut"": ""SUR_SITE"", ""timestamp"": ""2026-02-07T15:47:44.754412""}, {""statut"": ""EN_COURS"", ""timestamp"": ""2026-02-07T15:59:44.754412""}, {""statut"": ""PAUSE"", ""timestamp"": ""2026-02-07T17:59:44.754412""}, {""statut"": ""EN_COURS"", ""timestamp"": ""2026-02-07T18:59:44.754412""}, {""statut"": ""COMPLETE"", ""timestamp"": ""2026-02-07T23:28:44.754412""}]"
78,TKT-00078,90,INC-202603-0090,8,Nadia FILALI,TECH-008,6,Agadir,MINEUR,FERME,2026-03-06T19:11:04.754412,2026-03-06T19:21:04.754412,2026-03-06T21:16:04.754412,140,24.36,3.7,COMPLETE,2026-03-06T19:45:04.754412,2026-03-06T19:50:04.754412,2026-03-06T22:10:04.754412,True,13:00,14:00,,[],ADMIN,"[{""statut"": ""ASSIGNE"", ""timestamp"": ""2026-03-06T19:11:04.754412""}, {""statut"": ""EN_ROUTE"", ""timestamp"": ""2026-03-06T19:21:04.754412""}, {""statut"": ""SUR_SITE"", ""timestamp"": ""2026-03-06T19:45:04.754412""}, {""statut"": ""EN_COURS"", ""timestamp"": ""2026-03-06T19:50:04.754412""}, {""statut"": ""PAUSE"", ""timestamp"": ""2026-03-06T21:50:04.754412""}, {""statut"": ""EN_COURS"", ""timestamp"": ""2026-03-06T22:50:04.754412""}, {""statut"": ""COMPLETE"", ""timestamp"": ""2026-03-06T22:10:04.754412""}]"
79,TKT-00079,92,INC-202512-0092,10,Sara LAHLOU,TECH-010,5,Tanger,CRITIQUE,EN_COURS,2025-12-12T09:08:11.754412,2025-12-12T09:10:11.754412,,,17.48,,SUR_SITE,2025-12-12T09:35:11.754412,2025-12-12T09:50:11.754412,,True,13:00,14:00,,"[""Acces difficile (hauteur / espace confine)"", ""Manque d outillage specifique""]",ADMIN,"[{""statut"": ""ASSIGNE"", ""timestamp"": ""2025-12-12T09:08:11.754412""}, {""statut"": ""EN_ROUTE"", ""timestamp"": ""2025-12-12T09:10:11.754412""}, {""statut"": ""SUR_SITE"", ""timestamp"": ""2025-12-12T09:35:11.754412""}, {""statut"": ""EN_COURS"", ""timestamp"": ""2025-12-12T09:50:11.754412""}, {""statut"": ""PAUSE"", ""timestamp"": ""2025-12-12T11:50:11.754412""}, {""statut"": ""EN_COURS"", ""timestamp"": ""2025-12-12T12:50:11.754412""}]"
80,TKT-00080,93,INC-202602-0093,9,Karim BENSOUDA,TECH-009,10,Tétouan,CRITIQUE,FERME,2026-02-03T03:46:03.754412,2026-02-03T03:49:03.754412,2026-02-03T09:14:03.754412,338,27.46,2.6,COMPLETE,2026-02-03T04:14:03.754412,2026-02-03T04:28:03.754412,2026-02-03T10:06:03.754412,True,13:00,14:00,,"[""Zone a acces restreint"", ""Coordination avec equipe reseau requise""]",ADMIN,"[{""statut"": ""ASSIGNE"", ""timestamp"": ""2026-02-03T03:46:03.754412""}, {""statut"": ""EN_ROUTE"", ""timestamp"": ""2026-02-03T03:49:03.754412""}, {""statut"": ""SUR_SITE"", ""timestamp"": ""2026-02-03T04:14:03.754412""}, {""statut"": ""EN_COURS"", ""timestamp"": ""2026-02-03T04:28:03.754412""}, {""statut"": ""PAUSE"", ""timestamp"": ""2026-02-03T06:28:03.754412""}, {""statut"": ""EN_COURS"", ""timestamp"": ""2026-02-03T07:28:03.754412""}, {""statut"": ""COMPLETE"", ""timestamp"": ""2026-02-03T10:06:03.754412""}]"
81,TKT-00081,94,INC-202603-0094,4,Amina CHRAIBI,TECH-004,8,Oujda,CRITIQUE,FERME,2026-03-19T07:54:27.754412,2026-03-19T07:58:27.754412,2026-03-19T15:33:27.754412,482,14.97,2.7,COMPLETE,2026-03-19T08:39:27.754412,2026-03-19T08:52:27.754412,2026-03-19T16:54:27.754412,True,13:00,14:00,,[],TECHNICIEN,"[{""statut"": ""ASSIGNE"", ""timestamp"": ""2026-03-19T07:54:27.754412""}, {""statut"": ""EN_ROUTE"", ""timestamp"": ""2026-03-19T07:58:27.754412""}, {""statut"": ""SUR_SITE"", ""timestamp"": ""2026-03-19T08:39:27.754412""}, {""statut"": ""EN_COURS"", ""timestamp"": ""2026-03-19T08:52:27.754412""}, {""statut"": ""PAUSE"", ""timestamp"": ""2026-03-19T10:52:27.754412""}, {""statut"": ""EN_COURS"", ""timestamp"": ""2026-03-19T11:52:27.754412""}, {""statut"": ""COMPLETE"", ""timestamp"": ""2026-03-19T16:54:27.754412""}]"
82,TKT-00082,95,INC-202601-0095,15,Bilal MRANI,TECH-015,9,Kenitra,CRITIQUE,FERME,2026-01-09T23:30:27.754412,2026-01-09T23:39:27.754412,2026-01-10T03:51:27.754412,266,10.55,2.9,COMPLETE,2026-01-10T00:19:27.754412,2026-01-10T00:24:27.754412,2026-01-10T04:50:27.754412,True,13:00,14:00,,"[""Manque d outillage specifique"", ""Intervention nocturne requise""]",ADMIN,"[{""statut"": ""ASSIGNE"", ""timestamp"": ""2026-01-09T23:30:27.754412""}, {""statut"": ""EN_ROUTE"", ""timestamp"": ""2026-01-09T23:39:27.754412""}, {""statut"": ""SUR_SITE"", ""timestamp"": ""2026-01-10T00:19:27.754412""}, {""statut"": ""EN_COURS"", ""timestamp"": ""2026-01-10T00:24:27.754412""}, {""statut"": ""PAUSE"", ""timestamp"": ""2026-01-10T02:24:27.754412""}, {""statut"": ""EN_COURS"", ""timestamp"": ""2026-01-10T03:24:27.754412""}, {""statut"": ""COMPLETE"", ""timestamp"": ""2026-01-10T04:50:27.754412""}]"
83,TKT-00083,96,INC-202602-0096,7,Anas BERRADA,TECH-007,10,Tétouan,CRITIQUE,FERME,2026-02-06T07:46:56.754412,2026-02-06T07:49:56.754412,2026-02-06T12:00:56.754412,259,11.52,4.9,COMPLETE,2026-02-06T08:08:56.754412,2026-02-06T08:14:56.754412,2026-02-06T12:33:56.754412,True,13:00,14:00,,[],ADMIN,"[{""statut"": ""ASSIGNE"", ""timestamp"": ""2026-02-06T07:46:56.754412""}, {""statut"": ""EN_ROUTE"", ""timestamp"": ""2026-02-06T07:49:56.754412""}, {""statut"": ""SUR_SITE"", ""timestamp"": ""2026-02-06T08:08:56.754412""}, {""statut"": ""EN_COURS"", ""timestamp"": ""2026-02-06T08:14:56.754412""}, {""statut"": ""PAUSE"", ""timestamp"": ""2026-02-06T10:14:56.754412""}, {""statut"": ""EN_COURS"", ""timestamp"": ""2026-02-06T11:14:56.754412""}, {""statut"": ""COMPLETE"", ""timestamp"": ""2026-02-06T12:33:56.754412""}]"
84,TKT-00084,97,INC-202602-0097,11,Mehdi MOUSSAOUI,TECH-011,1,Grand Casablanca,MINEUR,RESOLU,2026-02-19T13:18:15.754412,2026-02-19T13:23:15.754412,2026-02-19T14:19:15.754412,76,28.84,4.1,COMPLETE,2026-02-19T13:53:15.754412,2026-02-19T14:00:15.754412,2026-02-19T15:16:15.754412,False,,,,"[""Dependance fournisseur externe"", ""Zone a acces restreint""]",TECHNICIEN,"[{""statut"": ""ASSIGNE"", ""timestamp"": ""2026-02-19T13:18:15.754412""}, {""statut"": ""EN_ROUTE"", ""timestamp"": ""2026-02-19T13:23:15.754412""}, {""statut"": ""SUR_SITE"", ""timestamp"": ""2026-02-19T13:53:15.754412""}, {""statut"": ""EN_COURS"", ""timestamp"": ""2026-02-19T14:00:15.754412""}, {""statut"": ""COMPLETE"", ""timestamp"": ""2026-02-19T15:16:15.754412""}]"
85,TKT-00085,98,INC-202601-0098,16,Houda KETTANI,TECH-016,5,Tanger,CRITIQUE,EN_COURS,2026-01-09T03:38:56.754412,2026-01-09T03:49:56.754412,,,5.74,,EN_COURS,2026-01-09T04:10:56.754412,2026-01-09T04:21:56.754412,,False,,,,[],TECHNICIEN,"[{""statut"": ""ASSIGNE"", ""timestamp"": ""2026-01-09T03:38:56.754412""}, {""statut"": ""EN_ROUTE"", ""timestamp"": ""2026-01-09T03:49:56.754412""}, {""statut"": ""SUR_SITE"", ""timestamp"": ""2026-01-09T04:10:56.754412""}, {""statut"": ""EN_COURS"", ""timestamp"": ""2026-01-09T04:21:56.754412""}]"
86,TKT-00086,99,INC-202605-0099,26,Rim TAHIRI,TECH-026,4,Fès,MINEUR,FERME,2026-05-07T16:44:45.754412,2026-05-07T16:58:45.754412,2026-05-07T18:33:45.754412,126,17.18,4.8,COMPLETE,2026-05-07T17:10:45.754412,2026-05-07T17:17:45.754412,2026-05-07T19:23:45.754412,True,13:00,14:00,,"[""Manque d outillage specifique"", ""Zone a acces restreint""]",TECHNICIEN,"[{""statut"": ""ASSIGNE"", ""timestamp"": ""2026-05-07T16:44:45.754412""}, {""statut"": ""EN_ROUTE"", ""timestamp"": ""2026-05-07T16:58:45.754412""}, {""statut"": ""SUR_SITE"", ""timestamp"": ""2026-05-07T17:10:45.754412""}, {""statut"": ""EN_COURS"", ""timestamp"": ""2026-05-07T17:17:45.754412""}, {""statut"": ""PAUSE"", ""timestamp"": ""2026-05-07T19:17:45.754412""}, {""statut"": ""EN_COURS"", ""timestamp"": ""2026-05-07T20:17:45.754412""}, {""statut"": ""COMPLETE"", ""timestamp"": ""2026-05-07T19:23:45.754412""}]"
87,TKT-00087,100,INC-202512-0100,5,Hamza BENKIRANE,TECH-005,2,Rabat-Salé,MAJEUR,FERME,2025-12-19T05:06:39.754412,2025-12-19T05:08:39.754412,2025-12-19T07:28:39.754412,170,19.27,4.9,COMPLETE,2025-12-19T05:33:39.754412,2025-12-19T05:43:39.754412,2025-12-19T08:33:39.754412,True,13:00,14:00,,[],ADMIN,"[{""statut"": ""ASSIGNE"", ""timestamp"": ""2025-12-19T05:06:39.754412""}, {""statut"": ""EN_ROUTE"", ""timestamp"": ""2025-12-19T05:08:39.754412""}, {""statut"": ""SUR_SITE"", ""timestamp"": ""2025-12-19T05:33:39.754412""}, {""statut"": ""EN_COURS"", ""timestamp"": ""2025-12-19T05:43:39.754412""}, {""statut"": ""PAUSE"", ""timestamp"": ""2025-12-19T07:43:39.754412""}, {""statut"": ""EN_COURS"", ""timestamp"": ""2025-12-19T08:43:39.754412""}, {""statut"": ""COMPLETE"", ""timestamp"": ""2025-12-19T08:33:39.754412""}]"
88,TKT-00088,101,INC-202602-0101,11,Mehdi MOUSSAOUI,TECH-011,1,Grand Casablanca,MINEUR,RESOLU,2026-02-04T05:51:17.754412,2026-02-04T05:56:17.754412,2026-02-04T06:29:17.754412,43,23.72,4.3,COMPLETE,2026-02-04T06:19:17.754412,2026-02-04T06:27:17.754412,2026-02-04T07:10:17.754412,False,,,,"[""Coordination avec equipe reseau requise""]",TECHNICIEN,"[{""statut"": ""ASSIGNE"", ""timestamp"": ""2026-02-04T05:51:17.754412""}, {""statut"": ""EN_ROUTE"", ""timestamp"": ""2026-02-04T05:56:17.754412""}, {""statut"": ""SUR_SITE"", ""timestamp"": ""2026-02-04T06:19:17.754412""}, {""statut"": ""EN_COURS"", ""timestamp"": ""2026-02-04T06:27:17.754412""}, {""statut"": ""COMPLETE"", ""timestamp"": ""2026-02-04T07:10:17.754412""}]"
89,TKT-00089,102,INC-202602-0102,11,Mehdi MOUSSAOUI,TECH-011,1,Grand Casablanca,MINEUR,FERME,2026-02-01T09:30:31.754412,2026-02-01T09:42:31.754412,2026-02-01T10:28:31.754412,77,10.86,3.4,COMPLETE,2026-02-01T10:18:31.754412,2026-02-01T10:25:31.754412,2026-02-01T11:42:31.754412,False,,,,"[""Dependance fournisseur externe""]",ADMIN,"[{""statut"": ""ASSIGNE"", ""timestamp"": ""2026-02-01T09:30:31.754412""}, {""statut"": ""EN_ROUTE"", ""timestamp"": ""2026-02-01T09:42:31.754412""}, {""statut"": ""SUR_SITE"", ""timestamp"": ""2026-02-01T10:18:31.754412""}, {""statut"": ""EN_COURS"", ""timestamp"": ""2026-02-01T10:25:31.754412""}, {""statut"": ""COMPLETE"", ""timestamp"": ""2026-02-01T11:42:31.754412""}]"
90,TKT-00090,103,INC-202602-0103,11,Mehdi MOUSSAOUI,TECH-011,1,Grand Casablanca,CRITIQUE,EN_COURS,2026-02-28T01:44:50.754412,2026-02-28T01:52:50.754412,,,5.52,,INCOMPLET,2026-02-28T02:06:50.754412,2026-02-28T02:11:50.754412,,False,,,Acces site securise - autorisation requise,[],ADMIN,"[{""statut"": ""ASSIGNE"", ""timestamp"": ""2026-02-28T01:44:50.754412""}, {""statut"": ""EN_ROUTE"", ""timestamp"": ""2026-02-28T01:52:50.754412""}, {""statut"": ""SUR_SITE"", ""timestamp"": ""2026-02-28T02:06:50.754412""}, {""statut"": ""EN_COURS"", ""timestamp"": ""2026-02-28T02:11:50.754412""}, {""statut"": ""INCOMPLET"", ""timestamp"": ""2026-02-28T03:24:50.754412"", ""cause"": ""Acces site securise - autorisation requise""}]"
91,TKT-00091,105,INC-202602-0105,4,Amina CHRAIBI,TECH-004,8,Oujda,MINEUR,FERME,2026-02-26T08:15:14.754412,2026-02-26T08:17:14.754412,2026-02-26T08:42:14.754412,55,21.28,3.6,COMPLETE,2026-02-26T09:02:14.754412,2026-02-26T09:08:14.754412,2026-02-26T10:03:14.754412,False,,,,"[""Necessite coupure reseau planifiee"", ""Dependance fournisseur externe""]",TECHNICIEN,"[{""statut"": ""ASSIGNE"", ""timestamp"": ""2026-02-26T08:15:14.754412""}, {""statut"": ""EN_ROUTE"", ""timestamp"": ""2026-02-26T08:17:14.754412""}, {""statut"": ""SUR_SITE"", ""timestamp"": ""2026-02-26T09:02:14.754412""}, {""statut"": ""EN_COURS"", ""timestamp"": ""2026-02-26T09:08:14.754412""}, {""statut"": ""COMPLETE"", ""timestamp"": ""2026-02-26T10:03:14.754412""}]"
92,TKT-00092,107,INC-202604-0107,26,Rim TAHIRI,TECH-026,4,Fès,MINEUR,FERME,2026-04-28T11:53:44.754412,2026-04-28T11:56:44.754412,2026-04-28T12:15:44.754412,40,29.24,3.5,COMPLETE,2026-04-28T12:09:44.754412,2026-04-28T12:15:44.754412,2026-04-28T12:55:44.754412,False,,,,[],ADMIN,"[{""statut"": ""ASSIGNE"", ""timestamp"": ""2026-04-28T11:53:44.754412""}, {""statut"": ""EN_ROUTE"", ""timestamp"": ""2026-04-28T11:56:44.754412""}, {""statut"": ""SUR_SITE"", ""timestamp"": ""2026-04-28T12:09:44.754412""}, {""statut"": ""EN_COURS"", ""timestamp"": ""2026-04-28T12:15:44.754412""}, {""statut"": ""COMPLETE"", ""timestamp"": ""2026-04-28T12:55:44.754412""}]"
93,TKT-00093,108,INC-202604-0108,16,Houda KETTANI,TECH-016,5,Tanger,MINEUR,FERME,2026-04-14T13:10:27.754412,2026-04-14T13:14:27.754412,2026-04-14T14:22:27.754412,86,5.03,3.4,COMPLETE,2026-04-14T13:30:27.754412,2026-04-14T13:35:27.754412,2026-04-14T15:01:27.754412,False,,,,"[""Necessite coupure reseau planifiee"", ""Dependance fournisseur externe""]",ADMIN,"[{""statut"": ""ASSIGNE"", ""timestamp"": ""2026-04-14T13:10:27.754412""}, {""statut"": ""EN_ROUTE"", ""timestamp"": ""2026-04-14T13:14:27.754412""}, {""statut"": ""SUR_SITE"", ""timestamp"": ""2026-04-14T13:30:27.754412""}, {""statut"": ""EN_COURS"", ""timestamp"": ""2026-04-14T13:35:27.754412""}, {""statut"": ""COMPLETE"", ""timestamp"": ""2026-04-14T15:01:27.754412""}]"
94,TKT-00094,110,INC-202603-0110,8,Nadia FILALI,TECH-008,6,Agadir,MINEUR,RESOLU,2026-03-24T00:36:09.754412,2026-03-24T00:50:09.754412,2026-03-24T00:46:09.754412,24,6.61,4.1,COMPLETE,2026-03-24T01:30:09.754412,2026-03-24T01:38:09.754412,2026-03-24T02:02:09.754412,False,,,,[],TECHNICIEN,"[{""statut"": ""ASSIGNE"", ""timestamp"": ""2026-03-24T00:36:09.754412""}, {""statut"": ""EN_ROUTE"", ""timestamp"": ""2026-03-24T00:50:09.754412""}, {""statut"": ""SUR_SITE"", ""timestamp"": ""2026-03-24T01:30:09.754412""}, {""statut"": ""EN_COURS"", ""timestamp"": ""2026-03-24T01:38:09.754412""}, {""statut"": ""COMPLETE"", ""timestamp"": ""2026-03-24T02:02:09.754412""}]"
95,TKT-00095,111,INC-202602-0111,11,Mehdi MOUSSAOUI,TECH-011,1,Grand Casablanca,MINEUR,FERME,2026-02-13T21:46:15.754412,2026-02-13T21:51:15.754412,2026-02-13T22:55:15.754412,77,19.44,3.5,COMPLETE,2026-02-13T22:26:15.754412,2026-02-13T22:38:15.754412,2026-02-13T23:55:15.754412,False,,,,"[""Coordination avec equipe reseau requise"", ""Acces difficile (hauteur / espace confine)""]",ADMIN,"[{""statut"": ""ASSIGNE"", ""timestamp"": ""2026-02-13T21:46:15.754412""}, {""statut"": ""EN_ROUTE"", ""timestamp"": ""2026-02-13T21:51:15.754412""}, {""statut"": ""SUR_SITE"", ""timestamp"": ""2026-02-13T22:26:15.754412""}, {""statut"": ""EN_COURS"", ""timestamp"": ""2026-02-13T22:38:15.754412""}, {""statut"": ""COMPLETE"", ""timestamp"": ""2026-02-13T23:55:15.754412""}]"
96,TKT-00096,112,INC-202603-0112,5,Hamza BENKIRANE,TECH-005,2,Rabat-Salé,MAJEUR,FERME,2026-03-16T16:32:46.754412,2026-03-16T16:35:46.754412,2026-03-16T18:49:46.754412,153,8.27,4.6,COMPLETE,2026-03-16T17:13:46.754412,2026-03-16T17:18:46.754412,2026-03-16T19:51:46.754412,True,13:00,14:00,,"[""Dependance fournisseur externe""]",TECHNICIEN,"[{""statut"": ""ASSIGNE"", ""timestamp"": ""2026-03-16T16:32:46.754412""}, {""statut"": ""EN_ROUTE"", ""timestamp"": ""2026-03-16T16:35:46.754412""}, {""statut"": ""SUR_SITE"", ""timestamp"": ""2026-03-16T17:13:46.754412""}, {""statut"": ""EN_COURS"", ""timestamp"": ""2026-03-16T17:18:46.754412""}, {""statut"": ""PAUSE"", ""timestamp"": ""2026-03-16T19:18:46.754412""}, {""statut"": ""EN_COURS"", ""timestamp"": ""2026-03-16T20:18:46.754412""}, {""statut"": ""COMPLETE"", ""timestamp"": ""2026-03-16T19:51:46.754412""}]"
97,TKT-00097,113,INC-202601-0113,4,Amina CHRAIBI,TECH-004,8,Oujda,MINEUR,FERME,2026-01-21T08:34:32.754412,2026-01-21T08:46:32.754412,2026-01-21T08:39:32.754412,34,7.21,2.7,COMPLETE,2026-01-21T09:02:32.754412,2026-01-21T09:08:32.754412,2026-01-21T09:42:32.754412,False,,,,"[""Dependance fournisseur externe"", ""Necessite coupure reseau planifiee""]",ADMIN,"[{""statut"": ""ASSIGNE"", ""timestamp"": ""2026-01-21T08:34:32.754412""}, {""statut"": ""EN_ROUTE"", ""timestamp"": ""2026-01-21T08:46:32.754412""}, {""statut"": ""SUR_SITE"", ""timestamp"": ""2026-01-21T09:02:32.754412""}, {""statut"": ""EN_COURS"", ""timestamp"": ""2026-01-21T09:08:32.754412""}, {""statut"": ""COMPLETE"", ""timestamp"": ""2026-01-21T09:42:32.754412""}]"
98,TKT-00098,114,INC-202602-0114,16,Houda KETTANI,TECH-016,5,Tanger,MINEUR,RESOLU,2026-02-17T00:40:34.754412,2026-02-17T00:51:34.754412,2026-02-17T01:59:34.754412,101,2.83,4.8,COMPLETE,2026-02-17T01:31:34.754412,2026-02-17T01:45:34.754412,2026-02-17T03:26:34.754412,False,,,,"[""Coordination avec equipe reseau requise""]",TECHNICIEN,"[{""statut"": ""ASSIGNE"", ""timestamp"": ""2026-02-17T00:40:34.754412""}, {""statut"": ""EN_ROUTE"", ""timestamp"": ""2026-02-17T00:51:34.754412""}, {""statut"": ""SUR_SITE"", ""timestamp"": ""2026-02-17T01:31:34.754412""}, {""statut"": ""EN_COURS"", ""timestamp"": ""2026-02-17T01:45:34.754412""}, {""statut"": ""COMPLETE"", ""timestamp"": ""2026-02-17T03:26:34.754412""}]"
99,TKT-00099,115,INC-202604-0115,11,Mehdi MOUSSAOUI,TECH-011,1,Grand Casablanca,MAJEUR,RESOLU,2026-04-19T14:00:18.754412,2026-04-19T14:13:18.754412,2026-04-19T16:31:18.754412,159,24.35,2.8,COMPLETE,2026-04-19T14:51:18.754412,2026-04-19T14:58:18.754412,2026-04-19T17:37:18.754412,True,13:00,14:00,,[],ADMIN,"[{""statut"": ""ASSIGNE"", ""timestamp"": ""2026-04-19T14:00:18.754412""}, {""statut"": ""EN_ROUTE"", ""timestamp"": ""2026-04-19T14:13:18.754412""}, {""statut"": ""SUR_SITE"", ""timestamp"": ""2026-04-19T14:51:18.754412""}, {""statut"": ""EN_COURS"", ""timestamp"": ""2026-04-19T14:58:18.754412""}, {""statut"": ""PAUSE"", ""timestamp"": ""2026-04-19T16:58:18.754412""}, {""statut"": ""EN_COURS"", ""timestamp"": ""2026-04-19T17:58:18.754412""}, {""statut"": ""COMPLETE"", ""timestamp"": ""2026-04-19T17:37:18.754412""}]"
100,TKT-00100,116,INC-202603-0116,8,Nadia FILALI,TECH-008,6,Agadir,MAJEUR,RESOLU,2026-03-09T06:24:35.754412,2026-03-09T06:31:35.754412,2026-03-09T07:34:35.754412,96,27.37,4.8,COMPLETE,2026-03-09T06:53:35.754412,2026-03-09T07:08:35.754412,2026-03-09T08:44:35.754412,False,,,,"[""Coordination avec equipe reseau requise"", ""Intervention nocturne requise""]",TECHNICIEN,"[{""statut"": ""ASSIGNE"", ""timestamp"": ""2026-03-09T06:24:35.754412""}, {""statut"": ""EN_ROUTE"", ""timestamp"": ""2026-03-09T06:31:35.754412""}, {""statut"": ""SUR_SITE"", ""timestamp"": ""2026-03-09T06:53:35.754412""}, {""statut"": ""EN_COURS"", ""timestamp"": ""2026-03-09T07:08:35.754412""}, {""statut"": ""COMPLETE"", ""timestamp"": ""2026-03-09T08:44:35.754412""}]"
101,TKT-00101,117,INC-202603-0117,11,Mehdi MOUSSAOUI,TECH-011,1,Grand Casablanca,MINEUR,FERME,2026-03-01T15:46:21.754412,2026-03-01T15:55:21.754412,2026-03-01T16:21:21.754412,52,14.02,4.7,COMPLETE,2026-03-01T16:30:21.754412,2026-03-01T16:43:21.754412,2026-03-01T17:35:21.754412,False,,,,"[""Necessite coupure reseau planifiee""]",ADMIN,"[{""statut"": ""ASSIGNE"", ""timestamp"": ""2026-03-01T15:46:21.754412""}, {""statut"": ""EN_ROUTE"", ""timestamp"": ""2026-03-01T15:55:21.754412""}, {""statut"": ""SUR_SITE"", ""timestamp"": ""2026-03-01T16:30:21.754412""}, {""statut"": ""EN_COURS"", ""timestamp"": ""2026-03-01T16:43:21.754412""}, {""statut"": ""COMPLETE"", ""timestamp"": ""2026-03-01T17:35:21.754412""}]"
102,TKT-00102,118,INC-202605-0118,2,Fatima ELHASSANI,TECH-002,3,Marrakech,MINEUR,RESOLU,2026-05-10T06:22:59.754412,2026-05-10T06:25:59.754412,2026-05-10T08:31:59.754412,147,17.1,2.8,COMPLETE,2026-05-10T06:44:59.754412,2026-05-10T06:58:59.754412,2026-05-10T09:25:59.754412,True,13:00,14:00,,[],ADMIN,"[{""statut"": ""ASSIGNE"", ""timestamp"": ""2026-05-10T06:22:59.754412""}, {""statut"": ""EN_ROUTE"", ""timestamp"": ""2026-05-10T06:25:59.754412""}, {""statut"": ""SUR_SITE"", ""timestamp"": ""2026-05-10T06:44:59.754412""}, {""statut"": ""EN_COURS"", ""timestamp"": ""2026-05-10T06:58:59.754412""}, {""statut"": ""PAUSE"", ""timestamp"": ""2026-05-10T08:58:59.754412""}, {""statut"": ""EN_COURS"", ""timestamp"": ""2026-05-10T09:58:59.754412""}, {""statut"": ""COMPLETE"", ""timestamp"": ""2026-05-10T09:25:59.754412""}]"
103,TKT-00103,119,INC-202604-0119,24,Ghita BENMOUSSA,TECH-024,7,Meknès,MINEUR,FERME,2026-04-20T15:48:58.754412,2026-04-20T15:53:58.754412,2026-04-20T15:58:58.754412,28,1.61,3.2,COMPLETE,2026-04-20T16:27:58.754412,2026-04-20T16:42:58.754412,2026-04-20T17:10:58.754412,False,,,,"[""Necessite coupure reseau planifiee"", ""Dependance fournisseur externe""]",TECHNICIEN,"[{""statut"": ""ASSIGNE"", ""timestamp"": ""2026-04-20T15:48:58.754412""}, {""statut"": ""EN_ROUTE"", ""timestamp"": ""2026-04-20T15:53:58.754412""}, {""statut"": ""SUR_SITE"", ""timestamp"": ""2026-04-20T16:27:58.754412""}, {""statut"": ""EN_COURS"", ""timestamp"": ""2026-04-20T16:42:58.754412""}, {""statut"": ""COMPLETE"", ""timestamp"": ""2026-04-20T17:10:58.754412""}]"
104,TKT-00104,120,INC-202605-0120,24,Ghita BENMOUSSA,TECH-024,7,Meknès,MAJEUR,RESOLU,2026-05-18T04:33:09.754412,2026-05-18T04:40:09.754412,2026-05-18T05:52:09.754412,85,26.96,2.6,COMPLETE,2026-05-18T05:11:09.754412,2026-05-18T05:19:09.754412,2026-05-18T06:44:09.754412,False,,,,"[""Dependance fournisseur externe"", ""Coordination avec equipe reseau requise""]",ADMIN,"[{""statut"": ""ASSIGNE"", ""timestamp"": ""2026-05-18T04:33:09.754412""}, {""statut"": ""EN_ROUTE"", ""timestamp"": ""2026-05-18T04:40:09.754412""}, {""statut"": ""SUR_SITE"", ""timestamp"": ""2026-05-18T05:11:09.754412""}, {""statut"": ""EN_COURS"", ""timestamp"": ""2026-05-18T05:19:09.754412""}, {""statut"": ""COMPLETE"", ""timestamp"": ""2026-05-18T06:44:09.754412""}]"
105,TKT-00105,121,INC-202603-0121,16,Houda KETTANI,TECH-016,5,Tanger,MINEUR,RESOLU,2026-03-12T16:00:29.754412,2026-03-12T16:14:29.754412,2026-03-12T16:45:29.754412,58,4.46,4.9,COMPLETE,2026-03-12T16:55:29.754412,2026-03-12T17:10:29.754412,2026-03-12T18:08:29.754412,False,,,,[],ADMIN,"[{""statut"": ""ASSIGNE"", ""timestamp"": ""2026-03-12T16:00:29.754412""}, {""statut"": ""EN_ROUTE"", ""timestamp"": ""2026-03-12T16:14:29.754412""}, {""statut"": ""SUR_SITE"", ""timestamp"": ""2026-03-12T16:55:29.754412""}, {""statut"": ""EN_COURS"", ""timestamp"": ""2026-03-12T17:10:29.754412""}, {""statut"": ""COMPLETE"", ""timestamp"": ""2026-03-12T18:08:29.754412""}]"
106,TKT-00106,122,INC-202601-0122,11,Mehdi MOUSSAOUI,TECH-011,1,Grand Casablanca,CRITIQUE,RESOLU,2026-01-18T20:18:18.754412,2026-01-18T20:30:18.754412,2026-01-19T05:49:18.754412,584,13.53,4.8,COMPLETE,2026-01-18T21:06:18.754412,2026-01-18T21:20:18.754412,2026-01-19T07:04:18.754412,True,13:00,14:00,,[],ADMIN,"[{""statut"": ""ASSIGNE"", ""timestamp"": ""2026-01-18T20:18:18.754412""}, {""statut"": ""EN_ROUTE"", ""timestamp"": ""2026-01-18T20:30:18.754412""}, {""statut"": ""SUR_SITE"", ""timestamp"": ""2026-01-18T21:06:18.754412""}, {""statut"": ""EN_COURS"", ""timestamp"": ""2026-01-18T21:20:18.754412""}, {""statut"": ""PAUSE"", ""timestamp"": ""2026-01-18T23:20:18.754412""}, {""statut"": ""EN_COURS"", ""timestamp"": ""2026-01-19T00:20:18.754412""}, {""statut"": ""COMPLETE"", ""timestamp"": ""2026-01-19T07:04:18.754412""}]"
107,TKT-00107,123,INC-202603-0123,20,Meriem BOUAYAD,TECH-020,4,Fès,CRITIQUE,RESOLU,2026-03-25T00:18:25.754412,2026-03-25T00:27:25.754412,2026-03-25T04:57:25.754412,308,9.68,3.8,COMPLETE,2026-03-25T01:00:25.754412,2026-03-25T01:05:25.754412,2026-03-25T06:13:25.754412,True,13:00,14:00,,[],TECHNICIEN,"[{""statut"": ""ASSIGNE"", ""timestamp"": ""2026-03-25T00:18:25.754412""}, {""statut"": ""EN_ROUTE"", ""timestamp"": ""2026-03-25T00:27:25.754412""}, {""statut"": ""SUR_SITE"", ""timestamp"": ""2026-03-25T01:00:25.754412""}, {""statut"": ""EN_COURS"", ""timestamp"": ""2026-03-25T01:05:25.754412""}, {""statut"": ""PAUSE"", ""timestamp"": ""2026-03-25T03:05:25.754412""}, {""statut"": ""EN_COURS"", ""timestamp"": ""2026-03-25T04:05:25.754412""}, {""statut"": ""COMPLETE"", ""timestamp"": ""2026-03-25T06:13:25.754412""}]"
108,TKT-00108,124,INC-202512-0124,25,Ilyas IDRISSI,TECH-025,10,Tétouan,MINEUR,RESOLU,2025-12-20T14:59:39.754412,2025-12-20T15:00:39.754412,2025-12-20T15:14:39.754412,38,7.86,3.6,COMPLETE,2025-12-20T15:21:39.754412,2025-12-20T15:29:39.754412,2025-12-20T16:07:39.754412,False,,,,[],ADMIN,"[{""statut"": ""ASSIGNE"", ""timestamp"": ""2025-12-20T14:59:39.754412""}, {""statut"": ""EN_ROUTE"", ""timestamp"": ""2025-12-20T15:00:39.754412""}, {""statut"": ""SUR_SITE"", ""timestamp"": ""2025-12-20T15:21:39.754412""}, {""statut"": ""EN_COURS"", ""timestamp"": ""2025-12-20T15:29:39.754412""}, {""statut"": ""COMPLETE"", ""timestamp"": ""2025-12-20T16:07:39.754412""}]"
109,TKT-00109,125,INC-202604-0125,19,Omar FASSI,TECH-019,2,Rabat-Salé,CRITIQUE,FERME,2026-04-22T11:10:35.754412,2026-04-22T11:15:35.754412,2026-04-22T19:04:35.754412,485,1.4,3.4,COMPLETE,2026-04-22T11:48:35.754412,2026-04-22T12:00:35.754412,2026-04-22T20:05:35.754412,True,13:00,14:00,,"[""Acces difficile (hauteur / espace confine)"", ""Zone a acces restreint""]",ADMIN,"[{""statut"": ""ASSIGNE"", ""timestamp"": ""2026-04-22T11:10:35.754412""}, {""statut"": ""EN_ROUTE"", ""timestamp"": ""2026-04-22T11:15:35.754412""}, {""statut"": ""SUR_SITE"", ""timestamp"": ""2026-04-22T11:48:35.754412""}, {""statut"": ""EN_COURS"", ""timestamp"": ""2026-04-22T12:00:35.754412""}, {""statut"": ""PAUSE"", ""timestamp"": ""2026-04-22T14:00:35.754412""}, {""statut"": ""EN_COURS"", ""timestamp"": ""2026-04-22T15:00:35.754412""}, {""statut"": ""COMPLETE"", ""timestamp"": ""2026-04-22T20:05:35.754412""}]"
110,TKT-00110,126,INC-202605-0126,13,Rachid SQALLI,TECH-013,4,Fès,CRITIQUE,FERME,2026-05-12T18:11:26.754412,2026-05-12T18:21:26.754412,2026-05-13T02:45:26.754412,534,25.21,3.1,COMPLETE,2026-05-12T19:06:26.754412,2026-05-12T19:16:26.754412,2026-05-13T04:10:26.754412,True,13:00,14:00,,[],TECHNICIEN,"[{""statut"": ""ASSIGNE"", ""timestamp"": ""2026-05-12T18:11:26.754412""}, {""statut"": ""EN_ROUTE"", ""timestamp"": ""2026-05-12T18:21:26.754412""}, {""statut"": ""SUR_SITE"", ""timestamp"": ""2026-05-12T19:06:26.754412""}, {""statut"": ""EN_COURS"", ""timestamp"": ""2026-05-12T19:16:26.754412""}, {""statut"": ""PAUSE"", ""timestamp"": ""2026-05-12T21:16:26.754412""}, {""statut"": ""EN_COURS"", ""timestamp"": ""2026-05-12T22:16:26.754412""}, {""statut"": ""COMPLETE"", ""timestamp"": ""2026-05-13T04:10:26.754412""}]"
111,TKT-00111,127,INC-202604-0127,18,Loubna NACIRI,TECH-018,4,Fès,MINEUR,RESOLU,2026-04-07T14:24:57.754412,2026-04-07T14:31:57.754412,2026-04-07T14:58:57.754412,39,19.6,4.2,COMPLETE,2026-04-07T14:44:57.754412,2026-04-07T14:51:57.754412,2026-04-07T15:30:57.754412,False,,,,[],ADMIN,"[{""statut"": ""ASSIGNE"", ""timestamp"": ""2026-04-07T14:24:57.754412""}, {""statut"": ""EN_ROUTE"", ""timestamp"": ""2026-04-07T14:31:57.754412""}, {""statut"": ""SUR_SITE"", ""timestamp"": ""2026-04-07T14:44:57.754412""}, {""statut"": ""EN_COURS"", ""timestamp"": ""2026-04-07T14:51:57.754412""}, {""statut"": ""COMPLETE"", ""timestamp"": ""2026-04-07T15:30:57.754412""}]"
112,TKT-00112,128,INC-202602-0128,23,Adil REGRAGUI,TECH-023,9,Kenitra,MINEUR,RESOLU,2026-02-08T18:43:22.754412,2026-02-08T18:44:22.754412,2026-02-08T19:38:22.754412,76,24.13,3.1,COMPLETE,2026-02-08T18:54:22.754412,2026-02-08T19:06:22.754412,2026-02-08T20:22:22.754412,False,,,,"[""Manque d outillage specifique"", ""Necessite coupure reseau planifiee""]",ADMIN,"[{""statut"": ""ASSIGNE"", ""timestamp"": ""2026-02-08T18:43:22.754412""}, {""statut"": ""EN_ROUTE"", ""timestamp"": ""2026-02-08T18:44:22.754412""}, {""statut"": ""SUR_SITE"", ""timestamp"": ""2026-02-08T18:54:22.754412""}, {""statut"": ""EN_COURS"", ""timestamp"": ""2026-02-08T19:06:22.754412""}, {""statut"": ""COMPLETE"", ""timestamp"": ""2026-02-08T20:22:22.754412""}]"
113,TKT-00113,129,INC-202512-0129,14,Salma BENOMAR,TECH-014,6,Agadir,MINEUR,FERME,2025-12-28T22:27:17.754412,2025-12-28T22:42:17.754412,2025-12-28T23:34:17.754412,85,14.27,4.2,COMPLETE,2025-12-28T23:16:17.754412,2025-12-28T23:26:17.754412,2025-12-29T00:51:17.754412,False,,,,"[""Manque d outillage specifique""]",ADMIN,"[{""statut"": ""ASSIGNE"", ""timestamp"": ""2025-12-28T22:27:17.754412""}, {""statut"": ""EN_ROUTE"", ""timestamp"": ""2025-12-28T22:42:17.754412""}, {""statut"": ""SUR_SITE"", ""timestamp"": ""2025-12-28T23:16:17.754412""}, {""statut"": ""EN_COURS"", ""timestamp"": ""2025-12-28T23:26:17.754412""}, {""statut"": ""COMPLETE"", ""timestamp"": ""2025-12-29T00:51:17.754412""}]"
114,TKT-00114,130,INC-202603-0130,15,Bilal MRANI,TECH-015,9,Kenitra,CRITIQUE,FERME,2026-03-14T11:25:55.754412,2026-03-14T11:34:55.754412,2026-03-14T14:38:55.754412,198,3.69,2.7,COMPLETE,2026-03-14T12:07:55.754412,2026-03-14T12:20:55.754412,2026-03-14T15:38:55.754412,True,13:00,14:00,,"[""Zone a acces restreint""]",ADMIN,"[{""statut"": ""ASSIGNE"", ""timestamp"": ""2026-03-14T11:25:55.754412""}, {""statut"": ""EN_ROUTE"", ""timestamp"": ""2026-03-14T11:34:55.754412""}, {""statut"": ""SUR_SITE"", ""timestamp"": ""2026-03-14T12:07:55.754412""}, {""statut"": ""EN_COURS"", ""timestamp"": ""2026-03-14T12:20:55.754412""}, {""statut"": ""PAUSE"", ""timestamp"": ""2026-03-14T14:20:55.754412""}, {""statut"": ""EN_COURS"", ""timestamp"": ""2026-03-14T15:20:55.754412""}, {""statut"": ""COMPLETE"", ""timestamp"": ""2026-03-14T15:38:55.754412""}]"
115,TKT-00115,131,INC-202604-0131,25,Ilyas IDRISSI,TECH-025,10,Tétouan,MINEUR,EN_COURS,2026-04-20T14:47:42.754412,2026-04-20T15:01:42.754412,,,27.04,,EN_COURS,2026-04-20T15:28:42.754412,2026-04-20T15:37:42.754412,,True,13:00,14:00,,[],ADMIN,"[{""statut"": ""ASSIGNE"", ""timestamp"": ""2026-04-20T14:47:42.754412""}, {""statut"": ""EN_ROUTE"", ""timestamp"": ""2026-04-20T15:01:42.754412""}, {""statut"": ""SUR_SITE"", ""timestamp"": ""2026-04-20T15:28:42.754412""}, {""statut"": ""EN_COURS"", ""timestamp"": ""2026-04-20T15:37:42.754412""}, {""statut"": ""PAUSE"", ""timestamp"": ""2026-04-20T17:37:42.754412""}, {""statut"": ""EN_COURS"", ""timestamp"": ""2026-04-20T18:37:42.754412""}]"
116,TKT-00116,132,INC-202603-0132,16,Houda KETTANI,TECH-016,5,Tanger,MINEUR,FERME,2026-03-14T15:29:24.754412,2026-03-14T15:32:24.754412,2026-03-14T15:59:24.754412,56,27.25,3.5,COMPLETE,2026-03-14T15:43:24.754412,2026-03-14T15:58:24.754412,2026-03-14T16:54:24.754412,False,,,,"[""Coordination avec equipe reseau requise""]",TECHNICIEN,"[{""statut"": ""ASSIGNE"", ""timestamp"": ""2026-03-14T15:29:24.754412""}, {""statut"": ""EN_ROUTE"", ""timestamp"": ""2026-03-14T15:32:24.754412""}, {""statut"": ""SUR_SITE"", ""timestamp"": ""2026-03-14T15:43:24.754412""}, {""statut"": ""EN_COURS"", ""timestamp"": ""2026-03-14T15:58:24.754412""}, {""statut"": ""COMPLETE"", ""timestamp"": ""2026-03-14T16:54:24.754412""}]"
117,TKT-00117,133,INC-202604-0133,17,Ayoub BELKADI,TECH-017,7,Meknès,MAJEUR,EN_COURS,2026-04-06T04:38:53.754412,2026-04-06T04:50:53.754412,,,9.36,,PAUSE,2026-04-06T05:14:53.754412,2026-04-06T05:29:53.754412,,True,13:00,14:00,,"[""Necessite coupure reseau planifiee""]",TECHNICIEN,"[{""statut"": ""ASSIGNE"", ""timestamp"": ""2026-04-06T04:38:53.754412""}, {""statut"": ""EN_ROUTE"", ""timestamp"": ""2026-04-06T04:50:53.754412""}, {""statut"": ""SUR_SITE"", ""timestamp"": ""2026-04-06T05:14:53.754412""}, {""statut"": ""EN_COURS"", ""timestamp"": ""2026-04-06T05:29:53.754412""}, {""statut"": ""PAUSE"", ""timestamp"": ""2026-04-06T07:29:53.754412""}, {""statut"": ""EN_COURS"", ""timestamp"": ""2026-04-06T08:29:53.754412""}]"
118,TKT-00118,135,INC-202601-0135,4,Amina CHRAIBI,TECH-004,8,Oujda,MAJEUR,FERME,2026-01-05T14:57:04.754412,2026-01-05T14:59:04.754412,2026-01-05T18:14:04.754412,211,23.01,3.0,COMPLETE,2026-01-05T15:39:04.754412,2026-01-05T15:46:04.754412,2026-01-05T19:17:04.754412,True,13:00,14:00,,"[""Intervention nocturne requise"", ""Necessite coupure reseau planifiee""]",ADMIN,"[{""statut"": ""ASSIGNE"", ""timestamp"": ""2026-01-05T14:57:04.754412""}, {""statut"": ""EN_ROUTE"", ""timestamp"": ""2026-01-05T14:59:04.754412""}, {""statut"": ""SUR_SITE"", ""timestamp"": ""2026-01-05T15:39:04.754412""}, {""statut"": ""EN_COURS"", ""timestamp"": ""2026-01-05T15:46:04.754412""}, {""statut"": ""PAUSE"", ""timestamp"": ""2026-01-05T17:46:04.754412""}, {""statut"": ""EN_COURS"", ""timestamp"": ""2026-01-05T18:46:04.754412""}, {""statut"": ""COMPLETE"", ""timestamp"": ""2026-01-05T19:17:04.754412""}]"
119,TKT-00119,136,INC-202604-0136,22,Kawtar CHERKAOUI,TECH-022,3,Marrakech,MINEUR,EN_COURS,2026-04-04T03:13:06.754412,2026-04-04T03:17:06.754412,,,17.77,,EN_COURS,2026-04-04T03:49:06.754412,2026-04-04T03:57:06.754412,,False,,,,"[""Coordination avec equipe reseau requise""]",ADMIN,"[{""statut"": ""ASSIGNE"", ""timestamp"": ""2026-04-04T03:13:06.754412""}, {""statut"": ""EN_ROUTE"", ""timestamp"": ""2026-04-04T03:17:06.754412""}, {""statut"": ""SUR_SITE"", ""timestamp"": ""2026-04-04T03:49:06.754412""}, {""statut"": ""EN_COURS"", ""timestamp"": ""2026-04-04T03:57:06.754412""}]"
120,TKT-00120,137,INC-202603-0137,15,Bilal MRANI,TECH-015,9,Kenitra,MINEUR,RESOLU,2026-03-23T07:48:05.754412,2026-03-23T07:49:05.754412,2026-03-23T07:53:05.754412,25,11.76,3.2,COMPLETE,2026-03-23T08:03:05.754412,2026-03-23T08:15:05.754412,2026-03-23T08:40:05.754412,False,,,,"[""Acces difficile (hauteur / espace confine)"", ""Zone a acces restreint""]",TECHNICIEN,"[{""statut"": ""ASSIGNE"", ""timestamp"": ""2026-03-23T07:48:05.754412""}, {""statut"": ""EN_ROUTE"", ""timestamp"": ""2026-03-23T07:49:05.754412""}, {""statut"": ""SUR_SITE"", ""timestamp"": ""2026-03-23T08:03:05.754412""}, {""statut"": ""EN_COURS"", ""timestamp"": ""2026-03-23T08:15:05.754412""}, {""statut"": ""COMPLETE"", ""timestamp"": ""2026-03-23T08:40:05.754412""}]"
121,TKT-00121,139,INC-202605-0139,24,Ghita BENMOUSSA,TECH-024,7,Meknès,MAJEUR,FERME,2026-05-01T19:15:20.754412,2026-05-01T19:19:20.754412,2026-05-01T21:37:20.754412,151,9.83,4.3,COMPLETE,2026-05-01T19:50:20.754412,2026-05-01T20:01:20.754412,2026-05-01T22:32:20.754412,True,13:00,14:00,,[],TECHNICIEN,"[{""statut"": ""ASSIGNE"", ""timestamp"": ""2026-05-01T19:15:20.754412""}, {""statut"": ""EN_ROUTE"", ""timestamp"": ""2026-05-01T19:19:20.754412""}, {""statut"": ""SUR_SITE"", ""timestamp"": ""2026-05-01T19:50:20.754412""}, {""statut"": ""EN_COURS"", ""timestamp"": ""2026-05-01T20:01:20.754412""}, {""statut"": ""PAUSE"", ""timestamp"": ""2026-05-01T22:01:20.754412""}, {""statut"": ""EN_COURS"", ""timestamp"": ""2026-05-01T23:01:20.754412""}, {""statut"": ""COMPLETE"", ""timestamp"": ""2026-05-01T22:32:20.754412""}]"
122,TKT-00122,140,INC-202604-0140,9,Karim BENSOUDA,TECH-009,10,Tétouan,CRITIQUE,RESOLU,2026-04-04T15:51:50.754412,2026-04-04T16:02:50.754412,2026-04-04T22:15:50.754412,399,13.84,3.0,COMPLETE,2026-04-04T16:23:50.754412,2026-04-04T16:33:50.754412,2026-04-04T23:12:50.754412,True,13:00,14:00,,[],TECHNICIEN,"[{""statut"": ""ASSIGNE"", ""timestamp"": ""2026-04-04T15:51:50.754412""}, {""statut"": ""EN_ROUTE"", ""timestamp"": ""2026-04-04T16:02:50.754412""}, {""statut"": ""SUR_SITE"", ""timestamp"": ""2026-04-04T16:23:50.754412""}, {""statut"": ""EN_COURS"", ""timestamp"": ""2026-04-04T16:33:50.754412""}, {""statut"": ""PAUSE"", ""timestamp"": ""2026-04-04T18:33:50.754412""}, {""statut"": ""EN_COURS"", ""timestamp"": ""2026-04-04T19:33:50.754412""}, {""statut"": ""COMPLETE"", ""timestamp"": ""2026-04-04T23:12:50.754412""}]"
123,TKT-00123,141,INC-202605-0141,2,Fatima ELHASSANI,TECH-002,3,Marrakech,MAJEUR,FERME,2026-05-09T03:16:10.754412,2026-05-09T03:29:10.754412,2026-05-09T05:24:10.754412,148,13.16,3.7,COMPLETE,2026-05-09T03:44:10.754412,2026-05-09T03:51:10.754412,2026-05-09T06:19:10.754412,True,13:00,14:00,,"[""Dependance fournisseur externe"", ""Intervention nocturne requise""]",TECHNICIEN,"[{""statut"": ""ASSIGNE"", ""timestamp"": ""2026-05-09T03:16:10.754412""}, {""statut"": ""EN_ROUTE"", ""timestamp"": ""2026-05-09T03:29:10.754412""}, {""statut"": ""SUR_SITE"", ""timestamp"": ""2026-05-09T03:44:10.754412""}, {""statut"": ""EN_COURS"", ""timestamp"": ""2026-05-09T03:51:10.754412""}, {""statut"": ""PAUSE"", ""timestamp"": ""2026-05-09T05:51:10.754412""}, {""statut"": ""EN_COURS"", ""timestamp"": ""2026-05-09T06:51:10.754412""}, {""statut"": ""COMPLETE"", ""timestamp"": ""2026-05-09T06:19:10.754412""}]"
124,TKT-00124,143,INC-202603-0143,3,Mohammed OUALI,TECH-003,2,Rabat-Salé,MINEUR,FERME,2026-03-04T01:38:30.754412,2026-03-04T01:42:30.754412,2026-03-04T02:42:30.754412,86,20.46,4.1,COMPLETE,2026-03-04T02:15:30.754412,2026-03-04T02:20:30.754412,2026-03-04T03:46:30.754412,False,,,,"[""Manque d outillage specifique"", ""Acces difficile (hauteur / espace confine)""]",TECHNICIEN,"[{""statut"": ""ASSIGNE"", ""timestamp"": ""2026-03-04T01:38:30.754412""}, {""statut"": ""EN_ROUTE"", ""timestamp"": ""2026-03-04T01:42:30.754412""}, {""statut"": ""SUR_SITE"", ""timestamp"": ""2026-03-04T02:15:30.754412""}, {""statut"": ""EN_COURS"", ""timestamp"": ""2026-03-04T02:20:30.754412""}, {""statut"": ""COMPLETE"", ""timestamp"": ""2026-03-04T03:46:30.754412""}]"
125,TKT-00125,144,INC-202604-0144,10,Sara LAHLOU,TECH-010,5,Tanger,MINEUR,EN_COURS,2026-04-22T09:04:53.754412,2026-04-22T09:19:53.754412,,,2.43,,SUR_SITE,2026-04-22T09:51:53.754412,2026-04-22T10:00:53.754412,,True,13:00,14:00,,"[""Coordination avec equipe reseau requise"", ""Manque d outillage specifique""]",TECHNICIEN,"[{""statut"": ""ASSIGNE"", ""timestamp"": ""2026-04-22T09:04:53.754412""}, {""statut"": ""EN_ROUTE"", ""timestamp"": ""2026-04-22T09:19:53.754412""}, {""statut"": ""SUR_SITE"", ""timestamp"": ""2026-04-22T09:51:53.754412""}, {""statut"": ""EN_COURS"", ""timestamp"": ""2026-04-22T10:00:53.754412""}, {""statut"": ""PAUSE"", ""timestamp"": ""2026-04-22T12:00:53.754412""}, {""statut"": ""EN_COURS"", ""timestamp"": ""2026-04-22T13:00:53.754412""}]"
126,TKT-00126,145,INC-202512-0145,23,Adil REGRAGUI,TECH-023,9,Kenitra,MINEUR,FERME,2025-12-29T06:27:55.754412,2025-12-29T06:35:55.754412,2025-12-29T07:20:55.754412,67,29.87,3.4,COMPLETE,2025-12-29T07:18:55.754412,2025-12-29T07:32:55.754412,2025-12-29T08:39:55.754412,False,,,,"[""Zone a acces restreint""]",ADMIN,"[{""statut"": ""ASSIGNE"", ""timestamp"": ""2025-12-29T06:27:55.754412""}, {""statut"": ""EN_ROUTE"", ""timestamp"": ""2025-12-29T06:35:55.754412""}, {""statut"": ""SUR_SITE"", ""timestamp"": ""2025-12-29T07:18:55.754412""}, {""statut"": ""EN_COURS"", ""timestamp"": ""2025-12-29T07:32:55.754412""}, {""statut"": ""COMPLETE"", ""timestamp"": ""2025-12-29T08:39:55.754412""}]"
127,TKT-00127,146,INC-202603-0146,4,Amina CHRAIBI,TECH-004,8,Oujda,MAJEUR,EN_COURS,2026-03-04T11:13:15.754412,2026-03-04T11:17:15.754412,,,21.95,,EN_ROUTE,2026-03-04T11:37:15.754412,2026-03-04T11:48:15.754412,,False,,,,[],TECHNICIEN,"[{""statut"": ""ASSIGNE"", ""timestamp"": ""2026-03-04T11:13:15.754412""}, {""statut"": ""EN_ROUTE"", ""timestamp"": ""2026-03-04T11:17:15.754412""}, {""statut"": ""SUR_SITE"", ""timestamp"": ""2026-03-04T11:37:15.754412""}, {""statut"": ""EN_COURS"", ""timestamp"": ""2026-03-04T11:48:15.754412""}]"
128,TKT-00128,147,INC-202512-0147,11,Mehdi MOUSSAOUI,TECH-011,1,Grand Casablanca,MAJEUR,RESOLU,2025-12-31T05:49:18.754412,2025-12-31T05:50:18.754412,2025-12-31T06:30:18.754412,69,19.69,2.6,COMPLETE,2025-12-31T06:32:18.754412,2025-12-31T06:39:18.754412,2025-12-31T07:48:18.754412,False,,,,"[""Zone a acces restreint""]",ADMIN,"[{""statut"": ""ASSIGNE"", ""timestamp"": ""2025-12-31T05:49:18.754412""}, {""statut"": ""EN_ROUTE"", ""timestamp"": ""2025-12-31T05:50:18.754412""}, {""statut"": ""SUR_SITE"", ""timestamp"": ""2025-12-31T06:32:18.754412""}, {""statut"": ""EN_COURS"", ""timestamp"": ""2025-12-31T06:39:18.754412""}, {""statut"": ""COMPLETE"", ""timestamp"": ""2025-12-31T07:48:18.754412""}]"
129,TKT-00129,148,INC-202605-0148,25,Ilyas IDRISSI,TECH-025,10,Tétouan,MAJEUR,RESOLU,2026-05-20T16:30:47.754412,2026-05-20T16:31:47.754412,2026-05-20T18:38:47.754412,152,1.92,2.8,COMPLETE,2026-05-20T16:44:47.754412,2026-05-20T16:59:47.754412,2026-05-20T19:31:47.754412,True,13:00,14:00,,"[""Intervention nocturne requise"", ""Acces difficile (hauteur / espace confine)""]",ADMIN,"[{""statut"": ""ASSIGNE"", ""timestamp"": ""2026-05-20T16:30:47.754412""}, {""statut"": ""EN_ROUTE"", ""timestamp"": ""2026-05-20T16:31:47.754412""}, {""statut"": ""SUR_SITE"", ""timestamp"": ""2026-05-20T16:44:47.754412""}, {""statut"": ""EN_COURS"", ""timestamp"": ""2026-05-20T16:59:47.754412""}, {""statut"": ""PAUSE"", ""timestamp"": ""2026-05-20T18:59:47.754412""}, {""statut"": ""EN_COURS"", ""timestamp"": ""2026-05-20T19:59:47.754412""}, {""statut"": ""COMPLETE"", ""timestamp"": ""2026-05-20T19:31:47.754412""}]"
130,TKT-00130,149,INC-202603-0149,24,Ghita BENMOUSSA,TECH-024,7,Meknès,MINEUR,RESOLU,2026-03-26T01:10:04.754412,2026-03-26T01:19:04.754412,2026-03-26T02:12:04.754412,70,21.01,4.1,COMPLETE,2026-03-26T01:45:04.754412,2026-03-26T01:57:04.754412,2026-03-26T03:07:04.754412,False,,,,[],ADMIN,"[{""statut"": ""ASSIGNE"", ""timestamp"": ""2026-03-26T01:10:04.754412""}, {""statut"": ""EN_ROUTE"", ""timestamp"": ""2026-03-26T01:19:04.754412""}, {""statut"": ""SUR_SITE"", ""timestamp"": ""2026-03-26T01:45:04.754412""}, {""statut"": ""EN_COURS"", ""timestamp"": ""2026-03-26T01:57:04.754412""}, {""statut"": ""COMPLETE"", ""timestamp"": ""2026-03-26T03:07:04.754412""}]"
131,TKT-00131,150,INC-202603-0150,11,Mehdi MOUSSAOUI,TECH-011,1,Grand Casablanca,MINEUR,RESOLU,2026-03-13T20:02:33.754412,2026-03-13T20:04:33.754412,2026-03-13T21:05:33.754412,89,27.01,3.8,COMPLETE,2026-03-13T20:47:33.754412,2026-03-13T20:56:33.754412,2026-03-13T22:25:33.754412,False,,,,"[""Intervention nocturne requise""]",TECHNICIEN,"[{""statut"": ""ASSIGNE"", ""timestamp"": ""2026-03-13T20:02:33.754412""}, {""statut"": ""EN_ROUTE"", ""timestamp"": ""2026-03-13T20:04:33.754412""}, {""statut"": ""SUR_SITE"", ""timestamp"": ""2026-03-13T20:47:33.754412""}, {""statut"": ""EN_COURS"", ""timestamp"": ""2026-03-13T20:56:33.754412""}, {""statut"": ""COMPLETE"", ""timestamp"": ""2026-03-13T22:25:33.754412""}]"
132,TKT-00132,151,INC-202512-0151,18,Loubna NACIRI,TECH-018,4,Fès,MAJEUR,RESOLU,2025-12-21T08:36:37.754412,2025-12-21T08:49:37.754412,2025-12-21T10:53:37.754412,145,25.03,4.9,COMPLETE,2025-12-21T09:05:37.754412,2025-12-21T09:17:37.754412,2025-12-21T11:42:37.754412,True,13:00,14:00,,"[""Manque d outillage specifique"", ""Coordination avec equipe reseau requise""]",ADMIN,"[{""statut"": ""ASSIGNE"", ""timestamp"": ""2025-12-21T08:36:37.754412""}, {""statut"": ""EN_ROUTE"", ""timestamp"": ""2025-12-21T08:49:37.754412""}, {""statut"": ""SUR_SITE"", ""timestamp"": ""2025-12-21T09:05:37.754412""}, {""statut"": ""EN_COURS"", ""timestamp"": ""2025-12-21T09:17:37.754412""}, {""statut"": ""PAUSE"", ""timestamp"": ""2025-12-21T11:17:37.754412""}, {""statut"": ""EN_COURS"", ""timestamp"": ""2025-12-21T12:17:37.754412""}, {""statut"": ""COMPLETE"", ""timestamp"": ""2025-12-21T11:42:37.754412""}]"
133,TKT-00133,152,INC-202601-0152,23,Adil REGRAGUI,TECH-023,9,Kenitra,MINEUR,FERME,2026-01-14T15:41:48.754412,2026-01-14T15:44:48.754412,2026-01-14T17:41:48.754412,134,20.8,3.7,COMPLETE,2026-01-14T15:56:48.754412,2026-01-14T16:09:48.754412,2026-01-14T18:23:48.754412,True,13:00,14:00,,[],TECHNICIEN,"[{""statut"": ""ASSIGNE"", ""timestamp"": ""2026-01-14T15:41:48.754412""}, {""statut"": ""EN_ROUTE"", ""timestamp"": ""2026-01-14T15:44:48.754412""}, {""statut"": ""SUR_SITE"", ""timestamp"": ""2026-01-14T15:56:48.754412""}, {""statut"": ""EN_COURS"", ""timestamp"": ""2026-01-14T16:09:48.754412""}, {""statut"": ""PAUSE"", ""timestamp"": ""2026-01-14T18:09:48.754412""}, {""statut"": ""EN_COURS"", ""timestamp"": ""2026-01-14T19:09:48.754412""}, {""statut"": ""COMPLETE"", ""timestamp"": ""2026-01-14T18:23:48.754412""}]"
134,TKT-00134,154,INC-202512-0154,4,Amina CHRAIBI,TECH-004,8,Oujda,MINEUR,EN_COURS,2025-12-05T11:00:38.754412,2025-12-05T11:11:38.754412,,,23.5,,PAUSE,2025-12-05T11:26:38.754412,2025-12-05T11:32:38.754412,,False,,,,[],TECHNICIEN,"[{""statut"": ""ASSIGNE"", ""timestamp"": ""2025-12-05T11:00:38.754412""}, {""statut"": ""EN_ROUTE"", ""timestamp"": ""2025-12-05T11:11:38.754412""}, {""statut"": ""SUR_SITE"", ""timestamp"": ""2025-12-05T11:26:38.754412""}, {""statut"": ""EN_COURS"", ""timestamp"": ""2025-12-05T11:32:38.754412""}]"
135,TKT-00135,155,INC-202605-0155,24,Ghita BENMOUSSA,TECH-024,7,Meknès,MAJEUR,FERME,2026-05-24T05:34:34.754412,2026-05-24T05:45:34.754412,2026-05-24T07:28:34.754412,127,1.98,4.5,COMPLETE,2026-05-24T06:09:34.754412,2026-05-24T06:21:34.754412,2026-05-24T08:28:34.754412,True,13:00,14:00,,"[""Dependance fournisseur externe""]",TECHNICIEN,"[{""statut"": ""ASSIGNE"", ""timestamp"": ""2026-05-24T05:34:34.754412""}, {""statut"": ""EN_ROUTE"", ""timestamp"": ""2026-05-24T05:45:34.754412""}, {""statut"": ""SUR_SITE"", ""timestamp"": ""2026-05-24T06:09:34.754412""}, {""statut"": ""EN_COURS"", ""timestamp"": ""2026-05-24T06:21:34.754412""}, {""statut"": ""PAUSE"", ""timestamp"": ""2026-05-24T08:21:34.754412""}, {""statut"": ""EN_COURS"", ""timestamp"": ""2026-05-24T09:21:34.754412""}, {""statut"": ""COMPLETE"", ""timestamp"": ""2026-05-24T08:28:34.754412""}]"
136,TKT-00136,156,INC-202602-0156,18,Loubna NACIRI,TECH-018,4,Fès,MINEUR,RESOLU,2026-02-12T22:28:34.754412,2026-02-12T22:41:34.754412,2026-02-12T22:37:34.754412,25,25.61,4.7,COMPLETE,2026-02-12T23:11:34.754412,2026-02-12T23:22:34.754412,2026-02-12T23:47:34.754412,False,,,,[],TECHNICIEN,"[{""statut"": ""ASSIGNE"", ""timestamp"": ""2026-02-12T22:28:34.754412""}, {""statut"": ""EN_ROUTE"", ""timestamp"": ""2026-02-12T22:41:34.754412""}, {""statut"": ""SUR_SITE"", ""timestamp"": ""2026-02-12T23:11:34.754412""}, {""statut"": ""EN_COURS"", ""timestamp"": ""2026-02-12T23:22:34.754412""}, {""statut"": ""COMPLETE"", ""timestamp"": ""2026-02-12T23:47:34.754412""}]"
137,TKT-00137,157,INC-202601-0157,13,Rachid SQALLI,TECH-013,4,Fès,CRITIQUE,FERME,2026-01-10T16:24:38.754412,2026-01-10T16:35:38.754412,2026-01-10T21:03:38.754412,305,8.42,4.3,COMPLETE,2026-01-10T16:55:38.754412,2026-01-10T17:05:38.754412,2026-01-10T22:10:38.754412,True,13:00,14:00,,"[""Necessite coupure reseau planifiee""]",ADMIN,"[{""statut"": ""ASSIGNE"", ""timestamp"": ""2026-01-10T16:24:38.754412""}, {""statut"": ""EN_ROUTE"", ""timestamp"": ""2026-01-10T16:35:38.754412""}, {""statut"": ""SUR_SITE"", ""timestamp"": ""2026-01-10T16:55:38.754412""}, {""statut"": ""EN_COURS"", ""timestamp"": ""2026-01-10T17:05:38.754412""}, {""statut"": ""PAUSE"", ""timestamp"": ""2026-01-10T19:05:38.754412""}, {""statut"": ""EN_COURS"", ""timestamp"": ""2026-01-10T20:05:38.754412""}, {""statut"": ""COMPLETE"", ""timestamp"": ""2026-01-10T22:10:38.754412""}]"
138,TKT-00138,159,INC-202604-0159,23,Adil REGRAGUI,TECH-023,9,Kenitra,MAJEUR,FERME,2026-04-03T21:30:02.754412,2026-04-03T21:32:02.754412,2026-04-03T22:35:02.754412,75,11.88,4.6,COMPLETE,2026-04-03T22:07:02.754412,2026-04-03T22:18:02.754412,2026-04-03T23:33:02.754412,False,,,,"[""Intervention nocturne requise""]",ADMIN,"[{""statut"": ""ASSIGNE"", ""timestamp"": ""2026-04-03T21:30:02.754412""}, {""statut"": ""EN_ROUTE"", ""timestamp"": ""2026-04-03T21:32:02.754412""}, {""statut"": ""SUR_SITE"", ""timestamp"": ""2026-04-03T22:07:02.754412""}, {""statut"": ""EN_COURS"", ""timestamp"": ""2026-04-03T22:18:02.754412""}, {""statut"": ""COMPLETE"", ""timestamp"": ""2026-04-03T23:33:02.754412""}]"
139,TKT-00139,160,INC-202605-0160,24,Ghita BENMOUSSA,TECH-024,7,Meknès,MAJEUR,RESOLU,2026-05-07T05:26:26.754412,2026-05-07T05:29:26.754412,2026-05-07T07:44:26.754412,146,14.74,3.9,COMPLETE,2026-05-07T05:42:26.754412,2026-05-07T05:49:26.754412,2026-05-07T08:15:26.754412,True,13:00,14:00,,"[""Necessite coupure reseau planifiee""]",ADMIN,"[{""statut"": ""ASSIGNE"", ""timestamp"": ""2026-05-07T05:26:26.754412""}, {""statut"": ""EN_ROUTE"", ""timestamp"": ""2026-05-07T05:29:26.754412""}, {""statut"": ""SUR_SITE"", ""timestamp"": ""2026-05-07T05:42:26.754412""}, {""statut"": ""EN_COURS"", ""timestamp"": ""2026-05-07T05:49:26.754412""}, {""statut"": ""PAUSE"", ""timestamp"": ""2026-05-07T07:49:26.754412""}, {""statut"": ""EN_COURS"", ""timestamp"": ""2026-05-07T08:49:26.754412""}, {""statut"": ""COMPLETE"", ""timestamp"": ""2026-05-07T08:15:26.754412""}]"
140,TKT-00140,161,INC-202601-0161,8,Nadia FILALI,TECH-008,6,Agadir,MINEUR,RESOLU,2026-01-11T12:53:41.754412,2026-01-11T13:00:41.754412,2026-01-11T13:54:41.754412,85,29.22,2.8,COMPLETE,2026-01-11T13:32:41.754412,2026-01-11T13:46:41.754412,2026-01-11T15:11:41.754412,False,,,,"[""Intervention nocturne requise"", ""Zone a acces restreint""]",ADMIN,"[{""statut"": ""ASSIGNE"", ""timestamp"": ""2026-01-11T12:53:41.754412""}, {""statut"": ""EN_ROUTE"", ""timestamp"": ""2026-01-11T13:00:41.754412""}, {""statut"": ""SUR_SITE"", ""timestamp"": ""2026-01-11T13:32:41.754412""}, {""statut"": ""EN_COURS"", ""timestamp"": ""2026-01-11T13:46:41.754412""}, {""statut"": ""COMPLETE"", ""timestamp"": ""2026-01-11T15:11:41.754412""}]"
141,TKT-00141,163,INC-202603-0163,10,Sara LAHLOU,TECH-010,5,Tanger,MINEUR,FERME,2026-03-14T17:23:01.754412,2026-03-14T17:31:01.754412,2026-03-14T18:23:01.754412,78,21.28,4.2,COMPLETE,2026-03-14T17:43:01.754412,2026-03-14T17:49:01.754412,2026-03-14T19:07:01.754412,False,,,,"[""Coordination avec equipe reseau requise"", ""Acces difficile (hauteur / espace confine)""]",TECHNICIEN,"[{""statut"": ""ASSIGNE"", ""timestamp"": ""2026-03-14T17:23:01.754412""}, {""statut"": ""EN_ROUTE"", ""timestamp"": ""2026-03-14T17:31:01.754412""}, {""statut"": ""SUR_SITE"", ""timestamp"": ""2026-03-14T17:43:01.754412""}, {""statut"": ""EN_COURS"", ""timestamp"": ""2026-03-14T17:49:01.754412""}, {""statut"": ""COMPLETE"", ""timestamp"": ""2026-03-14T19:07:01.754412""}]"
142,TKT-00142,164,INC-202604-0164,16,Houda KETTANI,TECH-016,5,Tanger,MINEUR,EN_COURS,2026-04-01T22:16:20.754412,2026-04-01T22:25:20.754412,,,4.89,,SUR_SITE,2026-04-01T22:41:20.754412,2026-04-01T22:52:20.754412,,True,13:00,14:00,,"[""Zone a acces restreint"", ""Dependance fournisseur externe""]",TECHNICIEN,"[{""statut"": ""ASSIGNE"", ""timestamp"": ""2026-04-01T22:16:20.754412""}, {""statut"": ""EN_ROUTE"", ""timestamp"": ""2026-04-01T22:25:20.754412""}, {""statut"": ""SUR_SITE"", ""timestamp"": ""2026-04-01T22:41:20.754412""}, {""statut"": ""EN_COURS"", ""timestamp"": ""2026-04-01T22:52:20.754412""}, {""statut"": ""PAUSE"", ""timestamp"": ""2026-04-02T00:52:20.754412""}, {""statut"": ""EN_COURS"", ""timestamp"": ""2026-04-02T01:52:20.754412""}]"
143,TKT-00143,165,INC-202604-0165,15,Bilal MRANI,TECH-015,9,Kenitra,MINEUR,FERME,2026-04-02T14:20:05.754412,2026-04-02T14:35:05.754412,2026-04-02T15:03:05.754412,68,5.38,4.4,COMPLETE,2026-04-02T14:55:05.754412,2026-04-02T15:08:05.754412,2026-04-02T16:16:05.754412,False,,,,"[""Intervention nocturne requise""]",ADMIN,"[{""statut"": ""ASSIGNE"", ""timestamp"": ""2026-04-02T14:20:05.754412""}, {""statut"": ""EN_ROUTE"", ""timestamp"": ""2026-04-02T14:35:05.754412""}, {""statut"": ""SUR_SITE"", ""timestamp"": ""2026-04-02T14:55:05.754412""}, {""statut"": ""EN_COURS"", ""timestamp"": ""2026-04-02T15:08:05.754412""}, {""statut"": ""COMPLETE"", ""timestamp"": ""2026-04-02T16:16:05.754412""}]"
144,TKT-00144,166,INC-202603-0166,8,Nadia FILALI,TECH-008,6,Agadir,MINEUR,RESOLU,2026-03-12T20:30:27.754412,2026-03-12T20:35:27.754412,2026-03-12T21:43:27.754412,88,12.4,3.1,COMPLETE,2026-03-12T20:48:27.754412,2026-03-12T21:01:27.754412,2026-03-12T22:29:27.754412,False,,,,"[""Zone a acces restreint"", ""Dependance fournisseur externe""]",ADMIN,"[{""statut"": ""ASSIGNE"", ""timestamp"": ""2026-03-12T20:30:27.754412""}, {""statut"": ""EN_ROUTE"", ""timestamp"": ""2026-03-12T20:35:27.754412""}, {""statut"": ""SUR_SITE"", ""timestamp"": ""2026-03-12T20:48:27.754412""}, {""statut"": ""EN_COURS"", ""timestamp"": ""2026-03-12T21:01:27.754412""}, {""statut"": ""COMPLETE"", ""timestamp"": ""2026-03-12T22:29:27.754412""}]"
145,TKT-00145,167,INC-202512-0167,27,Tariq BENSLIMANE,TECH-027,8,Oujda,MAJEUR,FERME,2025-12-07T02:51:05.754412,2025-12-07T03:01:05.754412,2025-12-07T04:40:05.754412,139,4.0,3.7,COMPLETE,2025-12-07T03:39:05.754412,2025-12-07T03:45:05.754412,2025-12-07T06:04:05.754412,True,13:00,14:00,,"[""Coordination avec equipe reseau requise""]",TECHNICIEN,"[{""statut"": ""ASSIGNE"", ""timestamp"": ""2025-12-07T02:51:05.754412""}, {""statut"": ""EN_ROUTE"", ""timestamp"": ""2025-12-07T03:01:05.754412""}, {""statut"": ""SUR_SITE"", ""timestamp"": ""2025-12-07T03:39:05.754412""}, {""statut"": ""EN_COURS"", ""timestamp"": ""2025-12-07T03:45:05.754412""}, {""statut"": ""PAUSE"", ""timestamp"": ""2025-12-07T05:45:05.754412""}, {""statut"": ""EN_COURS"", ""timestamp"": ""2025-12-07T06:45:05.754412""}, {""statut"": ""COMPLETE"", ""timestamp"": ""2025-12-07T06:04:05.754412""}]"
146,TKT-00146,168,INC-202603-0168,10,Sara LAHLOU,TECH-010,5,Tanger,MAJEUR,RESOLU,2026-03-27T05:21:00.754412,2026-03-27T05:28:00.754412,2026-03-27T07:22:00.754412,138,23.86,4.9,COMPLETE,2026-03-27T05:40:00.754412,2026-03-27T05:53:00.754412,2026-03-27T08:11:00.754412,True,13:00,14:00,,[],ADMIN,"[{""statut"": ""ASSIGNE"", ""timestamp"": ""2026-03-27T05:21:00.754412""}, {""statut"": ""EN_ROUTE"", ""timestamp"": ""2026-03-27T05:28:00.754412""}, {""statut"": ""SUR_SITE"", ""timestamp"": ""2026-03-27T05:40:00.754412""}, {""statut"": ""EN_COURS"", ""timestamp"": ""2026-03-27T05:53:00.754412""}, {""statut"": ""PAUSE"", ""timestamp"": ""2026-03-27T07:53:00.754412""}, {""statut"": ""EN_COURS"", ""timestamp"": ""2026-03-27T08:53:00.754412""}, {""statut"": ""COMPLETE"", ""timestamp"": ""2026-03-27T08:11:00.754412""}]"
147,TKT-00147,169,INC-202601-0169,25,Ilyas IDRISSI,TECH-025,10,Tétouan,CRITIQUE,FERME,2026-01-24T10:38:45.754412,2026-01-24T10:42:45.754412,2026-01-24T17:51:45.754412,455,24.59,4.6,COMPLETE,2026-01-24T11:21:45.754412,2026-01-24T11:31:45.754412,2026-01-24T19:06:45.754412,True,13:00,14:00,,[],ADMIN,"[{""statut"": ""ASSIGNE"", ""timestamp"": ""2026-01-24T10:38:45.754412""}, {""statut"": ""EN_ROUTE"", ""timestamp"": ""2026-01-24T10:42:45.754412""}, {""statut"": ""SUR_SITE"", ""timestamp"": ""2026-01-24T11:21:45.754412""}, {""statut"": ""EN_COURS"", ""timestamp"": ""2026-01-24T11:31:45.754412""}, {""statut"": ""PAUSE"", ""timestamp"": ""2026-01-24T13:31:45.754412""}, {""statut"": ""EN_COURS"", ""timestamp"": ""2026-01-24T14:31:45.754412""}, {""statut"": ""COMPLETE"", ""timestamp"": ""2026-01-24T19:06:45.754412""}]"
148,TKT-00148,170,INC-202603-0170,21,Soufiane ZEMMOURI,TECH-021,3,Marrakech,CRITIQUE,RESOLU,2026-03-27T04:41:00.754412,2026-03-27T04:52:00.754412,2026-03-27T11:19:00.754412,425,22.9,3.1,COMPLETE,2026-03-27T05:25:00.754412,2026-03-27T05:37:00.754412,2026-03-27T12:42:00.754412,True,13:00,14:00,,[],ADMIN,"[{""statut"": ""ASSIGNE"", ""timestamp"": ""2026-03-27T04:41:00.754412""}, {""statut"": ""EN_ROUTE"", ""timestamp"": ""2026-03-27T04:52:00.754412""}, {""statut"": ""SUR_SITE"", ""timestamp"": ""2026-03-27T05:25:00.754412""}, {""statut"": ""EN_COURS"", ""timestamp"": ""2026-03-27T05:37:00.754412""}, {""statut"": ""PAUSE"", ""timestamp"": ""2026-03-27T07:37:00.754412""}, {""statut"": ""EN_COURS"", ""timestamp"": ""2026-03-27T08:37:00.754412""}, {""statut"": ""COMPLETE"", ""timestamp"": ""2026-03-27T12:42:00.754412""}]"
149,TKT-00149,172,INC-202604-0172,24,Ghita BENMOUSSA,TECH-024,7,Meknès,CRITIQUE,FERME,2026-04-18T21:53:54.754412,2026-04-18T22:06:54.754412,2026-04-19T00:24:54.754412,176,26.96,3.7,COMPLETE,2026-04-18T22:34:54.754412,2026-04-18T22:47:54.754412,2026-04-19T01:43:54.754412,True,13:00,14:00,,"[""Acces difficile (hauteur / espace confine)"", ""Intervention nocturne requise""]",ADMIN,"[{""statut"": ""ASSIGNE"", ""timestamp"": ""2026-04-18T21:53:54.754412""}, {""statut"": ""EN_ROUTE"", ""timestamp"": ""2026-04-18T22:06:54.754412""}, {""statut"": ""SUR_SITE"", ""timestamp"": ""2026-04-18T22:34:54.754412""}, {""statut"": ""EN_COURS"", ""timestamp"": ""2026-04-18T22:47:54.754412""}, {""statut"": ""PAUSE"", ""timestamp"": ""2026-04-19T00:47:54.754412""}, {""statut"": ""EN_COURS"", ""timestamp"": ""2026-04-19T01:47:54.754412""}, {""statut"": ""COMPLETE"", ""timestamp"": ""2026-04-19T01:43:54.754412""}]"
150,TKT-00150,173,INC-202602-0173,11,Mehdi MOUSSAOUI,TECH-011,1,Grand Casablanca,CRITIQUE,RESOLU,2026-02-23T04:41:31.754412,2026-02-23T04:51:31.754412,2026-02-23T07:45:31.754412,197,13.98,4.5,COMPLETE,2026-02-23T05:13:31.754412,2026-02-23T05:21:31.754412,2026-02-23T08:38:31.754412,True,13:00,14:00,,"[""Manque d outillage specifique""]",ADMIN,"[{""statut"": ""ASSIGNE"", ""timestamp"": ""2026-02-23T04:41:31.754412""}, {""statut"": ""EN_ROUTE"", ""timestamp"": ""2026-02-23T04:51:31.754412""}, {""statut"": ""SUR_SITE"", ""timestamp"": ""2026-02-23T05:13:31.754412""}, {""statut"": ""EN_COURS"", ""timestamp"": ""2026-02-23T05:21:31.754412""}, {""statut"": ""PAUSE"", ""timestamp"": ""2026-02-23T07:21:31.754412""}, {""statut"": ""EN_COURS"", ""timestamp"": ""2026-02-23T08:21:31.754412""}, {""statut"": ""COMPLETE"", ""timestamp"": ""2026-02-23T08:38:31.754412""}]"
151,TKT-00151,174,INC-202605-0174,24,Ghita BENMOUSSA,TECH-024,7,Meknès,CRITIQUE,RESOLU,2026-05-03T08:56:01.754412,2026-05-03T09:03:01.754412,2026-05-03T16:40:01.754412,493,19.92,4.9,COMPLETE,2026-05-03T09:15:01.754412,2026-05-03T09:30:01.754412,2026-05-03T17:43:01.754412,True,13:00,14:00,,"[""Dependance fournisseur externe""]",TECHNICIEN,"[{""statut"": ""ASSIGNE"", ""timestamp"": ""2026-05-03T08:56:01.754412""}, {""statut"": ""EN_ROUTE"", ""timestamp"": ""2026-05-03T09:03:01.754412""}, {""statut"": ""SUR_SITE"", ""timestamp"": ""2026-05-03T09:15:01.754412""}, {""statut"": ""EN_COURS"", ""timestamp"": ""2026-05-03T09:30:01.754412""}, {""statut"": ""PAUSE"", ""timestamp"": ""2026-05-03T11:30:01.754412""}, {""statut"": ""EN_COURS"", ""timestamp"": ""2026-05-03T12:30:01.754412""}, {""statut"": ""COMPLETE"", ""timestamp"": ""2026-05-03T17:43:01.754412""}]"
152,TKT-00152,175,INC-202604-0175,16,Houda KETTANI,TECH-016,5,Tanger,MINEUR,FERME,2026-04-25T18:09:04.754412,2026-04-25T18:18:04.754412,2026-04-25T20:37:04.754412,153,23.54,4.8,COMPLETE,2026-04-25T18:31:04.754412,2026-04-25T18:44:04.754412,2026-04-25T21:17:04.754412,True,13:00,14:00,,"[""Dependance fournisseur externe"", ""Necessite coupure reseau planifiee""]",TECHNICIEN,"[{""statut"": ""ASSIGNE"", ""timestamp"": ""2026-04-25T18:09:04.754412""}, {""statut"": ""EN_ROUTE"", ""timestamp"": ""2026-04-25T18:18:04.754412""}, {""statut"": ""SUR_SITE"", ""timestamp"": ""2026-04-25T18:31:04.754412""}, {""statut"": ""EN_COURS"", ""timestamp"": ""2026-04-25T18:44:04.754412""}, {""statut"": ""PAUSE"", ""timestamp"": ""2026-04-25T20:44:04.754412""}, {""statut"": ""EN_COURS"", ""timestamp"": ""2026-04-25T21:44:04.754412""}, {""statut"": ""COMPLETE"", ""timestamp"": ""2026-04-25T21:17:04.754412""}]"
153,TKT-00153,176,INC-202603-0176,19,Omar FASSI,TECH-019,2,Rabat-Salé,MINEUR,FERME,2026-03-22T18:53:22.754412,2026-03-22T18:55:22.754412,2026-03-22T19:55:22.754412,71,29.4,4.8,COMPLETE,2026-03-22T19:29:22.754412,2026-03-22T19:44:22.754412,2026-03-22T20:55:22.754412,False,,,,"[""Dependance fournisseur externe"", ""Intervention nocturne requise""]",TECHNICIEN,"[{""statut"": ""ASSIGNE"", ""timestamp"": ""2026-03-22T18:53:22.754412""}, {""statut"": ""EN_ROUTE"", ""timestamp"": ""2026-03-22T18:55:22.754412""}, {""statut"": ""SUR_SITE"", ""timestamp"": ""2026-03-22T19:29:22.754412""}, {""statut"": ""EN_COURS"", ""timestamp"": ""2026-03-22T19:44:22.754412""}, {""statut"": ""COMPLETE"", ""timestamp"": ""2026-03-22T20:55:22.754412""}]"
154,TKT-00154,177,INC-202602-0177,23,Adil REGRAGUI,TECH-023,9,Kenitra,MINEUR,RESOLU,2026-02-02T19:17:39.754412,2026-02-02T19:23:39.754412,2026-02-02T20:22:39.754412,82,12.68,4.3,COMPLETE,2026-02-02T19:51:39.754412,2026-02-02T20:03:39.754412,2026-02-02T21:25:39.754412,False,,,,[],ADMIN,"[{""statut"": ""ASSIGNE"", ""timestamp"": ""2026-02-02T19:17:39.754412""}, {""statut"": ""EN_ROUTE"", ""timestamp"": ""2026-02-02T19:23:39.754412""}, {""statut"": ""SUR_SITE"", ""timestamp"": ""2026-02-02T19:51:39.754412""}, {""statut"": ""EN_COURS"", ""timestamp"": ""2026-02-02T20:03:39.754412""}, {""statut"": ""COMPLETE"", ""timestamp"": ""2026-02-02T21:25:39.754412""}]"
155,TKT-00155,178,INC-202604-0178,16,Houda KETTANI,TECH-016,5,Tanger,MINEUR,RESOLU,2026-04-14T03:02:37.754412,2026-04-14T03:14:37.754412,2026-04-14T03:28:37.754412,53,6.69,4.3,COMPLETE,2026-04-14T03:59:37.754412,2026-04-14T04:14:37.754412,2026-04-14T05:07:37.754412,False,,,,[],ADMIN,"[{""statut"": ""ASSIGNE"", ""timestamp"": ""2026-04-14T03:02:37.754412""}, {""statut"": ""EN_ROUTE"", ""timestamp"": ""2026-04-14T03:14:37.754412""}, {""statut"": ""SUR_SITE"", ""timestamp"": ""2026-04-14T03:59:37.754412""}, {""statut"": ""EN_COURS"", ""timestamp"": ""2026-04-14T04:14:37.754412""}, {""statut"": ""COMPLETE"", ""timestamp"": ""2026-04-14T05:07:37.754412""}]"
156,TKT-00156,179,INC-202601-0179,4,Amina CHRAIBI,TECH-004,8,Oujda,MINEUR,EN_COURS,2026-01-20T18:07:48.754412,2026-01-20T18:18:48.754412,,,14.67,,EN_COURS,2026-01-20T18:39:48.754412,2026-01-20T18:52:48.754412,,True,13:00,14:00,,"[""Necessite coupure reseau planifiee""]",ADMIN,"[{""statut"": ""ASSIGNE"", ""timestamp"": ""2026-01-20T18:07:48.754412""}, {""statut"": ""EN_ROUTE"", ""timestamp"": ""2026-01-20T18:18:48.754412""}, {""statut"": ""SUR_SITE"", ""timestamp"": ""2026-01-20T18:39:48.754412""}, {""statut"": ""EN_COURS"", ""timestamp"": ""2026-01-20T18:52:48.754412""}, {""statut"": ""PAUSE"", ""timestamp"": ""2026-01-20T20:52:48.754412""}, {""statut"": ""EN_COURS"", ""timestamp"": ""2026-01-20T21:52:48.754412""}]"
157,TKT-00157,180,INC-202601-0180,25,Ilyas IDRISSI,TECH-025,10,Tétouan,MAJEUR,EN_COURS,2026-01-30T16:16:07.754412,2026-01-30T16:31:07.754412,,,15.92,,PAUSE,2026-01-30T17:15:07.754412,2026-01-30T17:24:07.754412,,True,13:00,14:00,,[],TECHNICIEN,"[{""statut"": ""ASSIGNE"", ""timestamp"": ""2026-01-30T16:16:07.754412""}, {""statut"": ""EN_ROUTE"", ""timestamp"": ""2026-01-30T16:31:07.754412""}, {""statut"": ""SUR_SITE"", ""timestamp"": ""2026-01-30T17:15:07.754412""}, {""statut"": ""EN_COURS"", ""timestamp"": ""2026-01-30T17:24:07.754412""}, {""statut"": ""PAUSE"", ""timestamp"": ""2026-01-30T19:24:07.754412""}, {""statut"": ""EN_COURS"", ""timestamp"": ""2026-01-30T20:24:07.754412""}]"
158,TKT-00158,181,INC-202604-0181,24,Ghita BENMOUSSA,TECH-024,7,Meknès,MAJEUR,FERME,2026-04-16T21:43:08.754412,2026-04-16T21:44:08.754412,2026-04-17T00:24:08.754412,170,29.51,4.2,COMPLETE,2026-04-16T21:57:08.754412,2026-04-16T22:05:08.754412,2026-04-17T00:55:08.754412,True,13:00,14:00,,[],TECHNICIEN,"[{""statut"": ""ASSIGNE"", ""timestamp"": ""2026-04-16T21:43:08.754412""}, {""statut"": ""EN_ROUTE"", ""timestamp"": ""2026-04-16T21:44:08.754412""}, {""statut"": ""SUR_SITE"", ""timestamp"": ""2026-04-16T21:57:08.754412""}, {""statut"": ""EN_COURS"", ""timestamp"": ""2026-04-16T22:05:08.754412""}, {""statut"": ""PAUSE"", ""timestamp"": ""2026-04-17T00:05:08.754412""}, {""statut"": ""EN_COURS"", ""timestamp"": ""2026-04-17T01:05:08.754412""}, {""statut"": ""COMPLETE"", ""timestamp"": ""2026-04-17T00:55:08.754412""}]"
159,TKT-00159,182,INC-202605-0182,15,Bilal MRANI,TECH-015,9,Kenitra,MINEUR,EN_COURS,2026-05-07T08:07:31.754412,2026-05-07T08:20:31.754412,,,18.68,,EN_ROUTE,2026-05-07T08:48:31.754412,2026-05-07T08:56:31.754412,,True,13:00,14:00,,"[""Acces difficile (hauteur / espace confine)""]",TECHNICIEN,"[{""statut"": ""ASSIGNE"", ""timestamp"": ""2026-05-07T08:07:31.754412""}, {""statut"": ""EN_ROUTE"", ""timestamp"": ""2026-05-07T08:20:31.754412""}, {""statut"": ""SUR_SITE"", ""timestamp"": ""2026-05-07T08:48:31.754412""}, {""statut"": ""EN_COURS"", ""timestamp"": ""2026-05-07T08:56:31.754412""}, {""statut"": ""PAUSE"", ""timestamp"": ""2026-05-07T10:56:31.754412""}, {""statut"": ""EN_COURS"", ""timestamp"": ""2026-05-07T11:56:31.754412""}]"
160,TKT-00160,183,INC-202603-0183,23,Adil REGRAGUI,TECH-023,9,Kenitra,MAJEUR,EN_COURS,2026-03-25T05:36:48.754412,2026-03-25T05:45:48.754412,,,28.72,,EN_ROUTE,2026-03-25T06:13:48.754412,2026-03-25T06:28:48.754412,,True,13:00,14:00,,"[""Dependance fournisseur externe""]",ADMIN,"[{""statut"": ""ASSIGNE"", ""timestamp"": ""2026-03-25T05:36:48.754412""}, {""statut"": ""EN_ROUTE"", ""timestamp"": ""2026-03-25T05:45:48.754412""}, {""statut"": ""SUR_SITE"", ""timestamp"": ""2026-03-25T06:13:48.754412""}, {""statut"": ""EN_COURS"", ""timestamp"": ""2026-03-25T06:28:48.754412""}, {""statut"": ""PAUSE"", ""timestamp"": ""2026-03-25T08:28:48.754412""}, {""statut"": ""EN_COURS"", ""timestamp"": ""2026-03-25T09:28:48.754412""}]"
161,TKT-00161,184,INC-202602-0184,4,Amina CHRAIBI,TECH-004,8,Oujda,CRITIQUE,FERME,2026-02-18T11:33:20.754412,2026-02-18T11:45:20.754412,2026-02-18T22:27:20.754412,659,27.39,4.3,COMPLETE,2026-02-18T12:11:20.754412,2026-02-18T12:19:20.754412,2026-02-18T23:18:20.754412,True,13:00,14:00,,[],ADMIN,"[{""statut"": ""ASSIGNE"", ""timestamp"": ""2026-02-18T11:33:20.754412""}, {""statut"": ""EN_ROUTE"", ""timestamp"": ""2026-02-18T11:45:20.754412""}, {""statut"": ""SUR_SITE"", ""timestamp"": ""2026-02-18T12:11:20.754412""}, {""statut"": ""EN_COURS"", ""timestamp"": ""2026-02-18T12:19:20.754412""}, {""statut"": ""PAUSE"", ""timestamp"": ""2026-02-18T14:19:20.754412""}, {""statut"": ""EN_COURS"", ""timestamp"": ""2026-02-18T15:19:20.754412""}, {""statut"": ""COMPLETE"", ""timestamp"": ""2026-02-18T23:18:20.754412""}]"
162,TKT-00162,185,INC-202601-0185,29,Reda DOUKKALI,TECH-029,9,Kenitra,MINEUR,EN_COURS,2026-01-28T17:38:20.754412,2026-01-28T17:50:20.754412,,,6.02,,EN_COURS,2026-01-28T18:12:20.754412,2026-01-28T18:20:20.754412,,True,13:00,14:00,,[],TECHNICIEN,"[{""statut"": ""ASSIGNE"", ""timestamp"": ""2026-01-28T17:38:20.754412""}, {""statut"": ""EN_ROUTE"", ""timestamp"": ""2026-01-28T17:50:20.754412""}, {""statut"": ""SUR_SITE"", ""timestamp"": ""2026-01-28T18:12:20.754412""}, {""statut"": ""EN_COURS"", ""timestamp"": ""2026-01-28T18:20:20.754412""}, {""statut"": ""PAUSE"", ""timestamp"": ""2026-01-28T20:20:20.754412""}, {""statut"": ""EN_COURS"", ""timestamp"": ""2026-01-28T21:20:20.754412""}]"
163,TKT-00163,186,INC-202602-0186,10,Sara LAHLOU,TECH-010,5,Tanger,MAJEUR,EN_COURS,2026-02-27T18:43:23.754412,2026-02-27T18:44:23.754412,,,10.25,,EN_COURS,2026-02-27T19:21:23.754412,2026-02-27T19:30:23.754412,,True,13:00,14:00,,"[""Acces difficile (hauteur / espace confine)""]",TECHNICIEN,"[{""statut"": ""ASSIGNE"", ""timestamp"": ""2026-02-27T18:43:23.754412""}, {""statut"": ""EN_ROUTE"", ""timestamp"": ""2026-02-27T18:44:23.754412""}, {""statut"": ""SUR_SITE"", ""timestamp"": ""2026-02-27T19:21:23.754412""}, {""statut"": ""EN_COURS"", ""timestamp"": ""2026-02-27T19:30:23.754412""}, {""statut"": ""PAUSE"", ""timestamp"": ""2026-02-27T21:30:23.754412""}, {""statut"": ""EN_COURS"", ""timestamp"": ""2026-02-27T22:30:23.754412""}]"
164,TKT-00164,187,INC-202601-0187,8,Nadia FILALI,TECH-008,6,Agadir,MAJEUR,RESOLU,2026-01-14T10:13:06.754412,2026-01-14T10:28:06.754412,2026-01-14T11:40:06.754412,96,9.38,4.5,COMPLETE,2026-01-14T10:58:06.754412,2026-01-14T11:12:06.754412,2026-01-14T12:48:06.754412,False,,,,"[""Necessite coupure reseau planifiee"", ""Zone a acces restreint""]",ADMIN,"[{""statut"": ""ASSIGNE"", ""timestamp"": ""2026-01-14T10:13:06.754412""}, {""statut"": ""EN_ROUTE"", ""timestamp"": ""2026-01-14T10:28:06.754412""}, {""statut"": ""SUR_SITE"", ""timestamp"": ""2026-01-14T10:58:06.754412""}, {""statut"": ""EN_COURS"", ""timestamp"": ""2026-01-14T11:12:06.754412""}, {""statut"": ""COMPLETE"", ""timestamp"": ""2026-01-14T12:48:06.754412""}]"
165,TKT-00165,188,INC-202604-0188,12,Hajar ALAMI,TECH-012,9,Kenitra,MAJEUR,RESOLU,2026-04-18T01:42:40.754412,2026-04-18T01:54:40.754412,2026-04-18T03:06:40.754412,114,15.86,4.5,COMPLETE,2026-04-18T02:24:40.754412,2026-04-18T02:37:40.754412,2026-04-18T04:31:40.754412,False,,,,[],TECHNICIEN,"[{""statut"": ""ASSIGNE"", ""timestamp"": ""2026-04-18T01:42:40.754412""}, {""statut"": ""EN_ROUTE"", ""timestamp"": ""2026-04-18T01:54:40.754412""}, {""statut"": ""SUR_SITE"", ""timestamp"": ""2026-04-18T02:24:40.754412""}, {""statut"": ""EN_COURS"", ""timestamp"": ""2026-04-18T02:37:40.754412""}, {""statut"": ""COMPLETE"", ""timestamp"": ""2026-04-18T04:31:40.754412""}]"
166,TKT-00166,189,INC-202603-0189,5,Hamza BENKIRANE,TECH-005,2,Rabat-Salé,MAJEUR,FERME,2026-03-27T20:00:46.754412,2026-03-27T20:09:46.754412,2026-03-27T21:39:46.754412,121,26.56,4.2,COMPLETE,2026-03-27T20:44:46.754412,2026-03-27T20:50:46.754412,2026-03-27T22:51:46.754412,True,13:00,14:00,,[],ADMIN,"[{""statut"": ""ASSIGNE"", ""timestamp"": ""2026-03-27T20:00:46.754412""}, {""statut"": ""EN_ROUTE"", ""timestamp"": ""2026-03-27T20:09:46.754412""}, {""statut"": ""SUR_SITE"", ""timestamp"": ""2026-03-27T20:44:46.754412""}, {""statut"": ""EN_COURS"", ""timestamp"": ""2026-03-27T20:50:46.754412""}, {""statut"": ""PAUSE"", ""timestamp"": ""2026-03-27T22:50:46.754412""}, {""statut"": ""EN_COURS"", ""timestamp"": ""2026-03-27T23:50:46.754412""}, {""statut"": ""COMPLETE"", ""timestamp"": ""2026-03-27T22:51:46.754412""}]"
167,TKT-00167,190,INC-202603-0190,24,Ghita BENMOUSSA,TECH-024,7,Meknès,CRITIQUE,RESOLU,2026-03-16T23:53:01.754412,2026-03-16T23:57:01.754412,2026-03-17T03:34:01.754412,235,20.23,3.6,COMPLETE,2026-03-17T00:40:01.754412,2026-03-17T00:52:01.754412,2026-03-17T04:47:01.754412,True,13:00,14:00,,[],TECHNICIEN,"[{""statut"": ""ASSIGNE"", ""timestamp"": ""2026-03-16T23:53:01.754412""}, {""statut"": ""EN_ROUTE"", ""timestamp"": ""2026-03-16T23:57:01.754412""}, {""statut"": ""SUR_SITE"", ""timestamp"": ""2026-03-17T00:40:01.754412""}, {""statut"": ""EN_COURS"", ""timestamp"": ""2026-03-17T00:52:01.754412""}, {""statut"": ""PAUSE"", ""timestamp"": ""2026-03-17T02:52:01.754412""}, {""statut"": ""EN_COURS"", ""timestamp"": ""2026-03-17T03:52:01.754412""}, {""statut"": ""COMPLETE"", ""timestamp"": ""2026-03-17T04:47:01.754412""}]"
168,TKT-00168,193,INC-202601-0193,3,Mohammed OUALI,TECH-003,2,Rabat-Salé,CRITIQUE,RESOLU,2026-01-03T13:18:35.754412,2026-01-03T13:33:35.754412,2026-01-03T18:20:35.754412,328,16.44,3.2,COMPLETE,2026-01-03T14:03:35.754412,2026-01-03T14:14:35.754412,2026-01-03T19:42:35.754412,True,13:00,14:00,,"[""Coordination avec equipe reseau requise""]",ADMIN,"[{""statut"": ""ASSIGNE"", ""timestamp"": ""2026-01-03T13:18:35.754412""}, {""statut"": ""EN_ROUTE"", ""timestamp"": ""2026-01-03T13:33:35.754412""}, {""statut"": ""SUR_SITE"", ""timestamp"": ""2026-01-03T14:03:35.754412""}, {""statut"": ""EN_COURS"", ""timestamp"": ""2026-01-03T14:14:35.754412""}, {""statut"": ""PAUSE"", ""timestamp"": ""2026-01-03T16:14:35.754412""}, {""statut"": ""EN_COURS"", ""timestamp"": ""2026-01-03T17:14:35.754412""}, {""statut"": ""COMPLETE"", ""timestamp"": ""2026-01-03T19:42:35.754412""}]"
169,TKT-00169,194,INC-202601-0194,14,Salma BENOMAR,TECH-014,6,Agadir,MINEUR,RESOLU,2026-01-11T14:40:59.754412,2026-01-11T14:41:59.754412,2026-01-11T16:56:59.754412,156,2.93,2.7,COMPLETE,2026-01-11T15:09:59.754412,2026-01-11T15:24:59.754412,2026-01-11T18:00:59.754412,True,13:00,14:00,,"[""Necessite coupure reseau planifiee""]",TECHNICIEN,"[{""statut"": ""ASSIGNE"", ""timestamp"": ""2026-01-11T14:40:59.754412""}, {""statut"": ""EN_ROUTE"", ""timestamp"": ""2026-01-11T14:41:59.754412""}, {""statut"": ""SUR_SITE"", ""timestamp"": ""2026-01-11T15:09:59.754412""}, {""statut"": ""EN_COURS"", ""timestamp"": ""2026-01-11T15:24:59.754412""}, {""statut"": ""PAUSE"", ""timestamp"": ""2026-01-11T17:24:59.754412""}, {""statut"": ""EN_COURS"", ""timestamp"": ""2026-01-11T18:24:59.754412""}, {""statut"": ""COMPLETE"", ""timestamp"": ""2026-01-11T18:00:59.754412""}]"
170,TKT-00170,195,INC-202512-0195,25,Ilyas IDRISSI,TECH-025,10,Tétouan,MINEUR,EN_COURS,2025-12-15T08:39:07.754412,2025-12-15T08:43:07.754412,,,16.36,,PAUSE,2025-12-15T09:06:07.754412,2025-12-15T09:21:07.754412,,False,,,,[],ADMIN,"[{""statut"": ""ASSIGNE"", ""timestamp"": ""2025-12-15T08:39:07.754412""}, {""statut"": ""EN_ROUTE"", ""timestamp"": ""2025-12-15T08:43:07.754412""}, {""statut"": ""SUR_SITE"", ""timestamp"": ""2025-12-15T09:06:07.754412""}, {""statut"": ""EN_COURS"", ""timestamp"": ""2025-12-15T09:21:07.754412""}]"
171,TKT-00171,196,INC-202601-0196,4,Amina CHRAIBI,TECH-004,8,Oujda,MAJEUR,FERME,2026-01-17T23:30:32.754412,2026-01-17T23:41:32.754412,2026-01-18T02:18:32.754412,196,3.08,2.6,COMPLETE,2026-01-18T00:00:32.754412,2026-01-18T00:05:32.754412,2026-01-18T03:21:32.754412,True,13:00,14:00,,"[""Coordination avec equipe reseau requise"", ""Acces difficile (hauteur / espace confine)""]",ADMIN,"[{""statut"": ""ASSIGNE"", ""timestamp"": ""2026-01-17T23:30:32.754412""}, {""statut"": ""EN_ROUTE"", ""timestamp"": ""2026-01-17T23:41:32.754412""}, {""statut"": ""SUR_SITE"", ""timestamp"": ""2026-01-18T00:00:32.754412""}, {""statut"": ""EN_COURS"", ""timestamp"": ""2026-01-18T00:05:32.754412""}, {""statut"": ""PAUSE"", ""timestamp"": ""2026-01-18T02:05:32.754412""}, {""statut"": ""EN_COURS"", ""timestamp"": ""2026-01-18T03:05:32.754412""}, {""statut"": ""COMPLETE"", ""timestamp"": ""2026-01-18T03:21:32.754412""}]"
172,TKT-00172,197,INC-202601-0197,11,Mehdi MOUSSAOUI,TECH-011,1,Grand Casablanca,CRITIQUE,FERME,2026-01-06T21:03:43.754412,2026-01-06T21:17:43.754412,2026-01-07T02:13:43.754412,333,19.09,3.6,COMPLETE,2026-01-06T21:41:43.754412,2026-01-06T21:50:43.754412,2026-01-07T03:23:43.754412,True,13:00,14:00,,"[""Dependance fournisseur externe""]",TECHNICIEN,"[{""statut"": ""ASSIGNE"", ""timestamp"": ""2026-01-06T21:03:43.754412""}, {""statut"": ""EN_ROUTE"", ""timestamp"": ""2026-01-06T21:17:43.754412""}, {""statut"": ""SUR_SITE"", ""timestamp"": ""2026-01-06T21:41:43.754412""}, {""statut"": ""EN_COURS"", ""timestamp"": ""2026-01-06T21:50:43.754412""}, {""statut"": ""PAUSE"", ""timestamp"": ""2026-01-06T23:50:43.754412""}, {""statut"": ""EN_COURS"", ""timestamp"": ""2026-01-07T00:50:43.754412""}, {""statut"": ""COMPLETE"", ""timestamp"": ""2026-01-07T03:23:43.754412""}]"
173,TKT-00173,198,INC-202512-0198,14,Salma BENOMAR,TECH-014,6,Agadir,MINEUR,RESOLU,2025-12-10T22:36:25.754412,2025-12-10T22:38:25.754412,2025-12-10T23:30:25.754412,80,21.18,2.7,COMPLETE,2025-12-10T23:22:25.754412,2025-12-10T23:27:25.754412,2025-12-11T00:47:25.754412,False,,,,"[""Necessite coupure reseau planifiee"", ""Acces difficile (hauteur / espace confine)""]",TECHNICIEN,"[{""statut"": ""ASSIGNE"", ""timestamp"": ""2025-12-10T22:36:25.754412""}, {""statut"": ""EN_ROUTE"", ""timestamp"": ""2025-12-10T22:38:25.754412""}, {""statut"": ""SUR_SITE"", ""timestamp"": ""2025-12-10T23:22:25.754412""}, {""statut"": ""EN_COURS"", ""timestamp"": ""2025-12-10T23:27:25.754412""}, {""statut"": ""COMPLETE"", ""timestamp"": ""2025-12-11T00:47:25.754412""}]"
174,TKT-00174,199,INC-202604-0199,21,Soufiane ZEMMOURI,TECH-021,3,Marrakech,MINEUR,EN_COURS,2026-04-28T07:55:32.754412,2026-04-28T08:06:32.754412,,,12.16,,EN_ROUTE,2026-04-28T08:35:32.754412,2026-04-28T08:49:32.754412,,False,,,,"[""Dependance fournisseur externe""]",TECHNICIEN,"[{""statut"": ""ASSIGNE"", ""timestamp"": ""2026-04-28T07:55:32.754412""}, {""statut"": ""EN_ROUTE"", ""timestamp"": ""2026-04-28T08:06:32.754412""}, {""statut"": ""SUR_SITE"", ""timestamp"": ""2026-04-28T08:35:32.754412""}, {""statut"": ""EN_COURS"", ""timestamp"": ""2026-04-28T08:49:32.754412""}]"
175,TKT-00175,200,INC-202512-0200,24,Ghita BENMOUSSA,TECH-024,7,Meknès,MAJEUR,FERME,2025-12-05T16:10:21.754412,2025-12-05T16:19:21.754412,2025-12-05T18:01:21.754412,121,4.75,4.2,COMPLETE,2025-12-05T16:43:21.754412,2025-12-05T16:50:21.754412,2025-12-05T18:51:21.754412,True,13:00,14:00,,"[""Coordination avec equipe reseau requise"", ""Zone a acces restreint""]",ADMIN,"[{""statut"": ""ASSIGNE"", ""timestamp"": ""2025-12-05T16:10:21.754412""}, {""statut"": ""EN_ROUTE"", ""timestamp"": ""2025-12-05T16:19:21.754412""}, {""statut"": ""SUR_SITE"", ""timestamp"": ""2025-12-05T16:43:21.754412""}, {""statut"": ""EN_COURS"", ""timestamp"": ""2025-12-05T16:50:21.754412""}, {""statut"": ""PAUSE"", ""timestamp"": ""2025-12-05T18:50:21.754412""}, {""statut"": ""EN_COURS"", ""timestamp"": ""2025-12-05T19:50:21.754412""}, {""statut"": ""COMPLETE"", ""timestamp"": ""2025-12-05T18:51:21.754412""}]"
176,TKT-00176,201,INC-202602-0201,10,Sara LAHLOU,TECH-010,5,Tanger,MAJEUR,RESOLU,2026-02-06T22:35:37.754412,2026-02-06T22:49:37.754412,2026-02-07T00:25:37.754412,132,0.65,4.0,COMPLETE,2026-02-06T23:34:37.754412,2026-02-06T23:41:37.754412,2026-02-07T01:53:37.754412,True,13:00,14:00,,[],TECHNICIEN,"[{""statut"": ""ASSIGNE"", ""timestamp"": ""2026-02-06T22:35:37.754412""}, {""statut"": ""EN_ROUTE"", ""timestamp"": ""2026-02-06T22:49:37.754412""}, {""statut"": ""SUR_SITE"", ""timestamp"": ""2026-02-06T23:34:37.754412""}, {""statut"": ""EN_COURS"", ""timestamp"": ""2026-02-06T23:41:37.754412""}, {""statut"": ""PAUSE"", ""timestamp"": ""2026-02-07T01:41:37.754412""}, {""statut"": ""EN_COURS"", ""timestamp"": ""2026-02-07T02:41:37.754412""}, {""statut"": ""COMPLETE"", ""timestamp"": ""2026-02-07T01:53:37.754412""}]"
177,TKT-00177,202,INC-202512-0202,16,Houda KETTANI,TECH-016,5,Tanger,MINEUR,FERME,2025-12-29T22:25:05.754412,2025-12-29T22:37:05.754412,2025-12-30T01:02:05.754412,168,4.7,3.0,COMPLETE,2025-12-29T23:09:05.754412,2025-12-29T23:17:05.754412,2025-12-30T02:05:05.754412,True,13:00,14:00,,"[""Intervention nocturne requise"", ""Necessite coupure reseau planifiee""]",ADMIN,"[{""statut"": ""ASSIGNE"", ""timestamp"": ""2025-12-29T22:25:05.754412""}, {""statut"": ""EN_ROUTE"", ""timestamp"": ""2025-12-29T22:37:05.754412""}, {""statut"": ""SUR_SITE"", ""timestamp"": ""2025-12-29T23:09:05.754412""}, {""statut"": ""EN_COURS"", ""timestamp"": ""2025-12-29T23:17:05.754412""}, {""statut"": ""PAUSE"", ""timestamp"": ""2025-12-30T01:17:05.754412""}, {""statut"": ""EN_COURS"", ""timestamp"": ""2025-12-30T02:17:05.754412""}, {""statut"": ""COMPLETE"", ""timestamp"": ""2025-12-30T02:05:05.754412""}]"
178,TKT-00178,203,INC-202605-0203,15,Bilal MRANI,TECH-015,9,Kenitra,MINEUR,EN_COURS,2026-05-09T22:17:49.754412,2026-05-09T22:20:49.754412,,,20.31,,PAUSE,2026-05-09T22:33:49.754412,2026-05-09T22:46:49.754412,,True,13:00,14:00,,"[""Acces difficile (hauteur / espace confine)"", ""Coordination avec equipe reseau requise""]",ADMIN,"[{""statut"": ""ASSIGNE"", ""timestamp"": ""2026-05-09T22:17:49.754412""}, {""statut"": ""EN_ROUTE"", ""timestamp"": ""2026-05-09T22:20:49.754412""}, {""statut"": ""SUR_SITE"", ""timestamp"": ""2026-05-09T22:33:49.754412""}, {""statut"": ""EN_COURS"", ""timestamp"": ""2026-05-09T22:46:49.754412""}, {""statut"": ""PAUSE"", ""timestamp"": ""2026-05-10T00:46:49.754412""}, {""statut"": ""EN_COURS"", ""timestamp"": ""2026-05-10T01:46:49.754412""}]"
179,TKT-00179,204,INC-202603-0204,24,Ghita BENMOUSSA,TECH-024,7,Meknès,MINEUR,EN_COURS,2026-03-02T23:41:51.754412,2026-03-02T23:53:51.754412,,,3.45,,EN_COURS,2026-03-03T00:34:51.754412,2026-03-03T00:44:51.754412,,True,13:00,14:00,,[],TECHNICIEN,"[{""statut"": ""ASSIGNE"", ""timestamp"": ""2026-03-02T23:41:51.754412""}, {""statut"": ""EN_ROUTE"", ""timestamp"": ""2026-03-02T23:53:51.754412""}, {""statut"": ""SUR_SITE"", ""timestamp"": ""2026-03-03T00:34:51.754412""}, {""statut"": ""EN_COURS"", ""timestamp"": ""2026-03-03T00:44:51.754412""}, {""statut"": ""PAUSE"", ""timestamp"": ""2026-03-03T02:44:51.754412""}, {""statut"": ""EN_COURS"", ""timestamp"": ""2026-03-03T03:44:51.754412""}]"
180,TKT-00180,205,INC-202512-0205,8,Nadia FILALI,TECH-008,6,Agadir,MAJEUR,FERME,2025-12-06T14:42:17.754412,2025-12-06T14:50:17.754412,2025-12-06T16:38:17.754412,131,17.18,3.4,COMPLETE,2025-12-06T15:28:17.754412,2025-12-06T15:38:17.754412,2025-12-06T17:49:17.754412,True,13:00,14:00,,"[""Necessite coupure reseau planifiee"", ""Manque d outillage specifique""]",ADMIN,"[{""statut"": ""ASSIGNE"", ""timestamp"": ""2025-12-06T14:42:17.754412""}, {""statut"": ""EN_ROUTE"", ""timestamp"": ""2025-12-06T14:50:17.754412""}, {""statut"": ""SUR_SITE"", ""timestamp"": ""2025-12-06T15:28:17.754412""}, {""statut"": ""EN_COURS"", ""timestamp"": ""2025-12-06T15:38:17.754412""}, {""statut"": ""PAUSE"", ""timestamp"": ""2025-12-06T17:38:17.754412""}, {""statut"": ""EN_COURS"", ""timestamp"": ""2025-12-06T18:38:17.754412""}, {""statut"": ""COMPLETE"", ""timestamp"": ""2025-12-06T17:49:17.754412""}]"
181,TKT-00181,206,INC-202604-0206,9,Karim BENSOUDA,TECH-009,10,Tétouan,MAJEUR,RESOLU,2026-04-29T22:10:40.754412,2026-04-29T22:11:40.754412,2026-04-29T23:34:40.754412,94,13.37,4.6,COMPLETE,2026-04-29T22:41:40.754412,2026-04-29T22:49:40.754412,2026-04-30T00:23:40.754412,False,,,,"[""Zone a acces restreint"", ""Intervention nocturne requise""]",TECHNICIEN,"[{""statut"": ""ASSIGNE"", ""timestamp"": ""2026-04-29T22:10:40.754412""}, {""statut"": ""EN_ROUTE"", ""timestamp"": ""2026-04-29T22:11:40.754412""}, {""statut"": ""SUR_SITE"", ""timestamp"": ""2026-04-29T22:41:40.754412""}, {""statut"": ""EN_COURS"", ""timestamp"": ""2026-04-29T22:49:40.754412""}, {""statut"": ""COMPLETE"", ""timestamp"": ""2026-04-30T00:23:40.754412""}]"
182,TKT-00182,207,INC-202603-0207,14,Salma BENOMAR,TECH-014,6,Agadir,CRITIQUE,FERME,2026-03-13T22:31:58.754412,2026-03-13T22:39:58.754412,2026-03-14T04:58:58.754412,407,3.71,4.1,COMPLETE,2026-03-13T23:17:58.754412,2026-03-13T23:27:58.754412,2026-03-14T06:14:58.754412,True,13:00,14:00,,"[""Necessite coupure reseau planifiee""]",TECHNICIEN,"[{""statut"": ""ASSIGNE"", ""timestamp"": ""2026-03-13T22:31:58.754412""}, {""statut"": ""EN_ROUTE"", ""timestamp"": ""2026-03-13T22:39:58.754412""}, {""statut"": ""SUR_SITE"", ""timestamp"": ""2026-03-13T23:17:58.754412""}, {""statut"": ""EN_COURS"", ""timestamp"": ""2026-03-13T23:27:58.754412""}, {""statut"": ""PAUSE"", ""timestamp"": ""2026-03-14T01:27:58.754412""}, {""statut"": ""EN_COURS"", ""timestamp"": ""2026-03-14T02:27:58.754412""}, {""statut"": ""COMPLETE"", ""timestamp"": ""2026-03-14T06:14:58.754412""}]"
183,TKT-00183,208,INC-202601-0208,9,Karim BENSOUDA,TECH-009,10,Tétouan,CRITIQUE,FERME,2026-01-08T18:06:38.754412,2026-01-08T18:21:38.754412,2026-01-08T23:08:38.754412,311,21.96,4.7,COMPLETE,2026-01-08T19:05:38.754412,2026-01-08T19:13:38.754412,2026-01-09T00:24:38.754412,True,13:00,14:00,,"[""Zone a acces restreint"", ""Acces difficile (hauteur / espace confine)""]",TECHNICIEN,"[{""statut"": ""ASSIGNE"", ""timestamp"": ""2026-01-08T18:06:38.754412""}, {""statut"": ""EN_ROUTE"", ""timestamp"": ""2026-01-08T18:21:38.754412""}, {""statut"": ""SUR_SITE"", ""timestamp"": ""2026-01-08T19:05:38.754412""}, {""statut"": ""EN_COURS"", ""timestamp"": ""2026-01-08T19:13:38.754412""}, {""statut"": ""PAUSE"", ""timestamp"": ""2026-01-08T21:13:38.754412""}, {""statut"": ""EN_COURS"", ""timestamp"": ""2026-01-08T22:13:38.754412""}, {""statut"": ""COMPLETE"", ""timestamp"": ""2026-01-09T00:24:38.754412""}]"
184,TKT-00184,209,INC-202512-0209,26,Rim TAHIRI,TECH-026,4,Fès,MINEUR,FERME,2025-12-05T05:01:54.754412,2025-12-05T05:08:54.754412,2025-12-05T05:31:54.754412,53,19.79,2.9,COMPLETE,2025-12-05T05:31:54.754412,2025-12-05T05:36:54.754412,2025-12-05T06:29:54.754412,False,,,,"[""Necessite coupure reseau planifiee"", ""Dependance fournisseur externe""]",ADMIN,"[{""statut"": ""ASSIGNE"", ""timestamp"": ""2025-12-05T05:01:54.754412""}, {""statut"": ""EN_ROUTE"", ""timestamp"": ""2025-12-05T05:08:54.754412""}, {""statut"": ""SUR_SITE"", ""timestamp"": ""2025-12-05T05:31:54.754412""}, {""statut"": ""EN_COURS"", ""timestamp"": ""2025-12-05T05:36:54.754412""}, {""statut"": ""COMPLETE"", ""timestamp"": ""2025-12-05T06:29:54.754412""}]"
185,TKT-00185,210,INC-202601-0210,3,Mohammed OUALI,TECH-003,2,Rabat-Salé,CRITIQUE,FERME,2026-01-24T17:35:05.754412,2026-01-24T17:45:05.754412,2026-01-24T22:54:05.754412,348,12.21,3.8,COMPLETE,2026-01-24T18:13:05.754412,2026-01-24T18:20:05.754412,2026-01-25T00:08:05.754412,True,13:00,14:00,,"[""Necessite coupure reseau planifiee"", ""Acces difficile (hauteur / espace confine)""]",TECHNICIEN,"[{""statut"": ""ASSIGNE"", ""timestamp"": ""2026-01-24T17:35:05.754412""}, {""statut"": ""EN_ROUTE"", ""timestamp"": ""2026-01-24T17:45:05.754412""}, {""statut"": ""SUR_SITE"", ""timestamp"": ""2026-01-24T18:13:05.754412""}, {""statut"": ""EN_COURS"", ""timestamp"": ""2026-01-24T18:20:05.754412""}, {""statut"": ""PAUSE"", ""timestamp"": ""2026-01-24T20:20:05.754412""}, {""statut"": ""EN_COURS"", ""timestamp"": ""2026-01-24T21:20:05.754412""}, {""statut"": ""COMPLETE"", ""timestamp"": ""2026-01-25T00:08:05.754412""}]"
186,TKT-00186,211,INC-202602-0211,25,Ilyas IDRISSI,TECH-025,10,Tétouan,CRITIQUE,EN_COURS,2026-02-11T16:53:07.754412,2026-02-11T16:56:07.754412,,,17.21,,PAUSE,2026-02-11T17:38:07.754412,2026-02-11T17:45:07.754412,,False,,,,[],TECHNICIEN,"[{""statut"": ""ASSIGNE"", ""timestamp"": ""2026-02-11T16:53:07.754412""}, {""statut"": ""EN_ROUTE"", ""timestamp"": ""2026-02-11T16:56:07.754412""}, {""statut"": ""SUR_SITE"", ""timestamp"": ""2026-02-11T17:38:07.754412""}, {""statut"": ""EN_COURS"", ""timestamp"": ""2026-02-11T17:45:07.754412""}]"
187,TKT-00187,213,INC-202604-0213,25,Ilyas IDRISSI,TECH-025,10,Tétouan,MAJEUR,EN_COURS,2026-04-16T02:37:09.754412,2026-04-16T02:45:09.754412,,,8.3,,SUR_SITE,2026-04-16T03:17:09.754412,2026-04-16T03:22:09.754412,,False,,,,[],TECHNICIEN,"[{""statut"": ""ASSIGNE"", ""timestamp"": ""2026-04-16T02:37:09.754412""}, {""statut"": ""EN_ROUTE"", ""timestamp"": ""2026-04-16T02:45:09.754412""}, {""statut"": ""SUR_SITE"", ""timestamp"": ""2026-04-16T03:17:09.754412""}, {""statut"": ""EN_COURS"", ""timestamp"": ""2026-04-16T03:22:09.754412""}]"
188,TKT-00188,214,INC-202604-0214,12,Hajar ALAMI,TECH-012,9,Kenitra,MAJEUR,FERME,2026-04-06T21:51:41.754412,2026-04-06T21:55:41.754412,2026-04-06T23:25:41.754412,120,26.51,2.6,COMPLETE,2026-04-06T22:38:41.754412,2026-04-06T22:48:41.754412,2026-04-07T00:48:41.754412,False,,,,"[""Dependance fournisseur externe""]",ADMIN,"[{""statut"": ""ASSIGNE"", ""timestamp"": ""2026-04-06T21:51:41.754412""}, {""statut"": ""EN_ROUTE"", ""timestamp"": ""2026-04-06T21:55:41.754412""}, {""statut"": ""SUR_SITE"", ""timestamp"": ""2026-04-06T22:38:41.754412""}, {""statut"": ""EN_COURS"", ""timestamp"": ""2026-04-06T22:48:41.754412""}, {""statut"": ""COMPLETE"", ""timestamp"": ""2026-04-07T00:48:41.754412""}]"
189,TKT-00189,215,INC-202512-0215,1,Youssef BENALI,TECH-001,4,Fès,CRITIQUE,EN_COURS,2025-12-29T19:44:36.754412,2025-12-29T19:53:36.754412,,,19.77,,SUR_SITE,2025-12-29T20:20:36.754412,2025-12-29T20:29:36.754412,,True,13:00,14:00,,"[""Necessite coupure reseau planifiee""]",TECHNICIEN,"[{""statut"": ""ASSIGNE"", ""timestamp"": ""2025-12-29T19:44:36.754412""}, {""statut"": ""EN_ROUTE"", ""timestamp"": ""2025-12-29T19:53:36.754412""}, {""statut"": ""SUR_SITE"", ""timestamp"": ""2025-12-29T20:20:36.754412""}, {""statut"": ""EN_COURS"", ""timestamp"": ""2025-12-29T20:29:36.754412""}, {""statut"": ""PAUSE"", ""timestamp"": ""2025-12-29T22:29:36.754412""}, {""statut"": ""EN_COURS"", ""timestamp"": ""2025-12-29T23:29:36.754412""}]"
190,TKT-00190,216,INC-202603-0216,20,Meriem BOUAYAD,TECH-020,4,Fès,MINEUR,FERME,2026-03-31T12:02:57.754412,2026-03-31T12:17:57.754412,2026-03-31T13:02:57.754412,77,26.1,3.7,COMPLETE,2026-03-31T12:41:57.754412,2026-03-31T12:54:57.754412,2026-03-31T14:11:57.754412,False,,,,"[""Intervention nocturne requise""]",ADMIN,"[{""statut"": ""ASSIGNE"", ""timestamp"": ""2026-03-31T12:02:57.754412""}, {""statut"": ""EN_ROUTE"", ""timestamp"": ""2026-03-31T12:17:57.754412""}, {""statut"": ""SUR_SITE"", ""timestamp"": ""2026-03-31T12:41:57.754412""}, {""statut"": ""EN_COURS"", ""timestamp"": ""2026-03-31T12:54:57.754412""}, {""statut"": ""COMPLETE"", ""timestamp"": ""2026-03-31T14:11:57.754412""}]"
191,TKT-00191,217,INC-202605-0217,10,Sara LAHLOU,TECH-010,5,Tanger,MINEUR,RESOLU,2026-05-08T14:44:07.754412,2026-05-08T14:59:07.754412,2026-05-08T16:48:07.754412,145,2.77,4.1,COMPLETE,2026-05-08T15:17:07.754412,2026-05-08T15:29:07.754412,2026-05-08T17:54:07.754412,True,13:00,14:00,,[],TECHNICIEN,"[{""statut"": ""ASSIGNE"", ""timestamp"": ""2026-05-08T14:44:07.754412""}, {""statut"": ""EN_ROUTE"", ""timestamp"": ""2026-05-08T14:59:07.754412""}, {""statut"": ""SUR_SITE"", ""timestamp"": ""2026-05-08T15:17:07.754412""}, {""statut"": ""EN_COURS"", ""timestamp"": ""2026-05-08T15:29:07.754412""}, {""statut"": ""PAUSE"", ""timestamp"": ""2026-05-08T17:29:07.754412""}, {""statut"": ""EN_COURS"", ""timestamp"": ""2026-05-08T18:29:07.754412""}, {""statut"": ""COMPLETE"", ""timestamp"": ""2026-05-08T17:54:07.754412""}]"
192,TKT-00192,218,INC-202604-0218,15,Bilal MRANI,TECH-015,9,Kenitra,CRITIQUE,RESOLU,2026-04-14T23:36:27.754412,2026-04-14T23:39:27.754412,2026-04-15T08:52:27.754412,566,24.43,4.3,COMPLETE,2026-04-15T00:12:27.754412,2026-04-15T00:26:27.754412,2026-04-15T09:52:27.754412,True,13:00,14:00,,"[""Manque d outillage specifique"", ""Dependance fournisseur externe""]",ADMIN,"[{""statut"": ""ASSIGNE"", ""timestamp"": ""2026-04-14T23:36:27.754412""}, {""statut"": ""EN_ROUTE"", ""timestamp"": ""2026-04-14T23:39:27.754412""}, {""statut"": ""SUR_SITE"", ""timestamp"": ""2026-04-15T00:12:27.754412""}, {""statut"": ""EN_COURS"", ""timestamp"": ""2026-04-15T00:26:27.754412""}, {""statut"": ""PAUSE"", ""timestamp"": ""2026-04-15T02:26:27.754412""}, {""statut"": ""EN_COURS"", ""timestamp"": ""2026-04-15T03:26:27.754412""}, {""statut"": ""COMPLETE"", ""timestamp"": ""2026-04-15T09:52:27.754412""}]"
193,TKT-00193,219,INC-202603-0219,27,Tariq BENSLIMANE,TECH-027,8,Oujda,MAJEUR,FERME,2026-03-16T10:36:58.754412,2026-03-16T10:40:58.754412,2026-03-16T14:16:58.754412,240,7.69,2.8,COMPLETE,2026-03-16T11:00:58.754412,2026-03-16T11:15:58.754412,2026-03-16T15:15:58.754412,True,13:00,14:00,,[],TECHNICIEN,"[{""statut"": ""ASSIGNE"", ""timestamp"": ""2026-03-16T10:36:58.754412""}, {""statut"": ""EN_ROUTE"", ""timestamp"": ""2026-03-16T10:40:58.754412""}, {""statut"": ""SUR_SITE"", ""timestamp"": ""2026-03-16T11:00:58.754412""}, {""statut"": ""EN_COURS"", ""timestamp"": ""2026-03-16T11:15:58.754412""}, {""statut"": ""PAUSE"", ""timestamp"": ""2026-03-16T13:15:58.754412""}, {""statut"": ""EN_COURS"", ""timestamp"": ""2026-03-16T14:15:58.754412""}, {""statut"": ""COMPLETE"", ""timestamp"": ""2026-03-16T15:15:58.754412""}]"
194,TKT-00194,220,INC-202512-0220,18,Loubna NACIRI,TECH-018,4,Fès,MAJEUR,RESOLU,2025-12-25T16:09:55.754412,2025-12-25T16:18:55.754412,2025-12-25T16:59:55.754412,75,5.41,4.8,COMPLETE,2025-12-25T16:30:55.754412,2025-12-25T16:44:55.754412,2025-12-25T17:59:55.754412,False,,,,[],ADMIN,"[{""statut"": ""ASSIGNE"", ""timestamp"": ""2025-12-25T16:09:55.754412""}, {""statut"": ""EN_ROUTE"", ""timestamp"": ""2025-12-25T16:18:55.754412""}, {""statut"": ""SUR_SITE"", ""timestamp"": ""2025-12-25T16:30:55.754412""}, {""statut"": ""EN_COURS"", ""timestamp"": ""2025-12-25T16:44:55.754412""}, {""statut"": ""COMPLETE"", ""timestamp"": ""2025-12-25T17:59:55.754412""}]"
195,TKT-00195,221,INC-202601-0221,11,Mehdi MOUSSAOUI,TECH-011,1,Grand Casablanca,CRITIQUE,RESOLU,2026-01-01T23:38:49.754412,2026-01-01T23:50:49.754412,2026-01-02T03:34:49.754412,264,29.79,4.7,COMPLETE,2026-01-02T00:18:49.754412,2026-01-02T00:24:49.754412,2026-01-02T04:48:49.754412,True,13:00,14:00,,"[""Necessite coupure reseau planifiee""]",TECHNICIEN,"[{""statut"": ""ASSIGNE"", ""timestamp"": ""2026-01-01T23:38:49.754412""}, {""statut"": ""EN_ROUTE"", ""timestamp"": ""2026-01-01T23:50:49.754412""}, {""statut"": ""SUR_SITE"", ""timestamp"": ""2026-01-02T00:18:49.754412""}, {""statut"": ""EN_COURS"", ""timestamp"": ""2026-01-02T00:24:49.754412""}, {""statut"": ""PAUSE"", ""timestamp"": ""2026-01-02T02:24:49.754412""}, {""statut"": ""EN_COURS"", ""timestamp"": ""2026-01-02T03:24:49.754412""}, {""statut"": ""COMPLETE"", ""timestamp"": ""2026-01-02T04:48:49.754412""}]"
196,TKT-00196,224,INC-202603-0224,15,Bilal MRANI,TECH-015,9,Kenitra,CRITIQUE,RESOLU,2026-03-13T13:01:33.754412,2026-03-13T13:11:33.754412,2026-03-13T18:15:33.754412,332,8.3,4.3,COMPLETE,2026-03-13T13:30:33.754412,2026-03-13T13:44:33.754412,2026-03-13T19:16:33.754412,True,13:00,14:00,,"[""Zone a acces restreint"", ""Necessite coupure reseau planifiee""]",ADMIN,"[{""statut"": ""ASSIGNE"", ""timestamp"": ""2026-03-13T13:01:33.754412""}, {""statut"": ""EN_ROUTE"", ""timestamp"": ""2026-03-13T13:11:33.754412""}, {""statut"": ""SUR_SITE"", ""timestamp"": ""2026-03-13T13:30:33.754412""}, {""statut"": ""EN_COURS"", ""timestamp"": ""2026-03-13T13:44:33.754412""}, {""statut"": ""PAUSE"", ""timestamp"": ""2026-03-13T15:44:33.754412""}, {""statut"": ""EN_COURS"", ""timestamp"": ""2026-03-13T16:44:33.754412""}, {""statut"": ""COMPLETE"", ""timestamp"": ""2026-03-13T19:16:33.754412""}]"
197,TKT-00197,225,INC-202604-0225,16,Houda KETTANI,TECH-016,5,Tanger,CRITIQUE,FERME,2026-04-13T12:32:33.754412,2026-04-13T12:42:33.754412,2026-04-13T16:45:33.754412,277,3.7,3.0,COMPLETE,2026-04-13T12:56:33.754412,2026-04-13T13:04:33.754412,2026-04-13T17:41:33.754412,True,13:00,14:00,,"[""Manque d outillage specifique""]",ADMIN,"[{""statut"": ""ASSIGNE"", ""timestamp"": ""2026-04-13T12:32:33.754412""}, {""statut"": ""EN_ROUTE"", ""timestamp"": ""2026-04-13T12:42:33.754412""}, {""statut"": ""SUR_SITE"", ""timestamp"": ""2026-04-13T12:56:33.754412""}, {""statut"": ""EN_COURS"", ""timestamp"": ""2026-04-13T13:04:33.754412""}, {""statut"": ""PAUSE"", ""timestamp"": ""2026-04-13T15:04:33.754412""}, {""statut"": ""EN_COURS"", ""timestamp"": ""2026-04-13T16:04:33.754412""}, {""statut"": ""COMPLETE"", ""timestamp"": ""2026-04-13T17:41:33.754412""}]"
198,TKT-00198,226,INC-202605-0226,15,Bilal MRANI,TECH-015,9,Kenitra,CRITIQUE,RESOLU,2026-05-11T10:09:56.754412,2026-05-11T10:11:56.754412,2026-05-11T11:46:56.754412,121,3.25,4.1,COMPLETE,2026-05-11T10:32:56.754412,2026-05-11T10:44:56.754412,2026-05-11T12:45:56.754412,True,13:00,14:00,,"[""Necessite coupure reseau planifiee"", ""Acces difficile (hauteur / espace confine)""]",TECHNICIEN,"[{""statut"": ""ASSIGNE"", ""timestamp"": ""2026-05-11T10:09:56.754412""}, {""statut"": ""EN_ROUTE"", ""timestamp"": ""2026-05-11T10:11:56.754412""}, {""statut"": ""SUR_SITE"", ""timestamp"": ""2026-05-11T10:32:56.754412""}, {""statut"": ""EN_COURS"", ""timestamp"": ""2026-05-11T10:44:56.754412""}, {""statut"": ""PAUSE"", ""timestamp"": ""2026-05-11T12:44:56.754412""}, {""statut"": ""EN_COURS"", ""timestamp"": ""2026-05-11T13:44:56.754412""}, {""statut"": ""COMPLETE"", ""timestamp"": ""2026-05-11T12:45:56.754412""}]"
199,TKT-00199,227,INC-202512-0227,25,Ilyas IDRISSI,TECH-025,10,Tétouan,CRITIQUE,FERME,2025-12-12T16:18:00.754412,2025-12-12T16:25:00.754412,2025-12-12T22:29:00.754412,396,21.08,3.6,COMPLETE,2025-12-12T17:08:00.754412,2025-12-12T17:19:00.754412,2025-12-12T23:55:00.754412,True,13:00,14:00,,[],ADMIN,"[{""statut"": ""ASSIGNE"", ""timestamp"": ""2025-12-12T16:18:00.754412""}, {""statut"": ""EN_ROUTE"", ""timestamp"": ""2025-12-12T16:25:00.754412""}, {""statut"": ""SUR_SITE"", ""timestamp"": ""2025-12-12T17:08:00.754412""}, {""statut"": ""EN_COURS"", ""timestamp"": ""2025-12-12T17:19:00.754412""}, {""statut"": ""PAUSE"", ""timestamp"": ""2025-12-12T19:19:00.754412""}, {""statut"": ""EN_COURS"", ""timestamp"": ""2025-12-12T20:19:00.754412""}, {""statut"": ""COMPLETE"", ""timestamp"": ""2025-12-12T23:55:00.754412""}]"
200,TKT-00200,228,INC-202512-0228,28,Kenza ELMANSOURI,TECH-028,9,Kenitra,MAJEUR,RESOLU,2025-12-15T13:53:45.754412,2025-12-15T14:03:45.754412,2025-12-15T14:54:45.754412,77,23.09,4.8,COMPLETE,2025-12-15T14:19:45.754412,2025-12-15T14:30:45.754412,2025-12-15T15:47:45.754412,False,,,,"[""Dependance fournisseur externe""]",TECHNICIEN,"[{""statut"": ""ASSIGNE"", ""timestamp"": ""2025-12-15T13:53:45.754412""}, {""statut"": ""EN_ROUTE"", ""timestamp"": ""2025-12-15T14:03:45.754412""}, {""statut"": ""SUR_SITE"", ""timestamp"": ""2025-12-15T14:19:45.754412""}, {""statut"": ""EN_COURS"", ""timestamp"": ""2025-12-15T14:30:45.754412""}, {""statut"": ""COMPLETE"", ""timestamp"": ""2025-12-15T15:47:45.754412""}]"
201,TKT-00201,230,INC-202604-0230,11,Mehdi MOUSSAOUI,TECH-011,1,Grand Casablanca,MINEUR,FERME,2026-04-24T11:57:11.754412,2026-04-24T12:12:11.754412,2026-04-24T13:25:11.754412,112,0.66,4.4,COMPLETE,2026-04-24T12:56:11.754412,2026-04-24T13:07:11.754412,2026-04-24T14:59:11.754412,False,,,,[],TECHNICIEN,"[{""statut"": ""ASSIGNE"", ""timestamp"": ""2026-04-24T11:57:11.754412""}, {""statut"": ""EN_ROUTE"", ""timestamp"": ""2026-04-24T12:12:11.754412""}, {""statut"": ""SUR_SITE"", ""timestamp"": ""2026-04-24T12:56:11.754412""}, {""statut"": ""EN_COURS"", ""timestamp"": ""2026-04-24T13:07:11.754412""}, {""statut"": ""COMPLETE"", ""timestamp"": ""2026-04-24T14:59:11.754412""}]"
202,TKT-00202,231,INC-202602-0231,10,Sara LAHLOU,TECH-010,5,Tanger,MINEUR,RESOLU,2026-02-16T03:39:07.754412,2026-02-16T03:40:07.754412,2026-02-16T04:35:07.754412,77,12.56,2.8,COMPLETE,2026-02-16T04:14:07.754412,2026-02-16T04:29:07.754412,2026-02-16T05:46:07.754412,False,,,,"[""Intervention nocturne requise"", ""Coordination avec equipe reseau requise""]",ADMIN,"[{""statut"": ""ASSIGNE"", ""timestamp"": ""2026-02-16T03:39:07.754412""}, {""statut"": ""EN_ROUTE"", ""timestamp"": ""2026-02-16T03:40:07.754412""}, {""statut"": ""SUR_SITE"", ""timestamp"": ""2026-02-16T04:14:07.754412""}, {""statut"": ""EN_COURS"", ""timestamp"": ""2026-02-16T04:29:07.754412""}, {""statut"": ""COMPLETE"", ""timestamp"": ""2026-02-16T05:46:07.754412""}]"
203,TKT-00203,232,INC-202604-0232,24,Ghita BENMOUSSA,TECH-024,7,Meknès,CRITIQUE,FERME,2026-04-15T10:47:18.754412,2026-04-15T11:01:18.754412,2026-04-15T20:12:18.754412,578,12.22,3.0,COMPLETE,2026-04-15T11:45:18.754412,2026-04-15T11:56:18.754412,2026-04-15T21:34:18.754412,True,13:00,14:00,,"[""Coordination avec equipe reseau requise"", ""Zone a acces restreint""]",ADMIN,"[{""statut"": ""ASSIGNE"", ""timestamp"": ""2026-04-15T10:47:18.754412""}, {""statut"": ""EN_ROUTE"", ""timestamp"": ""2026-04-15T11:01:18.754412""}, {""statut"": ""SUR_SITE"", ""timestamp"": ""2026-04-15T11:45:18.754412""}, {""statut"": ""EN_COURS"", ""timestamp"": ""2026-04-15T11:56:18.754412""}, {""statut"": ""PAUSE"", ""timestamp"": ""2026-04-15T13:56:18.754412""}, {""statut"": ""EN_COURS"", ""timestamp"": ""2026-04-15T14:56:18.754412""}, {""statut"": ""COMPLETE"", ""timestamp"": ""2026-04-15T21:34:18.754412""}]"
204,TKT-00204,233,INC-202602-0233,17,Ayoub BELKADI,TECH-017,7,Meknès,MINEUR,FERME,2026-02-09T09:48:34.754412,2026-02-09T09:57:34.754412,2026-02-09T10:17:34.754412,45,10.66,4.3,COMPLETE,2026-02-09T10:42:34.754412,2026-02-09T10:54:34.754412,2026-02-09T11:39:34.754412,False,,,,"[""Necessite coupure reseau planifiee""]",TECHNICIEN,"[{""statut"": ""ASSIGNE"", ""timestamp"": ""2026-02-09T09:48:34.754412""}, {""statut"": ""EN_ROUTE"", ""timestamp"": ""2026-02-09T09:57:34.754412""}, {""statut"": ""SUR_SITE"", ""timestamp"": ""2026-02-09T10:42:34.754412""}, {""statut"": ""EN_COURS"", ""timestamp"": ""2026-02-09T10:54:34.754412""}, {""statut"": ""COMPLETE"", ""timestamp"": ""2026-02-09T11:39:34.754412""}]"
205,TKT-00205,234,INC-202604-0234,8,Nadia FILALI,TECH-008,6,Agadir,CRITIQUE,RESOLU,2026-04-24T05:20:57.754412,2026-04-24T05:24:57.754412,2026-04-24T10:46:57.754412,354,15.5,4.5,COMPLETE,2026-04-24T06:02:57.754412,2026-04-24T06:09:57.754412,2026-04-24T12:03:57.754412,True,13:00,14:00,,[],TECHNICIEN,"[{""statut"": ""ASSIGNE"", ""timestamp"": ""2026-04-24T05:20:57.754412""}, {""statut"": ""EN_ROUTE"", ""timestamp"": ""2026-04-24T05:24:57.754412""}, {""statut"": ""SUR_SITE"", ""timestamp"": ""2026-04-24T06:02:57.754412""}, {""statut"": ""EN_COURS"", ""timestamp"": ""2026-04-24T06:09:57.754412""}, {""statut"": ""PAUSE"", ""timestamp"": ""2026-04-24T08:09:57.754412""}, {""statut"": ""EN_COURS"", ""timestamp"": ""2026-04-24T09:09:57.754412""}, {""statut"": ""COMPLETE"", ""timestamp"": ""2026-04-24T12:03:57.754412""}]"
206,TKT-00206,235,INC-202601-0235,11,Mehdi MOUSSAOUI,TECH-011,1,Grand Casablanca,CRITIQUE,RESOLU,2026-01-30T19:34:24.754412,2026-01-30T19:45:24.754412,2026-01-31T01:14:24.754412,357,13.34,2.7,COMPLETE,2026-01-30T19:55:24.754412,2026-01-30T20:01:24.754412,2026-01-31T01:58:24.754412,True,13:00,14:00,,"[""Necessite coupure reseau planifiee""]",TECHNICIEN,"[{""statut"": ""ASSIGNE"", ""timestamp"": ""2026-01-30T19:34:24.754412""}, {""statut"": ""EN_ROUTE"", ""timestamp"": ""2026-01-30T19:45:24.754412""}, {""statut"": ""SUR_SITE"", ""timestamp"": ""2026-01-30T19:55:24.754412""}, {""statut"": ""EN_COURS"", ""timestamp"": ""2026-01-30T20:01:24.754412""}, {""statut"": ""PAUSE"", ""timestamp"": ""2026-01-30T22:01:24.754412""}, {""statut"": ""EN_COURS"", ""timestamp"": ""2026-01-30T23:01:24.754412""}, {""statut"": ""COMPLETE"", ""timestamp"": ""2026-01-31T01:58:24.754412""}]"
207,TKT-00207,236,INC-202605-0236,27,Tariq BENSLIMANE,TECH-027,8,Oujda,CRITIQUE,FERME,2026-05-12T18:04:19.754412,2026-05-12T18:14:19.754412,2026-05-12T23:54:19.754412,357,8.95,4.9,COMPLETE,2026-05-12T18:26:19.754412,2026-05-12T18:37:19.754412,2026-05-13T00:34:19.754412,True,13:00,14:00,,"[""Zone a acces restreint"", ""Necessite coupure reseau planifiee""]",TECHNICIEN,"[{""statut"": ""ASSIGNE"", ""timestamp"": ""2026-05-12T18:04:19.754412""}, {""statut"": ""EN_ROUTE"", ""timestamp"": ""2026-05-12T18:14:19.754412""}, {""statut"": ""SUR_SITE"", ""timestamp"": ""2026-05-12T18:26:19.754412""}, {""statut"": ""EN_COURS"", ""timestamp"": ""2026-05-12T18:37:19.754412""}, {""statut"": ""PAUSE"", ""timestamp"": ""2026-05-12T20:37:19.754412""}, {""statut"": ""EN_COURS"", ""timestamp"": ""2026-05-12T21:37:19.754412""}, {""statut"": ""COMPLETE"", ""timestamp"": ""2026-05-13T00:34:19.754412""}]"
208,TKT-00208,237,INC-202601-0237,17,Ayoub BELKADI,TECH-017,7,Meknès,MINEUR,EN_COURS,2026-01-26T09:51:19.754412,2026-01-26T09:59:19.754412,,,1.49,,SUR_SITE,2026-01-26T10:37:19.754412,2026-01-26T10:42:19.754412,,True,13:00,14:00,,"[""Coordination avec equipe reseau requise"", ""Manque d outillage specifique""]",TECHNICIEN,"[{""statut"": ""ASSIGNE"", ""timestamp"": ""2026-01-26T09:51:19.754412""}, {""statut"": ""EN_ROUTE"", ""timestamp"": ""2026-01-26T09:59:19.754412""}, {""statut"": ""SUR_SITE"", ""timestamp"": ""2026-01-26T10:37:19.754412""}, {""statut"": ""EN_COURS"", ""timestamp"": ""2026-01-26T10:42:19.754412""}, {""statut"": ""PAUSE"", ""timestamp"": ""2026-01-26T12:42:19.754412""}, {""statut"": ""EN_COURS"", ""timestamp"": ""2026-01-26T13:42:19.754412""}]"
209,TKT-00209,239,INC-202512-0239,10,Sara LAHLOU,TECH-010,5,Tanger,CRITIQUE,EN_COURS,2025-12-16T22:50:58.754412,2025-12-16T22:51:58.754412,,,29.91,,EN_ROUTE,2025-12-16T23:24:58.754412,2025-12-16T23:32:58.754412,,False,,,,[],ADMIN,"[{""statut"": ""ASSIGNE"", ""timestamp"": ""2025-12-16T22:50:58.754412""}, {""statut"": ""EN_ROUTE"", ""timestamp"": ""2025-12-16T22:51:58.754412""}, {""statut"": ""SUR_SITE"", ""timestamp"": ""2025-12-16T23:24:58.754412""}, {""statut"": ""EN_COURS"", ""timestamp"": ""2025-12-16T23:32:58.754412""}]"
210,TKT-00210,240,INC-202604-0240,20,Meriem BOUAYAD,TECH-020,4,Fès,CRITIQUE,RESOLU,2026-04-13T09:06:29.754412,2026-04-13T09:13:29.754412,2026-04-13T16:40:29.754412,480,21.26,4.8,COMPLETE,2026-04-13T09:48:29.754412,2026-04-13T10:02:29.754412,2026-04-13T18:02:29.754412,True,13:00,14:00,,"[""Acces difficile (hauteur / espace confine)"", ""Zone a acces restreint""]",ADMIN,"[{""statut"": ""ASSIGNE"", ""timestamp"": ""2026-04-13T09:06:29.754412""}, {""statut"": ""EN_ROUTE"", ""timestamp"": ""2026-04-13T09:13:29.754412""}, {""statut"": ""SUR_SITE"", ""timestamp"": ""2026-04-13T09:48:29.754412""}, {""statut"": ""EN_COURS"", ""timestamp"": ""2026-04-13T10:02:29.754412""}, {""statut"": ""PAUSE"", ""timestamp"": ""2026-04-13T12:02:29.754412""}, {""statut"": ""EN_COURS"", ""timestamp"": ""2026-04-13T13:02:29.754412""}, {""statut"": ""COMPLETE"", ""timestamp"": ""2026-04-13T18:02:29.754412""}]"
211,TKT-00211,241,INC-202512-0241,24,Ghita BENMOUSSA,TECH-024,7,Meknès,CRITIQUE,EN_COURS,2025-12-12T11:14:33.754412,2025-12-12T11:28:33.754412,,,5.66,,SUR_SITE,2025-12-12T11:55:33.754412,2025-12-12T12:03:33.754412,,True,13:00,14:00,,"[""Acces difficile (hauteur / espace confine)"", ""Coordination avec equipe reseau requise""]",TECHNICIEN,"[{""statut"": ""ASSIGNE"", ""timestamp"": ""2025-12-12T11:14:33.754412""}, {""statut"": ""EN_ROUTE"", ""timestamp"": ""2025-12-12T11:28:33.754412""}, {""statut"": ""SUR_SITE"", ""timestamp"": ""2025-12-12T11:55:33.754412""}, {""statut"": ""EN_COURS"", ""timestamp"": ""2025-12-12T12:03:33.754412""}, {""statut"": ""PAUSE"", ""timestamp"": ""2025-12-12T14:03:33.754412""}, {""statut"": ""EN_COURS"", ""timestamp"": ""2025-12-12T15:03:33.754412""}]"
212,TKT-00212,242,INC-202601-0242,13,Rachid SQALLI,TECH-013,4,Fès,MINEUR,EN_COURS,2026-01-15T01:42:56.754412,2026-01-15T01:47:56.754412,,,13.56,,EN_COURS,2026-01-15T02:18:56.754412,2026-01-15T02:24:56.754412,,True,13:00,14:00,,"[""Coordination avec equipe reseau requise"", ""Zone a acces restreint""]",ADMIN,"[{""statut"": ""ASSIGNE"", ""timestamp"": ""2026-01-15T01:42:56.754412""}, {""statut"": ""EN_ROUTE"", ""timestamp"": ""2026-01-15T01:47:56.754412""}, {""statut"": ""SUR_SITE"", ""timestamp"": ""2026-01-15T02:18:56.754412""}, {""statut"": ""EN_COURS"", ""timestamp"": ""2026-01-15T02:24:56.754412""}, {""statut"": ""PAUSE"", ""timestamp"": ""2026-01-15T04:24:56.754412""}, {""statut"": ""EN_COURS"", ""timestamp"": ""2026-01-15T05:24:56.754412""}]"
213,TKT-00213,244,INC-202605-0244,29,Reda DOUKKALI,TECH-029,9,Kenitra,MINEUR,FERME,2026-05-02T21:26:24.754412,2026-05-02T21:39:24.754412,2026-05-02T22:07:24.754412,61,25.93,3.7,COMPLETE,2026-05-02T22:04:24.754412,2026-05-02T22:14:24.754412,2026-05-02T23:15:24.754412,False,,,,"[""Dependance fournisseur externe"", ""Necessite coupure reseau planifiee""]",ADMIN,"[{""statut"": ""ASSIGNE"", ""timestamp"": ""2026-05-02T21:26:24.754412""}, {""statut"": ""EN_ROUTE"", ""timestamp"": ""2026-05-02T21:39:24.754412""}, {""statut"": ""SUR_SITE"", ""timestamp"": ""2026-05-02T22:04:24.754412""}, {""statut"": ""EN_COURS"", ""timestamp"": ""2026-05-02T22:14:24.754412""}, {""statut"": ""COMPLETE"", ""timestamp"": ""2026-05-02T23:15:24.754412""}]"
214,TKT-00214,245,INC-202604-0245,4,Amina CHRAIBI,TECH-004,8,Oujda,MAJEUR,RESOLU,2026-04-11T01:54:50.754412,2026-04-11T02:05:50.754412,2026-04-11T04:35:50.754412,178,28.69,3.8,COMPLETE,2026-04-11T02:29:50.754412,2026-04-11T02:44:50.754412,2026-04-11T05:42:50.754412,True,13:00,14:00,,"[""Dependance fournisseur externe""]",TECHNICIEN,"[{""statut"": ""ASSIGNE"", ""timestamp"": ""2026-04-11T01:54:50.754412""}, {""statut"": ""EN_ROUTE"", ""timestamp"": ""2026-04-11T02:05:50.754412""}, {""statut"": ""SUR_SITE"", ""timestamp"": ""2026-04-11T02:29:50.754412""}, {""statut"": ""EN_COURS"", ""timestamp"": ""2026-04-11T02:44:50.754412""}, {""statut"": ""PAUSE"", ""timestamp"": ""2026-04-11T04:44:50.754412""}, {""statut"": ""EN_COURS"", ""timestamp"": ""2026-04-11T05:44:50.754412""}, {""statut"": ""COMPLETE"", ""timestamp"": ""2026-04-11T05:42:50.754412""}]"
215,TKT-00215,246,INC-202512-0246,16,Houda KETTANI,TECH-016,5,Tanger,CRITIQUE,EN_COURS,2025-12-15T17:06:03.754412,2025-12-15T17:11:03.754412,,,26.88,,INCOMPLET,2025-12-15T17:26:03.754412,2025-12-15T17:37:03.754412,,False,,,Cablage non conforme - travaux prealables requis,"[""Coordination avec equipe reseau requise""]",ADMIN,"[{""statut"": ""ASSIGNE"", ""timestamp"": ""2025-12-15T17:06:03.754412""}, {""statut"": ""EN_ROUTE"", ""timestamp"": ""2025-12-15T17:11:03.754412""}, {""statut"": ""SUR_SITE"", ""timestamp"": ""2025-12-15T17:26:03.754412""}, {""statut"": ""EN_COURS"", ""timestamp"": ""2025-12-15T17:37:03.754412""}, {""statut"": ""INCOMPLET"", ""timestamp"": ""2025-12-15T18:34:03.754412"", ""cause"": ""Cablage non conforme - travaux prealables requis""}]"
216,TKT-00216,247,INC-202602-0247,8,Nadia FILALI,TECH-008,6,Agadir,MINEUR,RESOLU,2026-02-24T20:11:00.754412,2026-02-24T20:22:00.754412,2026-02-24T21:24:00.754412,101,22.2,4.7,COMPLETE,2026-02-24T20:44:00.754412,2026-02-24T20:56:00.754412,2026-02-24T22:37:00.754412,False,,,,[],TECHNICIEN,"[{""statut"": ""ASSIGNE"", ""timestamp"": ""2026-02-24T20:11:00.754412""}, {""statut"": ""EN_ROUTE"", ""timestamp"": ""2026-02-24T20:22:00.754412""}, {""statut"": ""SUR_SITE"", ""timestamp"": ""2026-02-24T20:44:00.754412""}, {""statut"": ""EN_COURS"", ""timestamp"": ""2026-02-24T20:56:00.754412""}, {""statut"": ""COMPLETE"", ""timestamp"": ""2026-02-24T22:37:00.754412""}]"
217,TKT-00217,248,INC-202604-0248,18,Loubna NACIRI,TECH-018,4,Fès,CRITIQUE,FERME,2026-04-07T19:04:16.754412,2026-04-07T19:18:16.754412,2026-04-08T02:36:16.754412,463,23.48,2.8,COMPLETE,2026-04-07T19:43:16.754412,2026-04-07T19:57:16.754412,2026-04-08T03:40:16.754412,True,13:00,14:00,,[],TECHNICIEN,"[{""statut"": ""ASSIGNE"", ""timestamp"": ""2026-04-07T19:04:16.754412""}, {""statut"": ""EN_ROUTE"", ""timestamp"": ""2026-04-07T19:18:16.754412""}, {""statut"": ""SUR_SITE"", ""timestamp"": ""2026-04-07T19:43:16.754412""}, {""statut"": ""EN_COURS"", ""timestamp"": ""2026-04-07T19:57:16.754412""}, {""statut"": ""PAUSE"", ""timestamp"": ""2026-04-07T21:57:16.754412""}, {""statut"": ""EN_COURS"", ""timestamp"": ""2026-04-07T22:57:16.754412""}, {""statut"": ""COMPLETE"", ""timestamp"": ""2026-04-08T03:40:16.754412""}]"
218,TKT-00218,249,INC-202602-0249,14,Salma BENOMAR,TECH-014,6,Agadir,MINEUR,FERME,2026-02-21T03:50:36.754412,2026-02-21T03:51:36.754412,2026-02-21T04:05:36.754412,39,9.8,4.7,COMPLETE,2026-02-21T04:35:36.754412,2026-02-21T04:40:36.754412,2026-02-21T05:19:36.754412,False,,,,"[""Necessite coupure reseau planifiee""]",ADMIN,"[{""statut"": ""ASSIGNE"", ""timestamp"": ""2026-02-21T03:50:36.754412""}, {""statut"": ""EN_ROUTE"", ""timestamp"": ""2026-02-21T03:51:36.754412""}, {""statut"": ""SUR_SITE"", ""timestamp"": ""2026-02-21T04:35:36.754412""}, {""statut"": ""EN_COURS"", ""timestamp"": ""2026-02-21T04:40:36.754412""}, {""statut"": ""COMPLETE"", ""timestamp"": ""2026-02-21T05:19:36.754412""}]"
219,TKT-00219,250,INC-202603-0250,9,Karim BENSOUDA,TECH-009,10,Tétouan,CRITIQUE,EN_COURS,2026-03-18T07:54:42.754412,2026-03-18T08:07:42.754412,,,16.01,,PAUSE,2026-03-18T08:49:42.754412,2026-03-18T08:58:42.754412,,False,,,,"[""Manque d outillage specifique"", ""Acces difficile (hauteur / espace confine)""]",ADMIN,"[{""statut"": ""ASSIGNE"", ""timestamp"": ""2026-03-18T07:54:42.754412""}, {""statut"": ""EN_ROUTE"", ""timestamp"": ""2026-03-18T08:07:42.754412""}, {""statut"": ""SUR_SITE"", ""timestamp"": ""2026-03-18T08:49:42.754412""}, {""statut"": ""EN_COURS"", ""timestamp"": ""2026-03-18T08:58:42.754412""}]"
220,TKT-00220,251,INC-202601-0251,2,Fatima ELHASSANI,TECH-002,3,Marrakech,CRITIQUE,FERME,2026-01-31T06:43:03.754412,2026-01-31T06:44:03.754412,2026-01-31T15:23:03.754412,542,13.99,2.8,COMPLETE,2026-01-31T07:26:03.754412,2026-01-31T07:36:03.754412,2026-01-31T16:38:03.754412,True,13:00,14:00,,"[""Intervention nocturne requise"", ""Manque d outillage specifique""]",ADMIN,"[{""statut"": ""ASSIGNE"", ""timestamp"": ""2026-01-31T06:43:03.754412""}, {""statut"": ""EN_ROUTE"", ""timestamp"": ""2026-01-31T06:44:03.754412""}, {""statut"": ""SUR_SITE"", ""timestamp"": ""2026-01-31T07:26:03.754412""}, {""statut"": ""EN_COURS"", ""timestamp"": ""2026-01-31T07:36:03.754412""}, {""statut"": ""PAUSE"", ""timestamp"": ""2026-01-31T09:36:03.754412""}, {""statut"": ""EN_COURS"", ""timestamp"": ""2026-01-31T10:36:03.754412""}, {""statut"": ""COMPLETE"", ""timestamp"": ""2026-01-31T16:38:03.754412""}]"
221,TKT-00221,252,INC-202603-0252,2,Fatima ELHASSANI,TECH-002,3,Marrakech,MINEUR,RESOLU,2026-03-23T02:10:34.754412,2026-03-23T02:11:34.754412,2026-03-23T03:35:34.754412,112,3.47,3.4,COMPLETE,2026-03-23T02:21:34.754412,2026-03-23T02:36:34.754412,2026-03-23T04:28:34.754412,False,,,,"[""Necessite coupure reseau planifiee""]",ADMIN,"[{""statut"": ""ASSIGNE"", ""timestamp"": ""2026-03-23T02:10:34.754412""}, {""statut"": ""EN_ROUTE"", ""timestamp"": ""2026-03-23T02:11:34.754412""}, {""statut"": ""SUR_SITE"", ""timestamp"": ""2026-03-23T02:21:34.754412""}, {""statut"": ""EN_COURS"", ""timestamp"": ""2026-03-23T02:36:34.754412""}, {""statut"": ""COMPLETE"", ""timestamp"": ""2026-03-23T04:28:34.754412""}]"
222,TKT-00222,253,INC-202601-0253,10,Sara LAHLOU,TECH-010,5,Tanger,MINEUR,FERME,2026-01-22T09:33:01.754412,2026-01-22T09:38:01.754412,2026-01-22T10:07:01.754412,56,5.93,3.6,COMPLETE,2026-01-22T10:03:01.754412,2026-01-22T10:12:01.754412,2026-01-22T11:08:01.754412,False,,,,"[""Coordination avec equipe reseau requise"", ""Intervention nocturne requise""]",ADMIN,"[{""statut"": ""ASSIGNE"", ""timestamp"": ""2026-01-22T09:33:01.754412""}, {""statut"": ""EN_ROUTE"", ""timestamp"": ""2026-01-22T09:38:01.754412""}, {""statut"": ""SUR_SITE"", ""timestamp"": ""2026-01-22T10:03:01.754412""}, {""statut"": ""EN_COURS"", ""timestamp"": ""2026-01-22T10:12:01.754412""}, {""statut"": ""COMPLETE"", ""timestamp"": ""2026-01-22T11:08:01.754412""}]"
223,TKT-00223,254,INC-202605-0254,16,Houda KETTANI,TECH-016,5,Tanger,MAJEUR,FERME,2026-05-17T09:00:43.754412,2026-05-17T09:14:43.754412,2026-05-17T11:18:43.754412,154,17.36,4.9,COMPLETE,2026-05-17T09:49:43.754412,2026-05-17T09:58:43.754412,2026-05-17T12:32:43.754412,True,13:00,14:00,,[],TECHNICIEN,"[{""statut"": ""ASSIGNE"", ""timestamp"": ""2026-05-17T09:00:43.754412""}, {""statut"": ""EN_ROUTE"", ""timestamp"": ""2026-05-17T09:14:43.754412""}, {""statut"": ""SUR_SITE"", ""timestamp"": ""2026-05-17T09:49:43.754412""}, {""statut"": ""EN_COURS"", ""timestamp"": ""2026-05-17T09:58:43.754412""}, {""statut"": ""PAUSE"", ""timestamp"": ""2026-05-17T11:58:43.754412""}, {""statut"": ""EN_COURS"", ""timestamp"": ""2026-05-17T12:58:43.754412""}, {""statut"": ""COMPLETE"", ""timestamp"": ""2026-05-17T12:32:43.754412""}]"
224,TKT-00224,256,INC-202601-0256,4,Amina CHRAIBI,TECH-004,8,Oujda,CRITIQUE,FERME,2026-01-09T10:11:20.754412,2026-01-09T10:16:20.754412,2026-01-09T16:43:20.754412,420,4.8,4.9,COMPLETE,2026-01-09T10:41:20.754412,2026-01-09T10:54:20.754412,2026-01-09T17:54:20.754412,True,13:00,14:00,,"[""Manque d outillage specifique""]",TECHNICIEN,"[{""statut"": ""ASSIGNE"", ""timestamp"": ""2026-01-09T10:11:20.754412""}, {""statut"": ""EN_ROUTE"", ""timestamp"": ""2026-01-09T10:16:20.754412""}, {""statut"": ""SUR_SITE"", ""timestamp"": ""2026-01-09T10:41:20.754412""}, {""statut"": ""EN_COURS"", ""timestamp"": ""2026-01-09T10:54:20.754412""}, {""statut"": ""PAUSE"", ""timestamp"": ""2026-01-09T12:54:20.754412""}, {""statut"": ""EN_COURS"", ""timestamp"": ""2026-01-09T13:54:20.754412""}, {""statut"": ""COMPLETE"", ""timestamp"": ""2026-01-09T17:54:20.754412""}]"
225,TKT-00225,257,INC-202605-0257,28,Kenza ELMANSOURI,TECH-028,9,Kenitra,CRITIQUE,FERME,2026-05-21T17:21:34.754412,2026-05-21T17:22:34.754412,2026-05-21T22:41:34.754412,350,29.87,4.6,COMPLETE,2026-05-21T17:43:34.754412,2026-05-21T17:54:34.754412,2026-05-21T23:44:34.754412,True,13:00,14:00,,[],ADMIN,"[{""statut"": ""ASSIGNE"", ""timestamp"": ""2026-05-21T17:21:34.754412""}, {""statut"": ""EN_ROUTE"", ""timestamp"": ""2026-05-21T17:22:34.754412""}, {""statut"": ""SUR_SITE"", ""timestamp"": ""2026-05-21T17:43:34.754412""}, {""statut"": ""EN_COURS"", ""timestamp"": ""2026-05-21T17:54:34.754412""}, {""statut"": ""PAUSE"", ""timestamp"": ""2026-05-21T19:54:34.754412""}, {""statut"": ""EN_COURS"", ""timestamp"": ""2026-05-21T20:54:34.754412""}, {""statut"": ""COMPLETE"", ""timestamp"": ""2026-05-21T23:44:34.754412""}]"
226,TKT-00226,258,INC-202601-0258,9,Karim BENSOUDA,TECH-009,10,Tétouan,CRITIQUE,EN_COURS,2026-01-09T18:37:32.754412,2026-01-09T18:42:32.754412,,,20.87,,EN_ROUTE,2026-01-09T19:27:32.754412,2026-01-09T19:41:32.754412,,True,13:00,14:00,,[],TECHNICIEN,"[{""statut"": ""ASSIGNE"", ""timestamp"": ""2026-01-09T18:37:32.754412""}, {""statut"": ""EN_ROUTE"", ""timestamp"": ""2026-01-09T18:42:32.754412""}, {""statut"": ""SUR_SITE"", ""timestamp"": ""2026-01-09T19:27:32.754412""}, {""statut"": ""EN_COURS"", ""timestamp"": ""2026-01-09T19:41:32.754412""}, {""statut"": ""PAUSE"", ""timestamp"": ""2026-01-09T21:41:32.754412""}, {""statut"": ""EN_COURS"", ""timestamp"": ""2026-01-09T22:41:32.754412""}]"
227,TKT-00227,259,INC-202604-0259,11,Mehdi MOUSSAOUI,TECH-011,1,Grand Casablanca,MAJEUR,FERME,2026-04-29T08:28:13.754412,2026-04-29T08:36:13.754412,2026-04-29T11:17:13.754412,182,11.13,3.9,COMPLETE,2026-04-29T08:52:13.754412,2026-04-29T09:04:13.754412,2026-04-29T12:06:13.754412,True,13:00,14:00,,"[""Coordination avec equipe reseau requise""]",ADMIN,"[{""statut"": ""ASSIGNE"", ""timestamp"": ""2026-04-29T08:28:13.754412""}, {""statut"": ""EN_ROUTE"", ""timestamp"": ""2026-04-29T08:36:13.754412""}, {""statut"": ""SUR_SITE"", ""timestamp"": ""2026-04-29T08:52:13.754412""}, {""statut"": ""EN_COURS"", ""timestamp"": ""2026-04-29T09:04:13.754412""}, {""statut"": ""PAUSE"", ""timestamp"": ""2026-04-29T11:04:13.754412""}, {""statut"": ""EN_COURS"", ""timestamp"": ""2026-04-29T12:04:13.754412""}, {""statut"": ""COMPLETE"", ""timestamp"": ""2026-04-29T12:06:13.754412""}]"
228,TKT-00228,260,INC-202604-0260,16,Houda KETTANI,TECH-016,5,Tanger,CRITIQUE,RESOLU,2026-04-19T12:42:01.754412,2026-04-19T12:49:01.754412,2026-04-19T17:21:01.754412,284,19.65,2.9,COMPLETE,2026-04-19T13:06:01.754412,2026-04-19T13:16:01.754412,2026-04-19T18:00:01.754412,True,13:00,14:00,,"[""Necessite coupure reseau planifiee"", ""Zone a acces restreint""]",ADMIN,"[{""statut"": ""ASSIGNE"", ""timestamp"": ""2026-04-19T12:42:01.754412""}, {""statut"": ""EN_ROUTE"", ""timestamp"": ""2026-04-19T12:49:01.754412""}, {""statut"": ""SUR_SITE"", ""timestamp"": ""2026-04-19T13:06:01.754412""}, {""statut"": ""EN_COURS"", ""timestamp"": ""2026-04-19T13:16:01.754412""}, {""statut"": ""PAUSE"", ""timestamp"": ""2026-04-19T15:16:01.754412""}, {""statut"": ""EN_COURS"", ""timestamp"": ""2026-04-19T16:16:01.754412""}, {""statut"": ""COMPLETE"", ""timestamp"": ""2026-04-19T18:00:01.754412""}]"
229,TKT-00229,261,INC-202605-0261,27,Tariq BENSLIMANE,TECH-027,8,Oujda,CRITIQUE,FERME,2026-05-03T11:13:27.754412,2026-05-03T11:24:27.754412,2026-05-03T16:22:27.754412,324,11.74,3.2,COMPLETE,2026-05-03T12:06:27.754412,2026-05-03T12:18:27.754412,2026-05-03T17:42:27.754412,True,13:00,14:00,,[],TECHNICIEN,"[{""statut"": ""ASSIGNE"", ""timestamp"": ""2026-05-03T11:13:27.754412""}, {""statut"": ""EN_ROUTE"", ""timestamp"": ""2026-05-03T11:24:27.754412""}, {""statut"": ""SUR_SITE"", ""timestamp"": ""2026-05-03T12:06:27.754412""}, {""statut"": ""EN_COURS"", ""timestamp"": ""2026-05-03T12:18:27.754412""}, {""statut"": ""PAUSE"", ""timestamp"": ""2026-05-03T14:18:27.754412""}, {""statut"": ""EN_COURS"", ""timestamp"": ""2026-05-03T15:18:27.754412""}, {""statut"": ""COMPLETE"", ""timestamp"": ""2026-05-03T17:42:27.754412""}]"
230,TKT-00230,262,INC-202602-0262,8,Nadia FILALI,TECH-008,6,Agadir,MINEUR,FERME,2026-02-11T15:30:19.754412,2026-02-11T15:43:19.754412,2026-02-11T16:44:19.754412,99,2.83,3.4,COMPLETE,2026-02-11T16:14:19.754412,2026-02-11T16:25:19.754412,2026-02-11T18:04:19.754412,False,,,,[],ADMIN,"[{""statut"": ""ASSIGNE"", ""timestamp"": ""2026-02-11T15:30:19.754412""}, {""statut"": ""EN_ROUTE"", ""timestamp"": ""2026-02-11T15:43:19.754412""}, {""statut"": ""SUR_SITE"", ""timestamp"": ""2026-02-11T16:14:19.754412""}, {""statut"": ""EN_COURS"", ""timestamp"": ""2026-02-11T16:25:19.754412""}, {""statut"": ""COMPLETE"", ""timestamp"": ""2026-02-11T18:04:19.754412""}]"
231,TKT-00231,263,INC-202603-0263,11,Mehdi MOUSSAOUI,TECH-011,1,Grand Casablanca,MINEUR,FERME,2026-03-10T10:42:52.754412,2026-03-10T10:47:52.754412,2026-03-10T11:36:52.754412,79,23.54,4.8,COMPLETE,2026-03-10T11:14:52.754412,2026-03-10T11:28:52.754412,2026-03-10T12:47:52.754412,False,,,,"[""Dependance fournisseur externe""]",ADMIN,"[{""statut"": ""ASSIGNE"", ""timestamp"": ""2026-03-10T10:42:52.754412""}, {""statut"": ""EN_ROUTE"", ""timestamp"": ""2026-03-10T10:47:52.754412""}, {""statut"": ""SUR_SITE"", ""timestamp"": ""2026-03-10T11:14:52.754412""}, {""statut"": ""EN_COURS"", ""timestamp"": ""2026-03-10T11:28:52.754412""}, {""statut"": ""COMPLETE"", ""timestamp"": ""2026-03-10T12:47:52.754412""}]"
232,TKT-00232,264,INC-202602-0264,20,Meriem BOUAYAD,TECH-020,4,Fès,MINEUR,RESOLU,2026-02-04T01:22:46.754412,2026-02-04T01:25:46.754412,2026-02-04T04:09:46.754412,177,21.17,2.7,COMPLETE,2026-02-04T01:36:46.754412,2026-02-04T01:43:46.754412,2026-02-04T04:40:46.754412,True,13:00,14:00,,"[""Coordination avec equipe reseau requise"", ""Zone a acces restreint""]",TECHNICIEN,"[{""statut"": ""ASSIGNE"", ""timestamp"": ""2026-02-04T01:22:46.754412""}, {""statut"": ""EN_ROUTE"", ""timestamp"": ""2026-02-04T01:25:46.754412""}, {""statut"": ""SUR_SITE"", ""timestamp"": ""2026-02-04T01:36:46.754412""}, {""statut"": ""EN_COURS"", ""timestamp"": ""2026-02-04T01:43:46.754412""}, {""statut"": ""PAUSE"", ""timestamp"": ""2026-02-04T03:43:46.754412""}, {""statut"": ""EN_COURS"", ""timestamp"": ""2026-02-04T04:43:46.754412""}, {""statut"": ""COMPLETE"", ""timestamp"": ""2026-02-04T04:40:46.754412""}]"
233,TKT-00233,265,INC-202512-0265,30,Yasmine JADID,TECH-030,7,Meknès,MINEUR,EN_COURS,2025-12-12T18:00:01.754412,2025-12-12T18:02:01.754412,,,23.07,,EN_ROUTE,2025-12-12T18:16:01.754412,2025-12-12T18:28:01.754412,,False,,,,"[""Necessite coupure reseau planifiee""]",TECHNICIEN,"[{""statut"": ""ASSIGNE"", ""timestamp"": ""2025-12-12T18:00:01.754412""}, {""statut"": ""EN_ROUTE"", ""timestamp"": ""2025-12-12T18:02:01.754412""}, {""statut"": ""SUR_SITE"", ""timestamp"": ""2025-12-12T18:16:01.754412""}, {""statut"": ""EN_COURS"", ""timestamp"": ""2025-12-12T18:28:01.754412""}]"
234,TKT-00234,266,INC-202512-0266,10,Sara LAHLOU,TECH-010,5,Tanger,CRITIQUE,FERME,2025-12-07T00:37:28.754412,2025-12-07T00:47:28.754412,2025-12-07T05:37:28.754412,313,7.8,3.2,COMPLETE,2025-12-07T01:06:28.754412,2025-12-07T01:12:28.754412,2025-12-07T06:25:28.754412,True,13:00,14:00,,"[""Manque d outillage specifique""]",TECHNICIEN,"[{""statut"": ""ASSIGNE"", ""timestamp"": ""2025-12-07T00:37:28.754412""}, {""statut"": ""EN_ROUTE"", ""timestamp"": ""2025-12-07T00:47:28.754412""}, {""statut"": ""SUR_SITE"", ""timestamp"": ""2025-12-07T01:06:28.754412""}, {""statut"": ""EN_COURS"", ""timestamp"": ""2025-12-07T01:12:28.754412""}, {""statut"": ""PAUSE"", ""timestamp"": ""2025-12-07T03:12:28.754412""}, {""statut"": ""EN_COURS"", ""timestamp"": ""2025-12-07T04:12:28.754412""}, {""statut"": ""COMPLETE"", ""timestamp"": ""2025-12-07T06:25:28.754412""}]"
235,TKT-00235,267,INC-202601-0267,17,Ayoub BELKADI,TECH-017,7,Meknès,CRITIQUE,EN_COURS,2026-01-10T23:29:15.754412,2026-01-10T23:43:15.754412,,,27.5,,EN_ROUTE,2026-01-11T00:03:15.754412,2026-01-11T00:08:15.754412,,True,13:00,14:00,,"[""Intervention nocturne requise""]",ADMIN,"[{""statut"": ""ASSIGNE"", ""timestamp"": ""2026-01-10T23:29:15.754412""}, {""statut"": ""EN_ROUTE"", ""timestamp"": ""2026-01-10T23:43:15.754412""}, {""statut"": ""SUR_SITE"", ""timestamp"": ""2026-01-11T00:03:15.754412""}, {""statut"": ""EN_COURS"", ""timestamp"": ""2026-01-11T00:08:15.754412""}, {""statut"": ""PAUSE"", ""timestamp"": ""2026-01-11T02:08:15.754412""}, {""statut"": ""EN_COURS"", ""timestamp"": ""2026-01-11T03:08:15.754412""}]"
236,TKT-00236,268,INC-202605-0268,16,Houda KETTANI,TECH-016,5,Tanger,CRITIQUE,FERME,2026-05-14T16:56:10.754412,2026-05-14T17:11:10.754412,2026-05-14T21:39:10.754412,305,29.1,4.2,COMPLETE,2026-05-14T17:38:10.754412,2026-05-14T17:51:10.754412,2026-05-14T22:56:10.754412,True,13:00,14:00,,[],TECHNICIEN,"[{""statut"": ""ASSIGNE"", ""timestamp"": ""2026-05-14T16:56:10.754412""}, {""statut"": ""EN_ROUTE"", ""timestamp"": ""2026-05-14T17:11:10.754412""}, {""statut"": ""SUR_SITE"", ""timestamp"": ""2026-05-14T17:38:10.754412""}, {""statut"": ""EN_COURS"", ""timestamp"": ""2026-05-14T17:51:10.754412""}, {""statut"": ""PAUSE"", ""timestamp"": ""2026-05-14T19:51:10.754412""}, {""statut"": ""EN_COURS"", ""timestamp"": ""2026-05-14T20:51:10.754412""}, {""statut"": ""COMPLETE"", ""timestamp"": ""2026-05-14T22:56:10.754412""}]"
237,TKT-00237,269,INC-202605-0269,26,Rim TAHIRI,TECH-026,4,Fès,MINEUR,EN_COURS,2026-05-12T10:06:49.754412,2026-05-12T10:14:49.754412,,,13.53,,EN_COURS,2026-05-12T10:51:49.754412,2026-05-12T11:04:49.754412,,True,13:00,14:00,,"[""Manque d outillage specifique"", ""Acces difficile (hauteur / espace confine)""]",ADMIN,"[{""statut"": ""ASSIGNE"", ""timestamp"": ""2026-05-12T10:06:49.754412""}, {""statut"": ""EN_ROUTE"", ""timestamp"": ""2026-05-12T10:14:49.754412""}, {""statut"": ""SUR_SITE"", ""timestamp"": ""2026-05-12T10:51:49.754412""}, {""statut"": ""EN_COURS"", ""timestamp"": ""2026-05-12T11:04:49.754412""}, {""statut"": ""PAUSE"", ""timestamp"": ""2026-05-12T13:04:49.754412""}, {""statut"": ""EN_COURS"", ""timestamp"": ""2026-05-12T14:04:49.754412""}]"
238,TKT-00238,270,INC-202604-0270,27,Tariq BENSLIMANE,TECH-027,8,Oujda,MINEUR,RESOLU,2026-04-25T04:00:02.754412,2026-04-25T04:03:02.754412,2026-04-25T06:28:02.754412,161,10.64,3.7,COMPLETE,2026-04-25T04:32:02.754412,2026-04-25T04:37:02.754412,2026-04-25T07:18:02.754412,True,13:00,14:00,,"[""Intervention nocturne requise"", ""Manque d outillage specifique""]",TECHNICIEN,"[{""statut"": ""ASSIGNE"", ""timestamp"": ""2026-04-25T04:00:02.754412""}, {""statut"": ""EN_ROUTE"", ""timestamp"": ""2026-04-25T04:03:02.754412""}, {""statut"": ""SUR_SITE"", ""timestamp"": ""2026-04-25T04:32:02.754412""}, {""statut"": ""EN_COURS"", ""timestamp"": ""2026-04-25T04:37:02.754412""}, {""statut"": ""PAUSE"", ""timestamp"": ""2026-04-25T06:37:02.754412""}, {""statut"": ""EN_COURS"", ""timestamp"": ""2026-04-25T07:37:02.754412""}, {""statut"": ""COMPLETE"", ""timestamp"": ""2026-04-25T07:18:02.754412""}]"
239,TKT-00239,272,INC-202603-0272,27,Tariq BENSLIMANE,TECH-027,8,Oujda,MINEUR,FERME,2026-03-19T03:50:31.754412,2026-03-19T03:58:31.754412,2026-03-19T05:13:31.754412,112,7.32,2.5,COMPLETE,2026-03-19T04:27:31.754412,2026-03-19T04:32:31.754412,2026-03-19T06:24:31.754412,False,,,,"[""Necessite coupure reseau planifiee""]",ADMIN,"[{""statut"": ""ASSIGNE"", ""timestamp"": ""2026-03-19T03:50:31.754412""}, {""statut"": ""EN_ROUTE"", ""timestamp"": ""2026-03-19T03:58:31.754412""}, {""statut"": ""SUR_SITE"", ""timestamp"": ""2026-03-19T04:27:31.754412""}, {""statut"": ""EN_COURS"", ""timestamp"": ""2026-03-19T04:32:31.754412""}, {""statut"": ""COMPLETE"", ""timestamp"": ""2026-03-19T06:24:31.754412""}]"
240,TKT-00240,273,INC-202512-0273,3,Mohammed OUALI,TECH-003,2,Rabat-Salé,CRITIQUE,FERME,2025-12-18T07:31:21.754412,2025-12-18T07:46:21.754412,2025-12-18T14:55:21.754412,462,5.32,4.3,COMPLETE,2025-12-18T08:31:21.754412,2025-12-18T08:42:21.754412,2025-12-18T16:24:21.754412,True,13:00,14:00,,[],ADMIN,"[{""statut"": ""ASSIGNE"", ""timestamp"": ""2025-12-18T07:31:21.754412""}, {""statut"": ""EN_ROUTE"", ""timestamp"": ""2025-12-18T07:46:21.754412""}, {""statut"": ""SUR_SITE"", ""timestamp"": ""2025-12-18T08:31:21.754412""}, {""statut"": ""EN_COURS"", ""timestamp"": ""2025-12-18T08:42:21.754412""}, {""statut"": ""PAUSE"", ""timestamp"": ""2025-12-18T10:42:21.754412""}, {""statut"": ""EN_COURS"", ""timestamp"": ""2025-12-18T11:42:21.754412""}, {""statut"": ""COMPLETE"", ""timestamp"": ""2025-12-18T16:24:21.754412""}]"
241,TKT-00241,274,INC-202605-0274,9,Karim BENSOUDA,TECH-009,10,Tétouan,CRITIQUE,RESOLU,2026-05-16T11:33:38.754412,2026-05-16T11:38:38.754412,2026-05-16T18:43:38.754412,442,24.32,4.2,COMPLETE,2026-05-16T11:53:38.754412,2026-05-16T12:04:38.754412,2026-05-16T19:26:38.754412,True,13:00,14:00,,"[""Intervention nocturne requise"", ""Necessite coupure reseau planifiee""]",ADMIN,"[{""statut"": ""ASSIGNE"", ""timestamp"": ""2026-05-16T11:33:38.754412""}, {""statut"": ""EN_ROUTE"", ""timestamp"": ""2026-05-16T11:38:38.754412""}, {""statut"": ""SUR_SITE"", ""timestamp"": ""2026-05-16T11:53:38.754412""}, {""statut"": ""EN_COURS"", ""timestamp"": ""2026-05-16T12:04:38.754412""}, {""statut"": ""PAUSE"", ""timestamp"": ""2026-05-16T14:04:38.754412""}, {""statut"": ""EN_COURS"", ""timestamp"": ""2026-05-16T15:04:38.754412""}, {""statut"": ""COMPLETE"", ""timestamp"": ""2026-05-16T19:26:38.754412""}]"
242,TKT-00242,275,INC-202512-0275,29,Reda DOUKKALI,TECH-029,9,Kenitra,MAJEUR,RESOLU,2025-12-05T15:55:12.754412,2025-12-05T16:00:12.754412,2025-12-05T17:20:12.754412,115,4.53,2.8,COMPLETE,2025-12-05T16:36:12.754412,2025-12-05T16:44:12.754412,2025-12-05T18:39:12.754412,False,,,,[],ADMIN,"[{""statut"": ""ASSIGNE"", ""timestamp"": ""2025-12-05T15:55:12.754412""}, {""statut"": ""EN_ROUTE"", ""timestamp"": ""2025-12-05T16:00:12.754412""}, {""statut"": ""SUR_SITE"", ""timestamp"": ""2025-12-05T16:36:12.754412""}, {""statut"": ""EN_COURS"", ""timestamp"": ""2025-12-05T16:44:12.754412""}, {""statut"": ""COMPLETE"", ""timestamp"": ""2025-12-05T18:39:12.754412""}]"
243,TKT-00243,276,INC-202604-0276,29,Reda DOUKKALI,TECH-029,9,Kenitra,MINEUR,FERME,2026-04-02T20:27:19.754412,2026-04-02T20:32:19.754412,2026-04-02T22:29:19.754412,141,4.99,4.9,COMPLETE,2026-04-02T21:13:19.754412,2026-04-02T21:21:19.754412,2026-04-02T23:42:19.754412,True,13:00,14:00,,[],TECHNICIEN,"[{""statut"": ""ASSIGNE"", ""timestamp"": ""2026-04-02T20:27:19.754412""}, {""statut"": ""EN_ROUTE"", ""timestamp"": ""2026-04-02T20:32:19.754412""}, {""statut"": ""SUR_SITE"", ""timestamp"": ""2026-04-02T21:13:19.754412""}, {""statut"": ""EN_COURS"", ""timestamp"": ""2026-04-02T21:21:19.754412""}, {""statut"": ""PAUSE"", ""timestamp"": ""2026-04-02T23:21:19.754412""}, {""statut"": ""EN_COURS"", ""timestamp"": ""2026-04-03T00:21:19.754412""}, {""statut"": ""COMPLETE"", ""timestamp"": ""2026-04-02T23:42:19.754412""}]"
244,TKT-00244,277,INC-202512-0277,3,Mohammed OUALI,TECH-003,2,Rabat-Salé,MINEUR,FERME,2025-12-06T22:15:59.754412,2025-12-06T22:20:59.754412,2025-12-06T23:07:59.754412,60,3.16,2.5,COMPLETE,2025-12-06T22:47:59.754412,2025-12-06T22:54:59.754412,2025-12-06T23:54:59.754412,False,,,,"[""Acces difficile (hauteur / espace confine)"", ""Manque d outillage specifique""]",TECHNICIEN,"[{""statut"": ""ASSIGNE"", ""timestamp"": ""2025-12-06T22:15:59.754412""}, {""statut"": ""EN_ROUTE"", ""timestamp"": ""2025-12-06T22:20:59.754412""}, {""statut"": ""SUR_SITE"", ""timestamp"": ""2025-12-06T22:47:59.754412""}, {""statut"": ""EN_COURS"", ""timestamp"": ""2025-12-06T22:54:59.754412""}, {""statut"": ""COMPLETE"", ""timestamp"": ""2025-12-06T23:54:59.754412""}]"
245,TKT-00245,279,INC-202601-0279,23,Adil REGRAGUI,TECH-023,9,Kenitra,MAJEUR,FERME,2026-01-28T13:10:59.754412,2026-01-28T13:15:59.754412,2026-01-28T13:41:59.754412,49,10.24,4.6,COMPLETE,2026-01-28T13:56:59.754412,2026-01-28T14:06:59.754412,2026-01-28T14:55:59.754412,False,,,,"[""Intervention nocturne requise"", ""Acces difficile (hauteur / espace confine)""]",TECHNICIEN,"[{""statut"": ""ASSIGNE"", ""timestamp"": ""2026-01-28T13:10:59.754412""}, {""statut"": ""EN_ROUTE"", ""timestamp"": ""2026-01-28T13:15:59.754412""}, {""statut"": ""SUR_SITE"", ""timestamp"": ""2026-01-28T13:56:59.754412""}, {""statut"": ""EN_COURS"", ""timestamp"": ""2026-01-28T14:06:59.754412""}, {""statut"": ""COMPLETE"", ""timestamp"": ""2026-01-28T14:55:59.754412""}]"
246,TKT-00246,280,INC-202605-0280,12,Hajar ALAMI,TECH-012,9,Kenitra,CRITIQUE,FERME,2026-05-29T12:53:08.754412,2026-05-29T13:06:08.754412,2026-05-29T18:11:08.754412,331,6.17,4.6,COMPLETE,2026-05-29T13:41:08.754412,2026-05-29T13:47:08.754412,2026-05-29T19:18:08.754412,True,13:00,14:00,,[],ADMIN,"[{""statut"": ""ASSIGNE"", ""timestamp"": ""2026-05-29T12:53:08.754412""}, {""statut"": ""EN_ROUTE"", ""timestamp"": ""2026-05-29T13:06:08.754412""}, {""statut"": ""SUR_SITE"", ""timestamp"": ""2026-05-29T13:41:08.754412""}, {""statut"": ""EN_COURS"", ""timestamp"": ""2026-05-29T13:47:08.754412""}, {""statut"": ""PAUSE"", ""timestamp"": ""2026-05-29T15:47:08.754412""}, {""statut"": ""EN_COURS"", ""timestamp"": ""2026-05-29T16:47:08.754412""}, {""statut"": ""COMPLETE"", ""timestamp"": ""2026-05-29T19:18:08.754412""}]"
247,TKT-00247,281,INC-202601-0281,2,Fatima ELHASSANI,TECH-002,3,Marrakech,MAJEUR,FERME,2026-01-19T15:56:50.754412,2026-01-19T16:09:50.754412,2026-01-19T17:37:50.754412,109,22.26,2.6,COMPLETE,2026-01-19T16:34:50.754412,2026-01-19T16:45:50.754412,2026-01-19T18:34:50.754412,False,,,,[],ADMIN,"[{""statut"": ""ASSIGNE"", ""timestamp"": ""2026-01-19T15:56:50.754412""}, {""statut"": ""EN_ROUTE"", ""timestamp"": ""2026-01-19T16:09:50.754412""}, {""statut"": ""SUR_SITE"", ""timestamp"": ""2026-01-19T16:34:50.754412""}, {""statut"": ""EN_COURS"", ""timestamp"": ""2026-01-19T16:45:50.754412""}, {""statut"": ""COMPLETE"", ""timestamp"": ""2026-01-19T18:34:50.754412""}]"
248,TKT-00248,282,INC-202601-0282,25,Ilyas IDRISSI,TECH-025,10,Tétouan,MAJEUR,RESOLU,2026-01-24T19:07:28.754412,2026-01-24T19:09:28.754412,2026-01-24T21:04:28.754412,146,20.6,3.3,COMPLETE,2026-01-24T19:52:28.754412,2026-01-24T20:07:28.754412,2026-01-24T22:33:28.754412,True,13:00,14:00,,"[""Dependance fournisseur externe""]",ADMIN,"[{""statut"": ""ASSIGNE"", ""timestamp"": ""2026-01-24T19:07:28.754412""}, {""statut"": ""EN_ROUTE"", ""timestamp"": ""2026-01-24T19:09:28.754412""}, {""statut"": ""SUR_SITE"", ""timestamp"": ""2026-01-24T19:52:28.754412""}, {""statut"": ""EN_COURS"", ""timestamp"": ""2026-01-24T20:07:28.754412""}, {""statut"": ""PAUSE"", ""timestamp"": ""2026-01-24T22:07:28.754412""}, {""statut"": ""EN_COURS"", ""timestamp"": ""2026-01-24T23:07:28.754412""}, {""statut"": ""COMPLETE"", ""timestamp"": ""2026-01-24T22:33:28.754412""}]"
249,TKT-00249,283,INC-202603-0283,11,Mehdi MOUSSAOUI,TECH-011,1,Grand Casablanca,MINEUR,RESOLU,2026-03-03T00:19:08.754412,2026-03-03T00:31:08.754412,2026-03-03T00:45:08.754412,51,19.34,3.0,COMPLETE,2026-03-03T00:43:08.754412,2026-03-03T00:56:08.754412,2026-03-03T01:47:08.754412,False,,,,"[""Dependance fournisseur externe""]",TECHNICIEN,"[{""statut"": ""ASSIGNE"", ""timestamp"": ""2026-03-03T00:19:08.754412""}, {""statut"": ""EN_ROUTE"", ""timestamp"": ""2026-03-03T00:31:08.754412""}, {""statut"": ""SUR_SITE"", ""timestamp"": ""2026-03-03T00:43:08.754412""}, {""statut"": ""EN_COURS"", ""timestamp"": ""2026-03-03T00:56:08.754412""}, {""statut"": ""COMPLETE"", ""timestamp"": ""2026-03-03T01:47:08.754412""}]"
250,TKT-00250,284,INC-202605-0284,11,Mehdi MOUSSAOUI,TECH-011,1,Grand Casablanca,CRITIQUE,EN_COURS,2026-05-13T16:00:00.754412,2026-05-13T16:04:00.754412,,,4.03,,EN_ROUTE,2026-05-13T16:41:00.754412,2026-05-13T16:51:00.754412,,False,,,,"[""Necessite coupure reseau planifiee""]",TECHNICIEN,"[{""statut"": ""ASSIGNE"", ""timestamp"": ""2026-05-13T16:00:00.754412""}, {""statut"": ""EN_ROUTE"", ""timestamp"": ""2026-05-13T16:04:00.754412""}, {""statut"": ""SUR_SITE"", ""timestamp"": ""2026-05-13T16:41:00.754412""}, {""statut"": ""EN_COURS"", ""timestamp"": ""2026-05-13T16:51:00.754412""}]"
251,TKT-00251,285,INC-202605-0285,6,Zineb TAZI,TECH-006,7,Meknès,MAJEUR,RESOLU,2026-05-19T12:30:32.754412,2026-05-19T12:40:32.754412,2026-05-19T16:10:32.754412,226,3.14,2.9,COMPLETE,2026-05-19T13:20:32.754412,2026-05-19T13:34:32.754412,2026-05-19T17:20:32.754412,True,13:00,14:00,,"[""Intervention nocturne requise""]",TECHNICIEN,"[{""statut"": ""ASSIGNE"", ""timestamp"": ""2026-05-19T12:30:32.754412""}, {""statut"": ""EN_ROUTE"", ""timestamp"": ""2026-05-19T12:40:32.754412""}, {""statut"": ""SUR_SITE"", ""timestamp"": ""2026-05-19T13:20:32.754412""}, {""statut"": ""EN_COURS"", ""timestamp"": ""2026-05-19T13:34:32.754412""}, {""statut"": ""PAUSE"", ""timestamp"": ""2026-05-19T15:34:32.754412""}, {""statut"": ""EN_COURS"", ""timestamp"": ""2026-05-19T16:34:32.754412""}, {""statut"": ""COMPLETE"", ""timestamp"": ""2026-05-19T17:20:32.754412""}]"
252,TKT-00252,289,INC-202605-0289,11,Mehdi MOUSSAOUI,TECH-011,1,Grand Casablanca,MINEUR,FERME,2026-05-19T11:41:09.754412,2026-05-19T11:52:09.754412,2026-05-19T11:44:09.754412,32,16.32,2.8,COMPLETE,2026-05-19T12:05:09.754412,2026-05-19T12:10:09.754412,2026-05-19T12:42:09.754412,False,,,,"[""Manque d outillage specifique"", ""Zone a acces restreint""]",ADMIN,"[{""statut"": ""ASSIGNE"", ""timestamp"": ""2026-05-19T11:41:09.754412""}, {""statut"": ""EN_ROUTE"", ""timestamp"": ""2026-05-19T11:52:09.754412""}, {""statut"": ""SUR_SITE"", ""timestamp"": ""2026-05-19T12:05:09.754412""}, {""statut"": ""EN_COURS"", ""timestamp"": ""2026-05-19T12:10:09.754412""}, {""statut"": ""COMPLETE"", ""timestamp"": ""2026-05-19T12:42:09.754412""}]"
253,TKT-00253,290,INC-202605-0290,10,Sara LAHLOU,TECH-010,5,Tanger,CRITIQUE,EN_COURS,2026-05-27T21:18:15.754412,2026-05-27T21:27:15.754412,,,14.82,,INCOMPLET,2026-05-27T21:59:15.754412,2026-05-27T22:11:15.754412,,True,13:00,14:00,Competence specialisee requise - escalade niveau 2,"[""Manque d outillage specifique"", ""Coordination avec equipe reseau requise""]",ADMIN,"[{""statut"": ""ASSIGNE"", ""timestamp"": ""2026-05-27T21:18:15.754412""}, {""statut"": ""EN_ROUTE"", ""timestamp"": ""2026-05-27T21:27:15.754412""}, {""statut"": ""SUR_SITE"", ""timestamp"": ""2026-05-27T21:59:15.754412""}, {""statut"": ""EN_COURS"", ""timestamp"": ""2026-05-27T22:11:15.754412""}, {""statut"": ""PAUSE"", ""timestamp"": ""2026-05-28T00:11:15.754412""}, {""statut"": ""EN_COURS"", ""timestamp"": ""2026-05-28T01:11:15.754412""}, {""statut"": ""INCOMPLET"", ""timestamp"": ""2026-05-27T22:46:15.754412"", ""cause"": ""Competence specialisee requise - escalade niveau 2""}]"
254,TKT-00254,291,INC-202606-0291,24,Ghita BENMOUSSA,TECH-024,7,Meknès,MINEUR,EN_COURS,2026-06-01T08:04:43.754412,2026-06-01T08:16:43.754412,,,26.1,,SUR_SITE,2026-06-01T08:57:43.754412,2026-06-01T09:05:43.754412,,False,,,,"[""Dependance fournisseur externe"", ""Coordination avec equipe reseau requise""]",TECHNICIEN,"[{""statut"": ""ASSIGNE"", ""timestamp"": ""2026-06-01T08:04:43.754412""}, {""statut"": ""EN_ROUTE"", ""timestamp"": ""2026-06-01T08:16:43.754412""}, {""statut"": ""SUR_SITE"", ""timestamp"": ""2026-06-01T08:57:43.754412""}, {""statut"": ""EN_COURS"", ""timestamp"": ""2026-06-01T09:05:43.754412""}]"
255,TKT-00255,292,INC-202603-0292,18,Loubna NACIRI,TECH-018,4,Fès,MAJEUR,FERME,2026-03-23T07:18:50.754412,2026-03-23T07:21:50.754412,2026-03-23T07:50:50.754412,53,0.52,4.1,COMPLETE,2026-03-23T07:59:50.754412,2026-03-23T08:08:50.754412,2026-03-23T09:01:50.754412,False,,,,"[""Coordination avec equipe reseau requise"", ""Dependance fournisseur externe""]",ADMIN,"[{""statut"": ""ASSIGNE"", ""timestamp"": ""2026-03-23T07:18:50.754412""}, {""statut"": ""EN_ROUTE"", ""timestamp"": ""2026-03-23T07:21:50.754412""}, {""statut"": ""SUR_SITE"", ""timestamp"": ""2026-03-23T07:59:50.754412""}, {""statut"": ""EN_COURS"", ""timestamp"": ""2026-03-23T08:08:50.754412""}, {""statut"": ""COMPLETE"", ""timestamp"": ""2026-03-23T09:01:50.754412""}]"
256,TKT-00256,294,INC-202604-0294,8,Nadia FILALI,TECH-008,6,Agadir,MINEUR,RESOLU,2026-04-21T06:22:37.754412,2026-04-21T06:32:37.754412,2026-04-21T07:37:37.754412,80,2.37,4.9,COMPLETE,2026-04-21T07:05:37.754412,2026-04-21T07:19:37.754412,2026-04-21T08:39:37.754412,False,,,,"[""Zone a acces restreint""]",ADMIN,"[{""statut"": ""ASSIGNE"", ""timestamp"": ""2026-04-21T06:22:37.754412""}, {""statut"": ""EN_ROUTE"", ""timestamp"": ""2026-04-21T06:32:37.754412""}, {""statut"": ""SUR_SITE"", ""timestamp"": ""2026-04-21T07:05:37.754412""}, {""statut"": ""EN_COURS"", ""timestamp"": ""2026-04-21T07:19:37.754412""}, {""statut"": ""COMPLETE"", ""timestamp"": ""2026-04-21T08:39:37.754412""}]"
257,TKT-00257,295,INC-202603-0295,10,Sara LAHLOU,TECH-010,5,Tanger,MAJEUR,EN_COURS,2026-03-23T09:24:12.754412,2026-03-23T09:35:12.754412,,,10.0,,SUR_SITE,2026-03-23T10:16:12.754412,2026-03-23T10:29:12.754412,,False,,,,"[""Zone a acces restreint""]",TECHNICIEN,"[{""statut"": ""ASSIGNE"", ""timestamp"": ""2026-03-23T09:24:12.754412""}, {""statut"": ""EN_ROUTE"", ""timestamp"": ""2026-03-23T09:35:12.754412""}, {""statut"": ""SUR_SITE"", ""timestamp"": ""2026-03-23T10:16:12.754412""}, {""statut"": ""EN_COURS"", ""timestamp"": ""2026-03-23T10:29:12.754412""}]"
258,TKT-00258,296,INC-202603-0296,4,Amina CHRAIBI,TECH-004,8,Oujda,CRITIQUE,RESOLU,2026-03-18T20:07:16.754412,2026-03-18T20:21:16.754412,2026-03-19T02:50:16.754412,409,3.66,3.0,COMPLETE,2026-03-18T20:39:16.754412,2026-03-18T20:46:16.754412,2026-03-19T03:35:16.754412,True,13:00,14:00,,[],TECHNICIEN,"[{""statut"": ""ASSIGNE"", ""timestamp"": ""2026-03-18T20:07:16.754412""}, {""statut"": ""EN_ROUTE"", ""timestamp"": ""2026-03-18T20:21:16.754412""}, {""statut"": ""SUR_SITE"", ""timestamp"": ""2026-03-18T20:39:16.754412""}, {""statut"": ""EN_COURS"", ""timestamp"": ""2026-03-18T20:46:16.754412""}, {""statut"": ""PAUSE"", ""timestamp"": ""2026-03-18T22:46:16.754412""}, {""statut"": ""EN_COURS"", ""timestamp"": ""2026-03-18T23:46:16.754412""}, {""statut"": ""COMPLETE"", ""timestamp"": ""2026-03-19T03:35:16.754412""}]"
259,TKT-00259,297,INC-202604-0297,19,Omar FASSI,TECH-019,2,Rabat-Salé,MINEUR,FERME,2026-04-16T17:39:15.754412,2026-04-16T17:53:15.754412,2026-04-16T17:54:15.754412,40,17.91,2.6,COMPLETE,2026-04-16T18:27:15.754412,2026-04-16T18:42:15.754412,2026-04-16T19:22:15.754412,False,,,,"[""Necessite coupure reseau planifiee"", ""Zone a acces restreint""]",TECHNICIEN,"[{""statut"": ""ASSIGNE"", ""timestamp"": ""2026-04-16T17:39:15.754412""}, {""statut"": ""EN_ROUTE"", ""timestamp"": ""2026-04-16T17:53:15.754412""}, {""statut"": ""SUR_SITE"", ""timestamp"": ""2026-04-16T18:27:15.754412""}, {""statut"": ""EN_COURS"", ""timestamp"": ""2026-04-16T18:42:15.754412""}, {""statut"": ""COMPLETE"", ""timestamp"": ""2026-04-16T19:22:15.754412""}]"
260,TKT-00260,299,INC-202605-0299,29,Reda DOUKKALI,TECH-029,9,Kenitra,MAJEUR,EN_COURS,2026-05-02T05:05:37.754412,2026-05-02T05:07:37.754412,,,19.35,,PAUSE,2026-05-02T05:17:37.754412,2026-05-02T05:25:37.754412,,False,,,,"[""Intervention nocturne requise""]",ADMIN,"[{""statut"": ""ASSIGNE"", ""timestamp"": ""2026-05-02T05:05:37.754412""}, {""statut"": ""EN_ROUTE"", ""timestamp"": ""2026-05-02T05:07:37.754412""}, {""statut"": ""SUR_SITE"", ""timestamp"": ""2026-05-02T05:17:37.754412""}, {""statut"": ""EN_COURS"", ""timestamp"": ""2026-05-02T05:25:37.754412""}]"
261,TKT-00261,300,INC-202602-0300,27,Tariq BENSLIMANE,TECH-027,8,Oujda,CRITIQUE,FERME,2026-02-05T06:06:35.754412,2026-02-05T06:19:35.754412,2026-02-05T10:05:35.754412,255,2.58,3.3,COMPLETE,2026-02-05T06:32:35.754412,2026-02-05T06:46:35.754412,2026-02-05T11:01:35.754412,True,13:00,14:00,,"[""Acces difficile (hauteur / espace confine)"", ""Zone a acces restreint""]",TECHNICIEN,"[{""statut"": ""ASSIGNE"", ""timestamp"": ""2026-02-05T06:06:35.754412""}, {""statut"": ""EN_ROUTE"", ""timestamp"": ""2026-02-05T06:19:35.754412""}, {""statut"": ""SUR_SITE"", ""timestamp"": ""2026-02-05T06:32:35.754412""}, {""statut"": ""EN_COURS"", ""timestamp"": ""2026-02-05T06:46:35.754412""}, {""statut"": ""PAUSE"", ""timestamp"": ""2026-02-05T08:46:35.754412""}, {""statut"": ""EN_COURS"", ""timestamp"": ""2026-02-05T09:46:35.754412""}, {""statut"": ""COMPLETE"", ""timestamp"": ""2026-02-05T11:01:35.754412""}]"
